
CH32V307-FreeRTOS.elf:     file format elf32-littleriscv
CH32V307-FreeRTOS.elf
architecture: riscv:rv32, flags 0x00000112:
EXEC_P, HAS_SYMS, D_PAGED
start address 0x00000000

Program Header:
    LOAD off    0x00001000 vaddr 0x00000000 paddr 0x00000000 align 2**12
         filesz 0x0000e518 memsz 0x0000e518 flags r-x
    LOAD off    0x00010000 vaddr 0x20000000 paddr 0x0000e518 align 2**12
         filesz 0x000000d0 memsz 0x0000a0cc flags rw-
    LOAD off    0x00010800 vaddr 0x2000f800 paddr 0x2000f800 align 2**12
         filesz 0x00000000 memsz 0x00000800 flags rw-

Sections:
Idx Name          Size      VMA       LMA       File off  Algn
  0 .init         00000004  00000000  00000000  00001000  2**1
                  CONTENTS, ALLOC, LOAD, READONLY, CODE
  1 .vector       000001bc  00000004  00000004  00001004  2**1
                  CONTENTS, ALLOC, LOAD, READONLY, CODE
  2 .text         0000e318  00000200  00000200  00001200  2**8
                  CONTENTS, ALLOC, LOAD, READONLY, CODE
  3 .fini         00000000  0000e518  0000e518  000100d0  2**0
                  CONTENTS, ALLOC, LOAD, CODE
  4 .dalign       00000000  20000000  20000000  000100d0  2**0
                  CONTENTS
  5 .dlalign      00000000  0000e518  0000e518  000100d0  2**0
                  CONTENTS
  6 .data         000000d0  20000000  0000e518  00010000  2**2
                  CONTENTS, ALLOC, LOAD, DATA
  7 .bss          00009ffc  200000d0  0000e5e8  000100d0  2**2
                  ALLOC
  8 .stack        00000800  2000f800  2000f800  00010800  2**0
                  ALLOC
  9 .debug_info   000464b9  00000000  00000000  000100d0  2**0
                  CONTENTS, READONLY, DEBUGGING
 10 .debug_abbrev 00009c3a  00000000  00000000  00056589  2**0
                  CONTENTS, READONLY, DEBUGGING
 11 .debug_aranges 00001840  00000000  00000000  000601c8  2**3
                  CONTENTS, READONLY, DEBUGGING
 12 .debug_ranges 000029d0  00000000  00000000  00061a08  2**3
                  CONTENTS, READONLY, DEBUGGING
 13 .debug_line   00036db9  00000000  00000000  000643d8  2**0
                  CONTENTS, READONLY, DEBUGGING
 14 .debug_str    0000865b  00000000  00000000  0009b191  2**0
                  CONTENTS, READONLY, DEBUGGING
 15 .comment      00000033  00000000  00000000  000a37ec  2**0
                  CONTENTS, READONLY
 16 .debug_frame  00005378  00000000  00000000  000a3820  2**2
                  CONTENTS, READONLY, DEBUGGING
 17 .debug_loc    00017b47  00000000  00000000  000a8b98  2**0
                  CONTENTS, READONLY, DEBUGGING
 18 .stab         00000084  00000000  00000000  000c06e0  2**2
                  CONTENTS, READONLY, DEBUGGING
 19 .stabstr      00000117  00000000  00000000  000c0764  2**0
                  CONTENTS, READONLY, DEBUGGING
SYMBOL TABLE:
00000000 l    d  .init	00000000 .init
00000004 l    d  .vector	00000000 .vector
00000200 l    d  .text	00000000 .text
0000e518 l    d  .fini	00000000 .fini
20000000 l    d  .dalign	00000000 .dalign
0000e518 l    d  .dlalign	00000000 .dlalign
20000000 l    d  .data	00000000 .data
200000d0 l    d  .bss	00000000 .bss
2000f800 l    d  .stack	00000000 .stack
00000000 l    d  .debug_info	00000000 .debug_info
00000000 l    d  .debug_abbrev	00000000 .debug_abbrev
00000000 l    d  .debug_aranges	00000000 .debug_aranges
00000000 l    d  .debug_ranges	00000000 .debug_ranges
00000000 l    d  .debug_line	00000000 .debug_line
00000000 l    d  .debug_str	00000000 .debug_str
00000000 l    d  .comment	00000000 .comment
00000000 l    d  .debug_frame	00000000 .debug_frame
00000000 l    d  .debug_loc	00000000 .debug_loc
00000000 l    d  .stab	00000000 .stab
00000000 l    d  .stabstr	00000000 .stabstr
00000000 l    df *ABS*	00000000 ./Startup/startup_ch32v30x_D8C.o
00000004 l       .vector	00000000 _vector_base
00000000 l    df *ABS*	00000000 ./FreeRTOS/portable/GCC/RISC-V/portASM.o
00000260 l       .text	00000000 processed_source
00000428 l       .text	00000000 chip_specific_stack_frame
00000000 l    df *ABS*	00000000 ch32v30x_it.c
00000000 l    df *ABS*	00000000 main.c
00000604 l     F .text	00000010 netconf_task
00000000 l    df *ABS*	00000000 system_ch32v30x.c
00000000 l    df *ABS*	00000000 ch32v30x_dbgmcu.c
00000000 l    df *ABS*	00000000 ch32v30x_eth.c
00000000 l    df *ABS*	00000000 ch32v30x_gpio.c
00000000 l    df *ABS*	00000000 ch32v30x_misc.c
00000000 l    df *ABS*	00000000 ch32v30x_rcc.c
20000010 l     O .data	00000010 APBAHBPrescTable
20000084 l     O .data	00000004 ADCPrescTable
00000000 l    df *ABS*	00000000 ch32v30x_usart.c
00000000 l    df *ABS*	00000000 sys_arch.c
00000000 l    df *ABS*	00000000 ethernetif.c
00001218 l     F .text	00000062 low_level_output
200000dc l     O .bss	00000004 eth_rx_semaphore
200000e0 l     O .bss	00000004 eth_tx_semaphore
00000000 l    df *ABS*	00000000 netconf.c
000013e8 l     F .text	00000062 lwip_netif_thread
0000144a l     F .text	0000000e localtime_timer_cb
20000254 l     O .bss	00000034 g_netif
200000e4 l     O .bss	00000004 g_gw
200000e8 l     O .bss	00000004 g_ip
200000ec l     O .bss	00000004 g_mask
00000000 l    df *ABS*	00000000 ethernet.c
00000000 l    df *ABS*	00000000 dhcp.c
000016e4 l     F .text	00000012 dhcp_set_state
000016f6 l     F .text	0000003e dhcp_option_trailer
00001734 l     F .text	00000030 dhcp_check
00001764 l     F .text	0000011c dhcp_bind
00001880 l     F .text	00000044 dhcp_option_short
000018c4 l     F .text	00000042 dhcp_option
00001906 l     F .text	0000001a dhcp_option_byte.part.2
00001920 l     F .text	00000064 dhcp_option_long
00001984 l     F .text	0000008a dhcp_handle_ack.isra.4
00001a0e l     F .text	00000046 dhcp_dec_pcb_refcount
00001a54 l     F .text	0000007e dhcp_inc_pcb_refcount
00001f74 l     F .text	000003e8 dhcp_recv
00001ad2 l     F .text	00000148 dhcp_create_msg
00001c1a l     F .text	00000152 dhcp_select
00001d6c l     F .text	00000112 dhcp_reboot
00001e7e l     F .text	000000f6 dhcp_discover
200000f0 l     O .bss	00000004 dhcp_pcb
200000f4 l     O .bss	00000001 dhcp_pcb_refcount
20000100 l     O .bss	00000004 xid.4487
200000b0 l     O .data	00000003 dhcp_discover_request_options
00000000 l    df *ABS*	00000000 etharp.c
000028fa l     F .text	00000084 etharp_free_entry
0000297e l     F .text	0000011e etharp_find_entry
00002a9c l     F .text	000000f8 etharp_raw
00002d8a l     F .text	00000094 etharp_output_to_arp_index
200002a8 l     O .bss	000000f0 arp_table
20000104 l     O .bss	00000001 etharp_cached_entry
00000000 l    df *ABS*	00000000 icmp.c
00000000 l    df *ABS*	00000000 ip4.c
000033ae l     F .text	00000030 ip4_input_accept
20000106 l     O .bss	00000002 ip_id
00000000 l    df *ABS*	00000000 ip4_addr.c
20000398 l     O .bss	00000010 str.3776
00000000 l    df *ABS*	00000000 def.c
00000000 l    df *ABS*	00000000 inet_chksum.c
00000000 l    df *ABS*	00000000 init.c
00000000 l    df *ABS*	00000000 mem.c
20000108 l     O .bss	00000004 lfree
2000010c l     O .bss	00000004 mem_mutex
20000110 l     O .bss	00000004 ram
20000114 l     O .bss	00000004 ram_end
00000000 l    df *ABS*	00000000 memp.c
00003f46 l     F .text	0000003a do_memp_malloc_pool.isra.0
20000118 l     O .bss	00000004 memp_tab_ARP_QUEUE
2000011c l     O .bss	00000004 memp_tab_NETBUF
20000120 l     O .bss	00000004 memp_tab_NETCONN
20000124 l     O .bss	00000004 memp_tab_PBUF
20000128 l     O .bss	00000004 memp_tab_PBUF_POOL
2000012c l     O .bss	00000004 memp_tab_SYS_TIMEOUT
20000130 l     O .bss	00000004 memp_tab_TCPIP_MSG_API
20000134 l     O .bss	00000004 memp_tab_TCPIP_MSG_INPKT
20000138 l     O .bss	00000004 memp_tab_TCP_PCB
2000013c l     O .bss	00000004 memp_tab_TCP_PCB_LISTEN
20000140 l     O .bss	00000004 memp_tab_TCP_SEG
20000144 l     O .bss	00000004 memp_tab_UDP_PCB
00000000 l    df *ABS*	00000000 netif.c
00004054 l     F .text	00000004 netif_null_output_ip4
00004058 l     F .text	00000042 netif_issue_reports
0000409a l     F .text	00000058 netif_do_set_ipaddr
20000150 l     O .bss	00000001 netif_num
00000000 l    df *ABS*	00000000 pbuf.c
00004338 l     F .text	0000002e pbuf_free_ooseq_callback
00004366 l     F .text	00000070 pbuf_add_header_impl
00000000 l    df *ABS*	00000000 tcp.c
00004aa2 l     F .text	0000006a tcp_close_shutdown_fin
00004f7a l     F .text	00000036 tcp_netif_ip_addr_changed_pcblist
00004ffe l     F .text	00000042 tcp_kill_state
000051a0 l     F .text	00000170 tcp_close_shutdown
0000d394 l     O .text	0000000d tcp_backoff
20000168 l     O .bss	00000001 tcp_timer
20000169 l     O .bss	00000001 tcp_timer_ctr
20000088 l     O .data	00000004 iss.4529
2000008c l     O .data	00000002 tcp_port
200000bc l     O .data	00000007 tcp_persist_backoff
00000000 l    df *ABS*	00000000 tcp_in.c
00005932 l     F .text	00000030 tcp_get_next_optbyte
00005962 l     F .text	000000c6 tcp_oos_insert_segment
00005a28 l     F .text	000000a6 tcp_parseopt
00005ace l     F .text	00000058 tcp_input_delayed_close
00005b26 l     F .text	000000c0 tcp_free_acked_segments.isra.2
00005be6 l     F .text	000009da tcp_receive
20003aa4 l     O .bss	00000014 inseg
20000170 l     O .bss	00000004 ackno
20000174 l     O .bss	00000001 flags
20000176 l     O .bss	00000002 recv_acked
20000178 l     O .bss	00000004 recv_data
2000017c l     O .bss	00000001 recv_flags
20000180 l     O .bss	00000004 seqno
20000188 l     O .bss	00000002 tcp_optidx
2000018c l     O .bss	00000004 tcphdr
20000190 l     O .bss	00000002 tcphdr_opt1len
20000194 l     O .bss	00000004 tcphdr_opt2
20000198 l     O .bss	00000002 tcphdr_optlen
2000019a l     O .bss	00000002 tcplen
00000000 l    df *ABS*	00000000 tcp_out.c
00007198 l     F .text	00000028 tcp_output_segment_busy
000071c0 l     F .text	0000012a tcp_create_segment
000072ea l     F .text	000000c0 tcp_output_alloc_header_common.constprop.12
000073aa l     F .text	0000003c tcp_output_alloc_header.constprop.11
000073e6 l     F .text	0000001e tcp_output_fill_options.isra.1.constprop.13
00007404 l     F .text	0000008e tcp_output_control_segment
00000000 l    df *ABS*	00000000 timeouts.c
00008098 l     F .text	0000006c sys_timeout_abs
00008104 l     F .text	00000038 lwip_cyclic_timer
0000813c l     F .text	0000003c tcpip_tcp_timer
2000019c l     O .bss	00000004 current_timeout_due_time
200001a0 l     O .bss	00000004 next_timeout
200001a4 l     O .bss	00000004 tcpip_tcp_timer_active
00000000 l    df *ABS*	00000000 udp.c
2000008e l     O .data	00000002 udp_port
00000000 l    df *ABS*	00000000 netifapi.c
00008814 l     F .text	00000024 netifapi_do_netif_add
00008838 l     F .text	0000001a netifapi_do_netif_common
00000000 l    df *ABS*	00000000 tcpip.c
000088a8 l     F .text	000000f8 tcpip_thread
200001b0 l     O .bss	00000004 tcpip_init_done
200001b4 l     O .bss	00000004 tcpip_init_done_arg
200001b8 l     O .bss	00000004 tcpip_mbox
00000000 l    df *ABS*	00000000 heap_4.c
00008b28 l     F .text	00000044 prvInsertBlockIntoFreeList
20003ab8 l     O .bss	00004000 ucHeap
200001bc l     O .bss	00000004 pxEnd
200001c0 l     O .bss	00000004 xBlockAllocatedBit
200001c4 l     O .bss	00000004 xFreeBytesRemaining
200001c8 l     O .bss	00000004 xMinimumEverFreeBytesRemaining
200001cc l     O .bss	00000004 xNumberOfSuccessfulAllocations
200001d0 l     O .bss	00000004 xNumberOfSuccessfulFrees
200001d4 l     O .bss	00000008 xStart
00000000 l    df *ABS*	00000000 port.c
20000090 l     O .data	00000004 uxCriticalNesting
00000000 l    df *ABS*	00000000 list.c
00000000 l    df *ABS*	00000000 queue.c
00008f46 l     F .text	0000001e prvIsQueueEmpty
00008f64 l     F .text	00000072 prvCopyDataToQueue
00008fd6 l     F .text	00000028 prvCopyDataFromQueue
00008ffe l     F .text	00000076 prvUnlockQueue
00000000 l    df *ABS*	00000000 tasks.c
00009a10 l     F .text	0000001c prvResetNextTaskUnblockTime
00009a2c l     F .text	00000092 prvAddCurrentTaskToDelayedList
00009abe l     F .text	0000004a prvIdleTask
20007af8 l     O .bss	0000012c pxReadyTasksLists
20007c24 l     O .bss	00000014 xDelayedTaskList1
20007c38 l     O .bss	00000014 xDelayedTaskList2
20007c4c l     O .bss	00000014 xPendingReadyList
20007c60 l     O .bss	00000014 xSuspendedTaskList
20007c74 l     O .bss	00000014 xTasksWaitingTermination
200001e0 l     O .bss	00000004 pxDelayedTaskList
200001e4 l     O .bss	00000004 pxOverflowDelayedTaskList
200001e8 l     O .bss	00000004 uxCurrentNumberOfTasks
200001ec l     O .bss	00000004 uxDeletedTasksWaitingCleanUp
200001f0 l     O .bss	00000004 uxSchedulerSuspended
200001f4 l     O .bss	00000004 uxTaskNumber
200001f8 l     O .bss	00000004 uxTopReadyPriority
200001fc l     O .bss	00000004 xIdleTaskHandle
20000200 l     O .bss	00000004 xNextTaskUnblockTime
20000204 l     O .bss	00000004 xNumOfOverflows
20000208 l     O .bss	00000004 xPendedTicks
2000020c l     O .bss	00000004 xSchedulerRunning
20000210 l     O .bss	00000004 xTickCount
20000214 l     O .bss	00000004 xYieldPending
00000000 l    df *ABS*	00000000 timers.c
0000a6ca l     F .text	0000005a prvCheckForValidListAndQueue
0000a724 l     F .text	0000003e prvInsertTimerInActiveList
0000a762 l     F .text	0000002a prvReloadTimer
0000a78c l     F .text	00000042 prvProcessExpiredTimer
0000a7ce l     F .text	00000028 prvSwitchTimerLists
0000a7f6 l     F .text	00000186 prvTimerTask
20007c88 l     O .bss	00000014 xActiveTimerList1
20007c9c l     O .bss	00000014 xActiveTimerList2
20000218 l     O .bss	00000004 pxCurrentTimerList
2000021c l     O .bss	00000004 pxOverflowTimerList
20000220 l     O .bss	00000004 xLastTime.6636
20000224 l     O .bss	00000004 xTimerQueue
20000228 l     O .bss	00000004 xTimerTaskHandle
00000000 l    df *ABS*	00000000 eth_driver_RMII.c
2000023c l     O .bss	00000004 link_poll_time
20000248 l     O .bss	00000001 phy_link_state
00000000 l    df *ABS*	00000000 debug.c
20000098 l     O .data	00000004 curbrk.5565
00000000 l    df *ABS*	00000000 memcmp.c
00000000 l    df *ABS*	00000000 memcpy.c
00000000 l    df *ABS*	00000000 printf.c
00000000 l    df *ABS*	00000000 puts.c
00000000 l    df *ABS*	00000000 rand.c
00000000 l    df *ABS*	00000000 wbuf.c
00000000 l    df *ABS*	00000000 wsetup.c
00000000 l    df *ABS*	00000000 fflush.c
00000000 l    df *ABS*	00000000 findfp.c
0000b59c l     F .text	00000066 std
00000000 l    df *ABS*	00000000 fwalk.c
00000000 l    df *ABS*	00000000 makebuf.c
00000000 l    df *ABS*	00000000 malloc.c
00000000 l    df *ABS*	00000000 nano-mallocr.c
00000000 l    df *ABS*	00000000 nano-mallocr.c
00000000 l    df *ABS*	00000000 nano-vfprintf.c
0000ba38 l     F .text	00000028 __sfputc_r
00000000 l    df *ABS*	00000000 nano-vfprintf_i.c
00000000 l    df *ABS*	00000000 sbrkr.c
00000000 l    df *ABS*	00000000 stdio.c
00000000 l    df *ABS*	00000000 writer.c
00000000 l    df *ABS*	00000000 closer.c
00000000 l    df *ABS*	00000000 fstatr.c
00000000 l    df *ABS*	00000000 isattyr.c
00000000 l    df *ABS*	00000000 lseekr.c
00000000 l    df *ABS*	00000000 memchr.c
00000000 l    df *ABS*	00000000 mlock.c
00000000 l    df *ABS*	00000000 readr.c
00000000 l    df *ABS*	00000000 close.c
00000000 l    df *ABS*	00000000 fstat.c
00000000 l    df *ABS*	00000000 isatty.c
00000000 l    df *ABS*	00000000 lseek.c
00000000 l    df *ABS*	00000000 read.c
00000000 l    df *ABS*	00000000 impure.c
20000020 l     O .data	00000060 impure_data
00000000 l    df *ABS*	00000000 ip.c
00000000 l    df *ABS*	00000000 reent.c
000008d0  w      .text	00000000 EXTI2_IRQHandler
000039bc g     F .text	00000014 inet_chksum
000008d0  w      .text	00000000 TIM8_TRG_COM_IRQHandler
000008d0  w      .text	00000000 TIM8_CC_IRQHandler
000046c0 g     F .text	0000009e pbuf_realloc
0000c24c g     F .text	00000030 _isatty_r
00004cb6 g     F .text	00000030 tcp_next_iss
0000b0ea g     F .text	000000d4 _puts_r
00004b52 g     F .text	0000007c tcp_update_rcv_ann_wnd
0000cd00 g     O .text	00000010 memp_NETBUF
00000afe g     F .text	00000010 ETH_FlushTransmitFIFO
0000c27c g     F .text	00000034 _lseek_r
00000e70 g     F .text	0000001e RCC_AHBPeriphResetCmd
2000014c g     O .bss	00000004 netif_list
000008d0  w      .text	00000000 UART8_IRQHandler
00004a6c g     F .text	00000036 pbuf_clone
000079d2 g     F .text	00000074 tcp_rst
00008e7a g     F .text	0000003e vPortExitCritical
00004fb0 g     F .text	0000004e tcp_netif_ip_addr_changed
0000a9d2 g     F .text	00000072 xTimerCreate
00002d04 g     F .text	00000022 etharp_request
0000b0aa g     F .text	00000040 printf
20000880 g       .data	00000000 __global_pointer$
0000264c g     F .text	0000009a dhcp_start
00003f80 g     F .text	00000024 memp_init_pool
000004e6 g     F .text	00000028 .hidden __riscv_save_8
000039b0 g     F .text	0000000c ip_chksum_pseudo
200000b4 g     O .data	00000004 ip_addr_any
000008d0  w      .text	00000000 TIM1_CC_IRQHandler
000038f6 g     F .text	000000ba inet_chksum_pseudo
0000235c g     F .text	00000052 dhcp_network_changed
0000c17e g     F .text	00000030 __sseek
0000b652 g     F .text	0000006c __sinit
0000878e g     F .text	00000040 udp_remove
0000b24e g     F .text	000000bc __swbuf_r
000005e8 g     F .text	0000001c HardFault_Handler
000099b4 g     F .text	0000005c vQueueWaitForMessageRestricted
00008562 g     F .text	0000013e udp_sendto_if_src
0000aac2 g     F .text	00000050 ETH_RecPeek
0000b60c g     F .text	00000046 __sfmoreglue
00003ff4 g     F .text	00000060 memp_free
0000c2ca g     F .text	00000002 __malloc_unlock
000044ac g     F .text	000000a2 pbuf_free
00000532 g     F .text	0000000c .hidden __riscv_restore_3
000008d0  w      .text	00000000 TIM6_IRQHandler
0000ac46 g     F .text	0000026c ETH_Init
00008e32 g     F .text	00000034 SysTick_Handler
0000cda0 g     O .text	00000010 memp_UDP_PCB
000047a6 g     F .text	0000004c pbuf_cat
0000ab40 g     F .text	00000038 ETH_SendFrame
000008d0  w      .text	00000000 PVD_IRQHandler
000008d0  w      .text	00000000 SDIO_IRQHandler
000008d0  w      .text	00000000 TIM9_BRK_IRQHandler
0000051e g     F .text	00000020 .hidden __riscv_restore_10
200001ac g     O .bss	00000004 lock_tcpip_core
000093c2 g     F .text	00000120 xQueueGenericSendFromISR
000008d0  w      .text	00000000 DMA2_Channel8_IRQHandler
000005e6 g     F .text	00000002 NMI_Handler
200003a8 g     O .bss	00000018 ip_data
00007f32 g     F .text	00000054 tcp_keepalive
000008d0  w      .text	00000000 CAN2_RX1_IRQHandler
000008d0  w      .text	00000000 EXTI3_IRQHandler
000004e6 g     F .text	00000028 .hidden __riscv_save_11
00002d26 g     F .text	00000064 etharp_tmr
00000964 g     F .text	0000000a DBGMCU_GetCHIPID
00005040 g     F .text	00000160 tcp_alloc
000086a0 g     F .text	0000006c udp_sendto_if
0000936e g     F .text	00000054 xQueueGiveMutexRecursive
20001c38 g     O .bss	00000063 memp_memory_NETBUF_base
200001dc g     O .bss	00000004 pxCurrentTCB
000008d0  w      .text	00000000 USBHS_IRQHandler
000081f8 g     F .text	00000044 sys_timeouts_init
20000158 g     O .bss	00000001 tcp_active_pcbs_changed
20000154 g     O .bss	00000004 tcp_active_pcbs
00000f48 g     F .text	0000000a USART_GetFlagStatus
000008d0  w      .text	00000000 DMA2_Channel9_IRQHandler
0000c21a g     F .text	00000032 _fstat_r
200001a8 g     O .bss	00000004 udp_pcbs
000008d0  w      .text	00000000 TIM10_CC_IRQHandler
2000a0c8 g     O .bss	00000004 errno
000015c2 g     F .text	000000b0 ethernet_input
200000d0 g       .bss	00000000 _sbss
00000800 g       *ABS*	00000000 __stack_size
00004770 g     F .text	00000036 pbuf_ref
0000af12 g     F .text	0000005a USART_Printf_Init
000010b4 g     F .text	0000006e sys_mbox_trypost
2000022c g     O .bss	00000004 ChipId
00005340 g     F .text	00000042 tcp_recv_null
00002b94 g     F .text	00000170 etharp_input
0000765e g     F .text	0000012e tcp_enqueue_flags
000008d0  w      .text	00000000 USBFS_IRQHandler
0000a38a g     F .text	0000000e vTaskInternalSetTimeOutState
00005310 g     F .text	00000030 tcp_close
000043d6 g     F .text	00000050 pbuf_alloc_reference
00004bce g     F .text	0000006e tcp_recved
00000532 g     F .text	0000000c .hidden __riscv_restore_2
00004d44 g     F .text	0000005a tcp_pcb_purge
20003420 g     O .bss	000000c3 memp_memory_TCPIP_MSG_INPKT_base
20001bd4 g     O .bss	00000063 memp_memory_ARP_QUEUE_base
0000e058 g     O .text	00000020 lwip_cyclic_timers
00008da6 g     F .text	0000008c xPortStartScheduler
0000096e g     F .text	00000012 ETH_DeInit
0000aff8 g     F .text	000000b2 memcpy
00003ac2 g     F .text	00000192 mem_free
0000a1fe g     F .text	00000042 vTaskPlaceOnEventList
20000164 g     O .bss	00000004 tcp_ticks
20000160 g     O .bss	00000004 tcp_listen_pcbs
00007f04 g     F .text	0000002e tcp_rexmit_rto
0000b602 g     F .text	0000000a _cleanup_r
00008d68  w    F .text	0000003e vPortSetupTimerInterrupt
200000d0 g     O .bss	00000004 DMARxDescToGet
00001458 g     F .text	0000016a LwIP_Init
0000cd90 g     O .text	00000010 memp_TCP_SEG
00004950 g     F .text	00000084 pbuf_copy_partial
00000f52 g     F .text	00000002 sys_init
0000cd70 g     O .text	00000010 memp_TCP_PCB
000008d0  w      .text	00000000 EXTI0_IRQHandler
000008d0  w      .text	00000000 I2C2_EV_IRQHandler
000008d0  w      .text	00000000 TIM10_TRG_COM_IRQHandler
200038ec g     O .bss	000000f3 memp_memory_TCP_SEG_base
000081ba g     F .text	0000003e sys_timeout
0000b1be g     F .text	0000000c puts
00008cd0 g     F .text	00000098 vPortFree
0000377c g     F .text	00000038 ip4_addr_isbroadcast_u32
20000080 g     O .data	00000004 SystemCoreClock
20010000 g       .stack	00000000 __freertos_irq_stack_top
0000cd10 g     O .text	00000010 memp_NETCONN
000039d0 g     F .text	00000064 inet_chksum_pbuf
000049d4 g     F .text	00000098 pbuf_take
0000973e g     F .text	000001b4 xQueueSemaphoreTake
0000b8b2 g     F .text	0000000a malloc
0000c310 g     F .text	00000010 _fstat
000030f2 g     F .text	000001e6 icmp_input
00000004 g       .init	00000000 _einit
00004154 g     F .text	00000124 netif_add
00000dde g     F .text	0000001e RCC_APB2PeriphClockCmd
00000f7c g     F .text	00000032 sys_mutex_new
000004de g     F .text	00000030 .hidden __riscv_save_12
00004c60 g     F .text	00000016 tcp_segs_free
00008ee0 g     F .text	00000018 vListInsertEnd
00007492 g     F .text	000001cc tcp_split_unsent_seg
000008d0  w      .text	00000000 CAN2_SCE_IRQHandler
000008d0  w      .text	00000000 ADC1_2_IRQHandler
00004d2a g     F .text	0000001a tcp_free_ooseq
00000b5c g     F .text	000000c0 GPIO_Init
000008d0  w      .text	00000000 Break_Point_Handler
00004ce6 g     F .text	00000044 tcp_eff_send_mss_netif
0000051e g     F .text	00000020 .hidden __riscv_restore_11
200000d8 g     O .bss	00000004 NVIC_Priority_Group
0000cd80 g     O .text	00000010 memp_TCP_PCB_LISTEN
000008d0  w      .text	00000000 SPI1_IRQHandler
00000f2a g     F .text	00000016 USART_Cmd
0000c0d8 g     F .text	00000032 _sbrk_r
0000050e g     F .text	0000000c .hidden __riscv_save_1
000008d0  w      .text	00000000 TAMPER_IRQHandler
00007ece g     F .text	00000036 tcp_rexmit_rto_commit
00001122 g     F .text	0000009a sys_arch_mbox_fetch
00000532 g     F .text	0000000c .hidden __riscv_restore_0
0000c2cc g     F .text	00000034 _read_r
00008eda g     F .text	00000006 vListInitialiseItem
000004f4 g     F .text	0000001a .hidden __riscv_save_7
000095de g     F .text	00000160 xQueueReceive
000008d0  w      .text	00000000 CAN2_RX0_IRQHandler
20007ab8 g     O .bss	00000040 xQueueRegistry
00008ec0 g     F .text	00000006 vPortClearInterruptMask
00004f6c g     F .text	0000000e tcp_abort
00008852 g     F .text	00000038 netifapi_netif_add
20007d10 g     O .bss	000017d0 MACRxBuf
000008d0  w      .text	00000000 TIM8_UP_IRQHandler
20001d90 g     O .bss	000014a3 memp_memory_PBUF_POOL_base
20000240 g     O .bss	00000004 pDMARxSet
000008d0  w      .text	00000000 Ecall_M_Mode_Handler
0000127a g     F .text	00000078 ethernetif_sync_init
2000f800 g       .stack	00000000 _heap_end
0000c320 g     F .text	00000010 _isatty
200000c8 g     O .data	00000004 _global_impure_ptr
00000528 g     F .text	00000016 .hidden __riscv_restore_5
000008d0  w      .text	00000000 DMA2_Channel2_IRQHandler
00000dc0 g     F .text	0000001e RCC_AHBPeriphClockCmd
000008d0  w      .text	00000000 DMA1_Channel4_IRQHandler
00001672 g     F .text	00000072 ethernet_output
0000afaa g     F .text	0000002a _sbrk
0000492e g     F .text	00000022 pbuf_copy
000078ae g     F .text	000000b0 tcp_rexmit
00008b6c g     F .text	00000164 pvPortMalloc
200000d4 g     O .bss	00000004 DMATxDescToSet
00000a2a g     F .text	00000014 ETH_MACTransmissionCmd
00004282 g     F .text	00000030 netif_set_up
00008ec6 g     F .text	00000014 vListInitialise
2000339c g     O .bss	00000083 memp_memory_TCPIP_MSG_API_base
000008d0  w      .text	00000000 TIM9_UP_IRQHandler
0000d4ac g     O .text	00000010 tcp_pcb_lists
00008aaa g     F .text	0000007e tcpip_init
0000cd50 g     O .text	00000010 memp_TCPIP_MSG_API
00000528 g     F .text	00000016 .hidden __riscv_restore_6
000008d0  w      .text	00000000 USART3_IRQHandler
00009e2c g     F .text	00000006 xTaskGetTickCount
000091a0 g     F .text	000001a0 xQueueGenericSend
000008d0  w      .text	00000000 RTC_IRQHandler
0000cd40 g     O .text	00000010 memp_SYS_TIMEOUT
2000a0cc g       .bss	00000000 _ebss
000008d0  w      .text	00000000 DMA1_Channel7_IRQHandler
00004314 g     F .text	00000024 netif_get_by_index
00004434 g     F .text	0000005c pbuf_remove_header
000008d0  w      .text	00000000 CAN1_RX1_IRQHandler
0000a51a g     F .text	000000be xTaskPriorityDisinherit
00003a52 g     F .text	00000070 mem_init
00000af6 g     F .text	00000008 ETH_DMAClearITPendingBit
000008d0  w      .text	00000000 DVP_IRQHandler
000008d0  w      .text	00000000 UART5_IRQHandler
00000dfc g     F .text	0000002e RCC_GetFlagStatus
20000238 g     O .bss	00000002 gPHYAddress
0000778c g     F .text	00000074 tcp_send_fin
00007aac g     F .text	00000422 tcp_output
00003c54 g     F .text	00000188 mem_trim
0000a2b0 g     F .text	000000da xTaskRemoveFromEventList
000008d0  w      .text	00000000 TIM4_IRQHandler
20000184 g     O .bss	00000004 tcp_input_pcb
00007a46 g     F .text	00000066 tcp_send_empty_ack
000004e6 g     F .text	00000028 .hidden __riscv_save_9
0000795e g     F .text	00000074 tcp_rexmit_fast
000008d0  w      .text	00000000 DMA2_Channel1_IRQHandler
00000b3e g     F .text	0000001e ETH_DMAITConfig
00000ae8 g     F .text	0000000e ETH_SoftwareReset
0000e47c g     O .text	00000020 __sf_fake_stderr
000004f4 g     F .text	0000001a .hidden __riscv_save_4
00004278 g     F .text	0000000a netif_set_default
000009d8 g     F .text	00000052 ETH_WritePHYRegister
00008772 g     F .text	0000001c udp_recv
000008d0  w      .text	00000000 I2C1_EV_IRQHandler
200000c4 g     O .data	00000004 xISRStackTop
00009cea g     F .text	000000b8 vTaskDelete
0000454e g     F .text	00000172 pbuf_alloc
000042b2 g     F .text	00000038 netif_set_link_up
00000c1c g     F .text	00000024 GPIO_ETH_MediaInterfaceConfig
00000c4a g     F .text	00000176 RCC_GetClocksFreq
0000a6b2 g     F .text	00000018 pvTaskIncrementMutexHeldCount
0000ab8c g     F .text	000000ba WCHNET_HandlePhyNegotiation
0000cd20 g     O .text	00000010 memp_PBUF
000008d0  w      .text	00000000 DMA1_Channel6_IRQHandler
0000ba60 g     F .text	00000042 __sfputs_r
0000ab78 g     F .text	00000014 ETH_EnableMacFilter
000008d0  w      .text	00000000 UART4_IRQHandler
000008d0  w      .text	00000000 DMA2_Channel4_IRQHandler
0000c2b0 g     F .text	00000018 memchr
200000b8 g     O .data	00000004 ip_addr_broadcast
00000e8e g     F .text	0000009c USART_Init
0000a398 g     F .text	000000ba xTaskCheckForTimeOut
00000f62 g     F .text	0000000e sys_arch_protect
0000b8bc g     F .text	000000a8 _free_r
0000a474 g     F .text	000000a6 xTaskPriorityInherit
000008d0  w      .text	00000000 TIM3_IRQHandler
000008d0  w      .text	00000000 RCC_IRQHandler
20007cf0 g     O .bss	00000020 DMATxDscrTab
0000050e g     F .text	0000000c .hidden __riscv_save_3
0000870c g     F .text	00000066 udp_connect
000008d0  w      .text	00000000 TIM1_TRG_COM_IRQHandler
000008d0  w      .text	00000000 DMA1_Channel1_IRQHandler
000040f4 g     F .text	00000060 netif_set_addr
000023ae g     F .text	000000b4 dhcp_arp_reply
0000ab2c g     F .text	00000014 ETH_GetTxBuf
00000000 g       .init	00000000 _start
000008d0  w      .text	00000000 DMA2_Channel7_IRQHandler
00009e20 g     F .text	0000000c vTaskSuspendAll
20000000 g     O .data	00000010 AHBPrescTable
0000b1ca g     F .text	00000084 rand
0000c330 g     F .text	00000010 _lseek
00004b24 g     F .text	0000002e tcp_free
00003fc2 g     F .text	00000032 memp_malloc
00007f86 g     F .text	00000112 tcp_zero_window_probe
200000f8 g     O .bss	00000008 dhcp_rx_options_given
00002868 g     F .text	00000092 dhcp_fine_tmr
00008f26 g     F .text	00000020 uxListRemove
000008d0  w      .text	00000000 EXTI15_10_IRQHandler
00008a26 g     F .text	0000005a tcpip_try_callback
20003234 g     O .bss	000000a3 memp_memory_PBUF_base
00004426 g     F .text	0000000e pbuf_add_header
00003860 g     F .text	0000000e lwip_htons
00004806 g     F .text	00000128 pbuf_copy_partial_pbuf
00003760 g     F .text	0000001c ip4_output_if
20000230 g     O .bss	00000001 LinkSta
2000015c g     O .bss	00000004 tcp_bound_pcbs
00004c3c g     F .text	00000024 tcp_seg_free
0000a156 g     F .text	000000a8 vTaskSwitchContext
0000a240 g     F .text	00000070 vTaskPlaceOnEventListRestricted
200034e4 g     O .bss	00000043 memp_memory_TCP_PCB_LISTEN_base
000008d0  w      .text	00000000 TIM7_IRQHandler
00004b0c g     F .text	00000018 tcp_init
0000c1ea g     F .text	00000030 _close_r
00003ddc g     F .text	0000016a mem_malloc
0000ab12 g     F .text	0000001a ETH_RecFree
000008d0  w      .text	00000000 CAN2_TX_IRQHandler
20000000 g       .dalign	00000000 _data_vma
000008d0  w      .text	00000000 TIM5_IRQHandler
0000afd4 g     F .text	00000024 memcmp
00000a98 g     F .text	00000050 ETH_DMARxDescChainInit
000042ea g     F .text	0000002a netif_set_link_down
00002462 g     F .text	000000f0 dhcp_renew
0000aa44 g     F .text	00000072 xTimerGenericCommand
0000b30a g     F .text	000000fc __swsetup_r
00000980 g     F .text	00000058 ETH_ReadPHYRegister
00000614 g     F .text	00000012 vApplicationStackOverflowHook
000008d0  w      .text	00000000 EXTI9_5_IRQHandler
0000b6be g     F .text	000000a0 __sfp
000033de g     F .text	00000062 ip4_route
000004e6 g     F .text	00000028 .hidden __riscv_save_10
0000c10a g     F .text	0000002c __sread
00000e2a g     F .text	00000010 RCC_PREDIV2Config
000008d0  w      .text	00000000 ETH_WKUP_IRQHandler
0000c2c8 g     F .text	00000002 __malloc_lock
00000528 g     F .text	00000016 .hidden __riscv_restore_4
000098f2 g     F .text	00000058 xQueueTakeMutexRecursive
0000051e g     F .text	00000020 .hidden __riscv_restore_8
0000b536 g     F .text	00000066 _fflush_r
000004f4 g     F .text	0000001a .hidden __riscv_save_6
000008d0  w      .text	00000000 SPI2_IRQHandler
0000e49c g     O .text	00000020 __sf_fake_stdin
00001064 g     F .text	00000050 sys_mbox_new
0000053e g     F .text	000000a8 memset
0000051e g     F .text	00000020 .hidden __riscv_restore_9
0000cd30 g     O .text	00000010 memp_PBUF_POOL
00000528 g     F .text	00000016 .hidden __riscv_restore_7
00000626 g     F .text	00000084 main
20000234 g     O .bss	00000004 LocalTime
000008d0  w      .text	00000000 TIM10_BRK_IRQHandler
0000362c g     F .text	00000134 ip4_output_if_src
00004490 g     F .text	0000001c pbuf_header_force
000008d0  w      .text	00000000 TIM9_CC_IRQHandler
00008ef8 g     F .text	0000002e vListInsert
000032d8 g     F .text	000000d6 icmp_dest_unreach
0000c1ae g     F .text	00000006 __sclose
000008d0  w      .text	00000000 DMA2_Channel5_IRQHandler
0000386e g     F .text	00000024 lwip_htonl
0000a97c g     F .text	00000056 xTimerCreateTimerTask
0000b964 g     F .text	000000d4 _malloc_r
00001346 g     F .text	00000058 ethernetif_input
00003892 g     F .text	00000064 lwip_standard_chksum
000008d0  w      .text	00000000 DMA1_Channel5_IRQHandler
0000a45a g     F .text	00000006 xTaskGetCurrentTaskHandle
200039e0 g     O .bss	000000c3 memp_memory_UDP_PCB_base
000008d0  w      .text	00000000 EXTI4_IRQHandler
00009134 g     F .text	0000006c xQueueGenericCreate
000008d0  w      .text	00000000 USB_LP_CAN1_RX0_IRQHandler
20000151 g     O .bss	00000001 pbuf_free_ooseq_pending
000084b2 g     F .text	000000b0 udp_bind
0000590c g     F .text	00000026 tcp_tmr
00002e1e g     F .text	00000198 etharp_query
000082b8 g     F .text	00000024 sys_timeouts_sleeptime
00003a34 g     F .text	0000001e lwip_init
00008a80 g     F .text	0000002a tcpip_api_call
000011bc g     F .text	0000005c sys_thread_new
000089a0 g     F .text	00000060 tcpip_inpkt
00002fb6 g     F .text	0000013c etharp_output
000006aa g     F .text	000000f8 SystemInit
000008d0  w      .text	00000000 RNG_IRQHandler
20007cb0 g     O .bss	00000040 DMARxDscrTab
000087f0 g     F .text	00000024 udp_netif_ip_addr_changed
00007186 g     F .text	00000012 tcp_trigger_input_pcb_close
0000b0aa g     F .text	00000040 iprintf
00009fb0 g     F .text	00000146 xTaskResumeAll
20000094 g     O .data	00000004 uxTopUsedPriority
000008d0  w      .text	00000000 USB_HP_CAN1_TX_IRQHandler
00008eb8 g     F .text	00000008 xPortSetInterruptMask
00009da2 g     F .text	0000007e vTaskStartScheduler
0000475e g     F .text	00000012 pbuf_clen
00000000 g       .init	00000000 _sinit
0000c1b4 g     F .text	00000036 _write_r
00000300 g       .text	00000000 xPortStartFirstTask
000008d0  w      .text	00000000 DMA1_Channel3_IRQHandler
0000100a g     F .text	0000005a sys_mutex_unlock
000012f2 g     F .text	0000002a ethernetif_rx_signal
0000aeb2 g     F .text	00000060 ETH_IRQHandler
0000bd2a g     F .text	0000010c _printf_common
00000fae g     F .text	0000005c sys_mutex_lock
2000009c g     O .data	00000004 _impure_ptr
000008d0  w      .text	00000000 TIM1_UP_IRQHandler
0000548a g     F .text	00000482 tcp_slowtmr
0000b406 g     F .text	00000130 __sflush_r
000008d0  w      .text	00000000 WWDG_IRQHandler
000008d0  w      .text	00000000 USBHSWakeup_IRQHandler
000008d0  w      .text	00000000 DMA2_Channel11_IRQHandler
00000b0e g     F .text	00000030 ETH_Start
000008d0  w      .text	00000000 Ecall_U_Mode_Handler
0000a452 g     F .text	00000008 vTaskMissedYield
0000139e g     F .text	0000004a ethernetif_init
000008d0  w      .text	00000000 DMA2_Channel6_IRQHandler
000008d0  w      .text	00000000 TIM2_IRQHandler
20010000 g       .stack	00000000 _eusrstack
0000050e g     F .text	0000000c .hidden __riscv_save_2
00000200 g       .text	00000000 SW_Handler
0000994a g     F .text	0000006a vQueueAddToRegistry
200094e0 g     O .bss	00000be8 MACTxBuf
00009e32 g     F .text	0000017e xTaskIncrementTick
20000244 g     O .bss	00000004 pDMATxSet
00007800 g     F .text	000000ae tcp_rexmit_rto_prepare
00008a00 g     F .text	00000026 tcpip_input
000008d0  w      .text	00000000 TIM1_BRK_IRQHandler
0000b7c8 g     F .text	00000058 __swhatbuf_r
00000f40 g     F .text	00000008 USART_SendData
2000016c g     O .bss	00000004 tcp_tw_pcbs
000008d0  w      .text	00000000 DMA2_Channel10_IRQHandler
000008d0  w      .text	00000000 EXTI1_IRQHandler
0000131c g     F .text	0000002a ethernetif_tx_signal
00000f54 g     F .text	0000000e sys_now
20001c9c g     O .bss	000000f3 memp_memory_NETCONN_base
000082f4 g     F .text	000001be udp_input
000004f4 g     F .text	0000001a .hidden __riscv_save_5
00009074 g     F .text	000000c0 xQueueGenericReset
0000af6c g     F .text	0000003e _write
200000d0 g       .data	00000000 _edata
00002576 g     F .text	000000d6 dhcp_release_and_stop
0000384e g     F .text	00000012 ip4addr_ntoa
2000a0cc g       .bss	00000000 _end
000037b4 g     F .text	0000009a ip4addr_ntoa_r
000040f2 g     F .text	00000002 netif_init
000008d0  w      .text	00000000 RTCAlarm_IRQHandler
00009b08 g     F .text	000001e2 xTaskCreate
0000e518 g       .dlalign	00000000 _data_lma
000008d0  w      .text	00000000 TIM10_UP_IRQHandler
000008d0  w      .text	00000000 TIM9_TRG_COM_IRQHandler
000008d0  w      .text	00000000 UART7_IRQHandler
20000148 g     O .bss	00000004 netif_default
00004d9e g     F .text	000000dc tcp_pcb_remove
000008d0  w      .text	00000000 USART2_IRQHandler
000008d0  w      .text	00000000 UART6_IRQHandler
0000c136 g     F .text	00000048 __swrite
000047f2 g     F .text	00000014 pbuf_chain
00004e7a g     F .text	000000f2 tcp_abandon
0000baa2 g     F .text	00000288 _vfiprintf_r
00000a3e g     F .text	00000014 ETH_MACReceptionCmd
00008178 g     F .text	00000042 tcp_timer_needed
0000b75e g     F .text	0000006a _fwalk_reent
000007a2 g     F .text	0000012e SystemCoreClockUpdate
00003fa4 g     F .text	0000001e memp_init
00005402 g     F .text	00000088 tcp_fasttmr
00005382 g     F .text	00000080 tcp_process_refused_data
000008d0  w      .text	00000000 I2C2_ER_IRQHandler
0000a0f6 g     F .text	00000060 vTaskDelay
000008d0  w      .text	00000000 DMA1_Channel2_IRQHandler
00000f70 g     F .text	0000000c sys_arch_unprotect
20000288 g     O .bss	00000020 dhcp_rx_options_val
0000e4bc g     O .text	00000020 __sf_fake_stdout
00000e4c g     F .text	00000024 RCC_PLL3Cmd
0000ccf0 g     O .text	00000010 memp_ARP_QUEUE
0000051a g     F .text	00000024 .hidden __riscv_restore_12
000008d0  w      .text	00000000 TIM8_BRK_IRQHandler
0000a460 g     F .text	00000014 xTaskGetSchedulerState
20003528 g     O .bss	000003c3 memp_memory_TCP_PCB_base
0000a5d8 g     F .text	000000da vTaskPriorityDisinheritAfterTimeout
0000c340 g     F .text	00000010 _read
200032d8 g     O .bss	000000c3 memp_memory_SYS_TIMEOUT_base
000008d2  w      .text	00000000 handle_reset
000008d0  w      .text	00000000 CAN1_SCE_IRQHandler
000008d0  w      .text	00000000 FLASH_IRQHandler
0000050e g     F .text	0000000c .hidden __riscv_save_0
000026e6 g     F .text	00000182 dhcp_coarse_tmr
0000888a g     F .text	0000001e netifapi_netif_common
00004c76 g     F .text	00000040 tcp_seg_copy
000008d0  w      .text	00000000 USART1_IRQHandler
0000b820 g     F .text	00000092 __smakebuf_r
00000400 g       .text	00000000 pxPortInitialiseStack
0000be36 g     F .text	000002a2 _printf_i
000008d0  w      .text	00000000 SPI3_IRQHandler
000082dc g     F .text	00000018 udp_init
200003c0 g     O .bss	00001813 ram_heap
000087ce g     F .text	00000022 udp_new
20000250 g     O .bss	00000004 __malloc_sbrk_start
000008d0  w      .text	00000000 I2C1_ER_IRQHandler
200000a0 g     O .data	00000006 ethbroadcast
00000c40 g     F .text	0000000a NVIC_PriorityGroupConfig
0000aab6 g     F .text	0000000c WCHNET_TimeIsr
00008e66 g     F .text	00000014 vPortEnterCritical
2000024c g     O .bss	00000004 __malloc_free_list
00000532 g     F .text	0000000c .hidden __riscv_restore_1
0000baa2 g     F .text	00000288 _vfprintf_r
0000823c g     F .text	00000042 sys_untimeout
0000ce0c g     O .text	00000030 memp_pools
000065c0 g     F .text	00000bc6 tcp_input
00003440 g     F .text	000001ec ip4_input
00009340 g     F .text	0000002e xQueueCreateMutex
0000cd60 g     O .text	00000010 memp_TCPIP_MSG_INPKT
00002552 g     F .text	00000024 dhcp_supplied_address
200000a8 g     O .data	00000006 ethzero
000008d0  w      .text	00000000 USBWakeUp_IRQHandler
0000827e g     F .text	0000003a sys_check_timeouts
00000e3a g     F .text	00000012 RCC_PLL3Config
000094e2 g     F .text	000000fc xQueueGiveFromISR
0000c300 g     F .text	00000010 _close
000008d0  w      .text	00000000 DMA2_Channel3_IRQHandler
00000a52 g     F .text	00000046 ETH_DMATxDescChainInit



Disassembly of section .init:

00000000 <_sinit>:
   0:	0d30006f          	j	8d2 <handle_reset>

Disassembly of section .vector:

00000004 <_vector_base>:
	...
   c:	05e6                	slli	a1,a1,0x19
   e:	0000                	unimp
  10:	05e8                	addi	a0,sp,716
  12:	0000                	unimp
  14:	0000                	unimp
  16:	0000                	unimp
  18:	08d0                	addi	a2,sp,84
	...
  22:	0000                	unimp
  24:	08d0                	addi	a2,sp,84
  26:	0000                	unimp
  28:	08d0                	addi	a2,sp,84
	...
  32:	0000                	unimp
  34:	8e32                	mv	t3,a2
  36:	0000                	unimp
  38:	0000                	unimp
  3a:	0000                	unimp
  3c:	0200                	addi	s0,sp,256
  3e:	0000                	unimp
  40:	0000                	unimp
  42:	0000                	unimp
  44:	08d0                	addi	a2,sp,84
  46:	0000                	unimp
  48:	08d0                	addi	a2,sp,84
  4a:	0000                	unimp
  4c:	08d0                	addi	a2,sp,84
  4e:	0000                	unimp
  50:	08d0                	addi	a2,sp,84
  52:	0000                	unimp
  54:	08d0                	addi	a2,sp,84
  56:	0000                	unimp
  58:	08d0                	addi	a2,sp,84
  5a:	0000                	unimp
  5c:	08d0                	addi	a2,sp,84
  5e:	0000                	unimp
  60:	08d0                	addi	a2,sp,84
  62:	0000                	unimp
  64:	08d0                	addi	a2,sp,84
  66:	0000                	unimp
  68:	08d0                	addi	a2,sp,84
  6a:	0000                	unimp
  6c:	08d0                	addi	a2,sp,84
  6e:	0000                	unimp
  70:	08d0                	addi	a2,sp,84
  72:	0000                	unimp
  74:	08d0                	addi	a2,sp,84
  76:	0000                	unimp
  78:	08d0                	addi	a2,sp,84
  7a:	0000                	unimp
  7c:	08d0                	addi	a2,sp,84
  7e:	0000                	unimp
  80:	08d0                	addi	a2,sp,84
  82:	0000                	unimp
  84:	08d0                	addi	a2,sp,84
  86:	0000                	unimp
  88:	08d0                	addi	a2,sp,84
  8a:	0000                	unimp
  8c:	08d0                	addi	a2,sp,84
  8e:	0000                	unimp
  90:	08d0                	addi	a2,sp,84
  92:	0000                	unimp
  94:	08d0                	addi	a2,sp,84
  96:	0000                	unimp
  98:	08d0                	addi	a2,sp,84
  9a:	0000                	unimp
  9c:	08d0                	addi	a2,sp,84
  9e:	0000                	unimp
  a0:	08d0                	addi	a2,sp,84
  a2:	0000                	unimp
  a4:	08d0                	addi	a2,sp,84
  a6:	0000                	unimp
  a8:	08d0                	addi	a2,sp,84
  aa:	0000                	unimp
  ac:	08d0                	addi	a2,sp,84
  ae:	0000                	unimp
  b0:	08d0                	addi	a2,sp,84
  b2:	0000                	unimp
  b4:	08d0                	addi	a2,sp,84
  b6:	0000                	unimp
  b8:	08d0                	addi	a2,sp,84
  ba:	0000                	unimp
  bc:	08d0                	addi	a2,sp,84
  be:	0000                	unimp
  c0:	08d0                	addi	a2,sp,84
  c2:	0000                	unimp
  c4:	08d0                	addi	a2,sp,84
  c6:	0000                	unimp
  c8:	08d0                	addi	a2,sp,84
  ca:	0000                	unimp
  cc:	08d0                	addi	a2,sp,84
  ce:	0000                	unimp
  d0:	08d0                	addi	a2,sp,84
  d2:	0000                	unimp
  d4:	08d0                	addi	a2,sp,84
  d6:	0000                	unimp
  d8:	08d0                	addi	a2,sp,84
  da:	0000                	unimp
  dc:	08d0                	addi	a2,sp,84
  de:	0000                	unimp
  e0:	08d0                	addi	a2,sp,84
  e2:	0000                	unimp
  e4:	08d0                	addi	a2,sp,84
  e6:	0000                	unimp
  e8:	08d0                	addi	a2,sp,84
  ea:	0000                	unimp
  ec:	08d0                	addi	a2,sp,84
  ee:	0000                	unimp
  f0:	08d0                	addi	a2,sp,84
  f2:	0000                	unimp
  f4:	08d0                	addi	a2,sp,84
  f6:	0000                	unimp
  f8:	08d0                	addi	a2,sp,84
  fa:	0000                	unimp
  fc:	08d0                	addi	a2,sp,84
  fe:	0000                	unimp
 100:	08d0                	addi	a2,sp,84
 102:	0000                	unimp
 104:	0000                	unimp
 106:	0000                	unimp
 108:	08d0                	addi	a2,sp,84
 10a:	0000                	unimp
 10c:	08d0                	addi	a2,sp,84
 10e:	0000                	unimp
 110:	08d0                	addi	a2,sp,84
 112:	0000                	unimp
 114:	08d0                	addi	a2,sp,84
 116:	0000                	unimp
 118:	08d0                	addi	a2,sp,84
 11a:	0000                	unimp
 11c:	08d0                	addi	a2,sp,84
 11e:	0000                	unimp
 120:	08d0                	addi	a2,sp,84
 122:	0000                	unimp
 124:	08d0                	addi	a2,sp,84
 126:	0000                	unimp
 128:	08d0                	addi	a2,sp,84
 12a:	0000                	unimp
 12c:	08d0                	addi	a2,sp,84
 12e:	0000                	unimp
 130:	08d0                	addi	a2,sp,84
 132:	0000                	unimp
 134:	08d0                	addi	a2,sp,84
 136:	0000                	unimp
 138:	aeb2                	sh	a2,26(a3)
 13a:	0000                	unimp
 13c:	08d0                	addi	a2,sp,84
 13e:	0000                	unimp
 140:	08d0                	addi	a2,sp,84
 142:	0000                	unimp
 144:	08d0                	addi	a2,sp,84
 146:	0000                	unimp
 148:	08d0                	addi	a2,sp,84
 14a:	0000                	unimp
 14c:	08d0                	addi	a2,sp,84
 14e:	0000                	unimp
 150:	08d0                	addi	a2,sp,84
 152:	0000                	unimp
 154:	08d0                	addi	a2,sp,84
 156:	0000                	unimp
 158:	08d0                	addi	a2,sp,84
 15a:	0000                	unimp
 15c:	08d0                	addi	a2,sp,84
 15e:	0000                	unimp
 160:	08d0                	addi	a2,sp,84
 162:	0000                	unimp
 164:	08d0                	addi	a2,sp,84
 166:	0000                	unimp
 168:	08d0                	addi	a2,sp,84
 16a:	0000                	unimp
 16c:	08d0                	addi	a2,sp,84
 16e:	0000                	unimp
 170:	08d0                	addi	a2,sp,84
 172:	0000                	unimp
 174:	08d0                	addi	a2,sp,84
 176:	0000                	unimp
 178:	08d0                	addi	a2,sp,84
 17a:	0000                	unimp
 17c:	08d0                	addi	a2,sp,84
 17e:	0000                	unimp
 180:	08d0                	addi	a2,sp,84
 182:	0000                	unimp
 184:	08d0                	addi	a2,sp,84
 186:	0000                	unimp
 188:	08d0                	addi	a2,sp,84
 18a:	0000                	unimp
 18c:	08d0                	addi	a2,sp,84
 18e:	0000                	unimp
 190:	08d0                	addi	a2,sp,84
 192:	0000                	unimp
 194:	08d0                	addi	a2,sp,84
 196:	0000                	unimp
 198:	08d0                	addi	a2,sp,84
 19a:	0000                	unimp
 19c:	08d0                	addi	a2,sp,84
 19e:	0000                	unimp
 1a0:	08d0                	addi	a2,sp,84
	...

Disassembly of section .text:

00000200 <SW_Handler>:
     200:	f8810113          	addi	sp,sp,-120
     204:	c206                	sw	ra,4(sp)
     206:	c416                	sw	t0,8(sp)
     208:	c61a                	sw	t1,12(sp)
     20a:	c81e                	sw	t2,16(sp)
     20c:	ca22                	sw	s0,20(sp)
     20e:	cc26                	sw	s1,24(sp)
     210:	ce2a                	sw	a0,28(sp)
     212:	d02e                	sw	a1,32(sp)
     214:	d232                	sw	a2,36(sp)
     216:	d436                	sw	a3,40(sp)
     218:	d63a                	sw	a4,44(sp)
     21a:	d83e                	sw	a5,48(sp)
     21c:	da42                	sw	a6,52(sp)
     21e:	dc46                	sw	a7,56(sp)
     220:	de4a                	sw	s2,60(sp)
     222:	c0ce                	sw	s3,64(sp)
     224:	c2d2                	sw	s4,68(sp)
     226:	c4d6                	sw	s5,72(sp)
     228:	c6da                	sw	s6,76(sp)
     22a:	c8de                	sw	s7,80(sp)
     22c:	cae2                	sw	s8,84(sp)
     22e:	cce6                	sw	s9,88(sp)
     230:	ceea                	sw	s10,92(sp)
     232:	d0ee                	sw	s11,96(sp)
     234:	d2f2                	sw	t3,100(sp)
     236:	d4f6                	sw	t4,104(sp)
     238:	d6fa                	sw	t5,108(sp)
     23a:	d8fe                	sw	t6,112(sp)
     23c:	300022f3          	csrr	t0,mstatus
     240:	da96                	sw	t0,116(sp)
     242:	95c1a283          	lw	t0,-1700(gp) # 200001dc <pxCurrentTCB>
     246:	0022a023          	sw	sp,0(t0)
     24a:	341025f3          	csrr	a1,mepc
     24e:	c02e                	sw	a1,0(sp)
     250:	02000593          	li	a1,32
     254:	8045a073          	csrs	0x804,a1
     258:	8441a103          	lw	sp,-1980(gp) # 200000c4 <xISRStackTop>
     25c:	6fb090ef          	jal	ra,a156 <vTaskSwitchContext>

00000260 <processed_source>:
     260:	95c1a303          	lw	t1,-1700(gp) # 200001dc <pxCurrentTCB>
     264:	00032103          	lw	sp,0(t1)
     268:	4282                	lw	t0,0(sp)
     26a:	34129073          	csrw	mepc,t0
     26e:	52d6                	lw	t0,116(sp)
     270:	30029073          	csrw	mstatus,t0
     274:	4092                	lw	ra,4(sp)
     276:	42a2                	lw	t0,8(sp)
     278:	4332                	lw	t1,12(sp)
     27a:	43c2                	lw	t2,16(sp)
     27c:	4452                	lw	s0,20(sp)
     27e:	44e2                	lw	s1,24(sp)
     280:	4572                	lw	a0,28(sp)
     282:	5582                	lw	a1,32(sp)
     284:	5612                	lw	a2,36(sp)
     286:	56a2                	lw	a3,40(sp)
     288:	5732                	lw	a4,44(sp)
     28a:	57c2                	lw	a5,48(sp)
     28c:	5852                	lw	a6,52(sp)
     28e:	58e2                	lw	a7,56(sp)
     290:	5972                	lw	s2,60(sp)
     292:	4986                	lw	s3,64(sp)
     294:	4a16                	lw	s4,68(sp)
     296:	4aa6                	lw	s5,72(sp)
     298:	4b36                	lw	s6,76(sp)
     29a:	4bc6                	lw	s7,80(sp)
     29c:	4c56                	lw	s8,84(sp)
     29e:	4ce6                	lw	s9,88(sp)
     2a0:	4d76                	lw	s10,92(sp)
     2a2:	5d86                	lw	s11,96(sp)
     2a4:	5e16                	lw	t3,100(sp)
     2a6:	5ea6                	lw	t4,104(sp)
     2a8:	5f36                	lw	t5,108(sp)
     2aa:	5fc6                	lw	t6,112(sp)
     2ac:	07810113          	addi	sp,sp,120
     2b0:	30200073          	mret
     2b4:	00000013          	nop
     2b8:	00000013          	nop
     2bc:	00000013          	nop
     2c0:	00000013          	nop
     2c4:	00000013          	nop
     2c8:	00000013          	nop
     2cc:	00000013          	nop
     2d0:	00000013          	nop
     2d4:	00000013          	nop
     2d8:	00000013          	nop
     2dc:	00000013          	nop
     2e0:	00000013          	nop
     2e4:	00000013          	nop
     2e8:	00000013          	nop
     2ec:	00000013          	nop
     2f0:	00000013          	nop
     2f4:	00000013          	nop
     2f8:	00000013          	nop
     2fc:	00000013          	nop

00000300 <xPortStartFirstTask>:
     300:	8441a283          	lw	t0,-1980(gp) # 200000c4 <xISRStackTop>
     304:	e0028293          	addi	t0,t0,-512
     308:	34029073          	csrw	mscratch,t0
     30c:	95c1a103          	lw	sp,-1700(gp) # 200001dc <pxCurrentTCB>
     310:	4102                	lw	sp,0(sp)
     312:	4082                	lw	ra,0(sp)
     314:	4332                	lw	t1,12(sp)
     316:	43c2                	lw	t2,16(sp)
     318:	4452                	lw	s0,20(sp)
     31a:	44e2                	lw	s1,24(sp)
     31c:	4572                	lw	a0,28(sp)
     31e:	5582                	lw	a1,32(sp)
     320:	5612                	lw	a2,36(sp)
     322:	56a2                	lw	a3,40(sp)
     324:	5732                	lw	a4,44(sp)
     326:	57c2                	lw	a5,48(sp)
     328:	5852                	lw	a6,52(sp)
     32a:	58e2                	lw	a7,56(sp)
     32c:	5972                	lw	s2,60(sp)
     32e:	4986                	lw	s3,64(sp)
     330:	4a16                	lw	s4,68(sp)
     332:	4aa6                	lw	s5,72(sp)
     334:	4b36                	lw	s6,76(sp)
     336:	4bc6                	lw	s7,80(sp)
     338:	4c56                	lw	s8,84(sp)
     33a:	4ce6                	lw	s9,88(sp)
     33c:	4d76                	lw	s10,92(sp)
     33e:	5d86                	lw	s11,96(sp)
     340:	5e16                	lw	t3,100(sp)
     342:	5ea6                	lw	t4,104(sp)
     344:	5f36                	lw	t5,108(sp)
     346:	5fc6                	lw	t6,112(sp)
     348:	52d6                	lw	t0,116(sp)
     34a:	02a1                	addi	t0,t0,8
     34c:	30029073          	csrw	mstatus,t0
     350:	08800293          	li	t0,136
     354:	8002a073          	csrs	0x800,t0
     358:	42a2                	lw	t0,8(sp)
     35a:	07810113          	addi	sp,sp,120
     35e:	8082                	ret
     360:	00000013          	nop
     364:	00000013          	nop
     368:	00000013          	nop
     36c:	00000013          	nop
     370:	00000013          	nop
     374:	00000013          	nop
     378:	00000013          	nop
     37c:	00000013          	nop
     380:	00000013          	nop
     384:	00000013          	nop
     388:	00000013          	nop
     38c:	00000013          	nop
     390:	00000013          	nop
     394:	00000013          	nop
     398:	00000013          	nop
     39c:	00000013          	nop
     3a0:	00000013          	nop
     3a4:	00000013          	nop
     3a8:	00000013          	nop
     3ac:	00000013          	nop
     3b0:	00000013          	nop
     3b4:	00000013          	nop
     3b8:	00000013          	nop
     3bc:	00000013          	nop
     3c0:	00000013          	nop
     3c4:	00000013          	nop
     3c8:	00000013          	nop
     3cc:	00000013          	nop
     3d0:	00000013          	nop
     3d4:	00000013          	nop
     3d8:	00000013          	nop
     3dc:	00000013          	nop
     3e0:	00000013          	nop
     3e4:	00000013          	nop
     3e8:	00000013          	nop
     3ec:	00000013          	nop
     3f0:	00000013          	nop
     3f4:	00000013          	nop
     3f8:	00000013          	nop
     3fc:	00000013          	nop

00000400 <pxPortInitialiseStack>:
     400:	300022f3          	csrr	t0,mstatus
     404:	ff72f293          	andi	t0,t0,-9
     408:	78800313          	li	t1,1928
     40c:	0312                	slli	t1,t1,0x4
     40e:	0062e2b3          	or	t0,t0,t1
     412:	1571                	addi	a0,a0,-4
     414:	00552023          	sw	t0,0(a0)
     418:	fa850513          	addi	a0,a0,-88
     41c:	c110                	sw	a2,0(a0)
     41e:	1521                	addi	a0,a0,-24
     420:	00052023          	sw	zero,0(a0)
     424:	00000293          	li	t0,0

00000428 <chip_specific_stack_frame>:
     428:	00028763          	beqz	t0,436 <chip_specific_stack_frame+0xe>
     42c:	1571                	addi	a0,a0,-4
     42e:	00052023          	sw	zero,0(a0)
     432:	12fd                	addi	t0,t0,-1
     434:	bfd5                	j	428 <chip_specific_stack_frame>
     436:	1571                	addi	a0,a0,-4
     438:	c10c                	sw	a1,0(a0)
     43a:	8082                	ret
	...

000004de <__riscv_save_12>:
     4de:	7139                	addi	sp,sp,-64
     4e0:	4301                	li	t1,0
     4e2:	c66e                	sw	s11,12(sp)
     4e4:	a019                	j	4ea <__riscv_save_10+0x4>

000004e6 <__riscv_save_10>:
     4e6:	7139                	addi	sp,sp,-64
     4e8:	5341                	li	t1,-16
     4ea:	c86a                	sw	s10,16(sp)
     4ec:	ca66                	sw	s9,20(sp)
     4ee:	cc62                	sw	s8,24(sp)
     4f0:	ce5e                	sw	s7,28(sp)
     4f2:	a019                	j	4f8 <__riscv_save_4+0x4>

000004f4 <__riscv_save_4>:
     4f4:	7139                	addi	sp,sp,-64
     4f6:	5301                	li	t1,-32
     4f8:	d05a                	sw	s6,32(sp)
     4fa:	d256                	sw	s5,36(sp)
     4fc:	d452                	sw	s4,40(sp)
     4fe:	d64e                	sw	s3,44(sp)
     500:	d84a                	sw	s2,48(sp)
     502:	da26                	sw	s1,52(sp)
     504:	dc22                	sw	s0,56(sp)
     506:	de06                	sw	ra,60(sp)
     508:	40610133          	sub	sp,sp,t1
     50c:	8282                	jr	t0

0000050e <__riscv_save_0>:
     50e:	1141                	addi	sp,sp,-16
     510:	c04a                	sw	s2,0(sp)
     512:	c226                	sw	s1,4(sp)
     514:	c422                	sw	s0,8(sp)
     516:	c606                	sw	ra,12(sp)
     518:	8282                	jr	t0

0000051a <__riscv_restore_12>:
     51a:	4db2                	lw	s11,12(sp)
     51c:	0141                	addi	sp,sp,16

0000051e <__riscv_restore_10>:
     51e:	4d02                	lw	s10,0(sp)
     520:	4c92                	lw	s9,4(sp)
     522:	4c22                	lw	s8,8(sp)
     524:	4bb2                	lw	s7,12(sp)
     526:	0141                	addi	sp,sp,16

00000528 <__riscv_restore_4>:
     528:	4b02                	lw	s6,0(sp)
     52a:	4a92                	lw	s5,4(sp)
     52c:	4a22                	lw	s4,8(sp)
     52e:	49b2                	lw	s3,12(sp)
     530:	0141                	addi	sp,sp,16

00000532 <__riscv_restore_0>:
     532:	4902                	lw	s2,0(sp)
     534:	4492                	lw	s1,4(sp)
     536:	4422                	lw	s0,8(sp)
     538:	40b2                	lw	ra,12(sp)
     53a:	0141                	addi	sp,sp,16
     53c:	8082                	ret

0000053e <memset>:
     53e:	433d                	li	t1,15
     540:	872a                	mv	a4,a0
     542:	02c37363          	bgeu	t1,a2,568 <memset+0x2a>
     546:	00f77793          	andi	a5,a4,15
     54a:	efbd                	bnez	a5,5c8 <memset+0x8a>
     54c:	e5ad                	bnez	a1,5b6 <memset+0x78>
     54e:	ff067693          	andi	a3,a2,-16
     552:	8a3d                	andi	a2,a2,15
     554:	96ba                	add	a3,a3,a4
     556:	c30c                	sw	a1,0(a4)
     558:	c34c                	sw	a1,4(a4)
     55a:	c70c                	sw	a1,8(a4)
     55c:	c74c                	sw	a1,12(a4)
     55e:	0741                	addi	a4,a4,16
     560:	fed76be3          	bltu	a4,a3,556 <memset+0x18>
     564:	e211                	bnez	a2,568 <memset+0x2a>
     566:	8082                	ret
     568:	40c306b3          	sub	a3,t1,a2
     56c:	068a                	slli	a3,a3,0x2
     56e:	00000297          	auipc	t0,0x0
     572:	9696                	add	a3,a3,t0
     574:	00a68067          	jr	10(a3)
     578:	00b70723          	sb	a1,14(a4)
     57c:	00b706a3          	sb	a1,13(a4)
     580:	00b70623          	sb	a1,12(a4)
     584:	00b705a3          	sb	a1,11(a4)
     588:	00b70523          	sb	a1,10(a4)
     58c:	00b704a3          	sb	a1,9(a4)
     590:	00b70423          	sb	a1,8(a4)
     594:	00b703a3          	sb	a1,7(a4)
     598:	00b70323          	sb	a1,6(a4)
     59c:	00b702a3          	sb	a1,5(a4)
     5a0:	00b70223          	sb	a1,4(a4)
     5a4:	00b701a3          	sb	a1,3(a4)
     5a8:	00b70123          	sb	a1,2(a4)
     5ac:	00b700a3          	sb	a1,1(a4)
     5b0:	00b70023          	sb	a1,0(a4)
     5b4:	8082                	ret
     5b6:	0ff5f593          	andi	a1,a1,255
     5ba:	00859693          	slli	a3,a1,0x8
     5be:	8dd5                	or	a1,a1,a3
     5c0:	01059693          	slli	a3,a1,0x10
     5c4:	8dd5                	or	a1,a1,a3
     5c6:	b761                	j	54e <memset+0x10>
     5c8:	00279693          	slli	a3,a5,0x2
     5cc:	00000297          	auipc	t0,0x0
     5d0:	9696                	add	a3,a3,t0
     5d2:	8286                	mv	t0,ra
     5d4:	fa8680e7          	jalr	-88(a3)
     5d8:	8096                	mv	ra,t0
     5da:	17c1                	addi	a5,a5,-16
     5dc:	8f1d                	sub	a4,a4,a5
     5de:	963e                	add	a2,a2,a5
     5e0:	f8c374e3          	bgeu	t1,a2,568 <memset+0x2a>
     5e4:	b7a5                	j	54c <memset+0xe>

000005e6 <NMI_Handler>:
     5e6:	a001                	j	5e6 <NMI_Handler>

000005e8 <HardFault_Handler>:
     5e8:	0000c537          	lui	a0,0xc
     5ec:	35050513          	addi	a0,a0,848 # c350 <_read+0x10>
     5f0:	3cf0a0ef          	jal	ra,b1be <puts>
     5f4:	beef07b7          	lui	a5,0xbeef0
     5f8:	e000e737          	lui	a4,0xe000e
     5fc:	08078793          	addi	a5,a5,128 # beef0080 <__freertos_irq_stack_top+0x9eee0080>
     600:	c73c                	sw	a5,72(a4)
     602:	a001                	j	602 <HardFault_Handler+0x1a>

00000604 <netconf_task>:
     604:	f0bff2ef          	jal	t0,50e <__riscv_save_0>
     608:	651000ef          	jal	ra,1458 <LwIP_Init>
     60c:	4501                	li	a0,0
     60e:	6dc090ef          	jal	ra,9cea <vTaskDelete>
     612:	b705                	j	532 <__riscv_restore_0>

00000614 <vApplicationStackOverflowHook>:
     614:	efbff2ef          	jal	t0,50e <__riscv_save_0>
     618:	0000c537          	lui	a0,0xc
     61c:	3cc50513          	addi	a0,a0,972 # c3cc <_read+0x8c>
     620:	28b0a0ef          	jal	ra,b0aa <iprintf>
     624:	a001                	j	624 <vApplicationStackOverflowHook+0x10>

00000626 <main>:
     626:	ee9ff2ef          	jal	t0,50e <__riscv_save_0>
     62a:	4509                	li	a0,2
     62c:	2d11                	jal	c40 <NVIC_PriorityGroupConfig>
     62e:	2a95                	jal	7a2 <SystemCoreClockUpdate>
     630:	6571                	lui	a0,0x1c
     632:	20050513          	addi	a0,a0,512 # 1c200 <_data_lma+0xdce8>
     636:	0dd0a0ef          	jal	ra,af12 <USART_Printf_Init>
     63a:	200007b7          	lui	a5,0x20000
     63e:	0807a583          	lw	a1,128(a5) # 20000080 <SystemCoreClock>
     642:	0000c537          	lui	a0,0xc
     646:	36050513          	addi	a0,a0,864 # c360 <_read+0x20>
     64a:	2610a0ef          	jal	ra,b0aa <iprintf>
     64e:	2e19                	jal	964 <DBGMCU_GetCHIPID>
     650:	85aa                	mv	a1,a0
     652:	0000c537          	lui	a0,0xc
     656:	37050513          	addi	a0,a0,880 # c370 <_read+0x30>
     65a:	2510a0ef          	jal	ra,b0aa <iprintf>
     65e:	0000c5b7          	lui	a1,0xc
     662:	0000c537          	lui	a0,0xc
     666:	38058593          	addi	a1,a1,896 # c380 <_read+0x40>
     66a:	38850513          	addi	a0,a0,904 # c388 <_read+0x48>
     66e:	23d0a0ef          	jal	ra,b0aa <iprintf>
     672:	0000c5b7          	lui	a1,0xc
     676:	0000c537          	lui	a0,0xc
     67a:	3a858593          	addi	a1,a1,936 # c3a8 <_read+0x68>
     67e:	3b050513          	addi	a0,a0,944 # c3b0 <_read+0x70>
     682:	2290a0ef          	jal	ra,b0aa <iprintf>
     686:	0000c5b7          	lui	a1,0xc
     68a:	00000537          	lui	a0,0x0
     68e:	4781                	li	a5,0
     690:	4715                	li	a4,5
     692:	4681                	li	a3,0
     694:	18000613          	li	a2,384
     698:	3c458593          	addi	a1,a1,964 # c3c4 <_read+0x84>
     69c:	60450513          	addi	a0,a0,1540 # 604 <netconf_task>
     6a0:	468090ef          	jal	ra,9b08 <xTaskCreate>
     6a4:	6fe090ef          	jal	ra,9da2 <vTaskStartScheduler>
     6a8:	a001                	j	6a8 <main+0x82>

000006aa <SystemInit>:
     6aa:	400217b7          	lui	a5,0x40021
     6ae:	4398                	lw	a4,0(a5)
     6b0:	f0ff06b7          	lui	a3,0xf0ff0
     6b4:	1141                	addi	sp,sp,-16
     6b6:	00176713          	ori	a4,a4,1
     6ba:	c398                	sw	a4,0(a5)
     6bc:	43d8                	lw	a4,4(a5)
     6be:	00020637          	lui	a2,0x20
     6c2:	8f75                	and	a4,a4,a3
     6c4:	c3d8                	sw	a4,4(a5)
     6c6:	4398                	lw	a4,0(a5)
     6c8:	fef706b7          	lui	a3,0xfef70
     6cc:	16fd                	addi	a3,a3,-1
     6ce:	8f75                	and	a4,a4,a3
     6d0:	c398                	sw	a4,0(a5)
     6d2:	4398                	lw	a4,0(a5)
     6d4:	fffc06b7          	lui	a3,0xfffc0
     6d8:	16fd                	addi	a3,a3,-1
     6da:	8f75                	and	a4,a4,a3
     6dc:	c398                	sw	a4,0(a5)
     6de:	43d8                	lw	a4,4(a5)
     6e0:	ff0106b7          	lui	a3,0xff010
     6e4:	16fd                	addi	a3,a3,-1
     6e6:	8f75                	and	a4,a4,a3
     6e8:	c3d8                	sw	a4,4(a5)
     6ea:	4398                	lw	a4,0(a5)
     6ec:	ec0006b7          	lui	a3,0xec000
     6f0:	16fd                	addi	a3,a3,-1
     6f2:	8f75                	and	a4,a4,a3
     6f4:	c398                	sw	a4,0(a5)
     6f6:	00ff0737          	lui	a4,0xff0
     6fa:	c798                	sw	a4,8(a5)
     6fc:	0207a623          	sw	zero,44(a5) # 4002102c <__freertos_irq_stack_top+0x2001102c>
     700:	c402                	sw	zero,8(sp)
     702:	c602                	sw	zero,12(sp)
     704:	4398                	lw	a4,0(a5)
     706:	66c1                	lui	a3,0x10
     708:	8f55                	or	a4,a4,a3
     70a:	c398                	sw	a4,0(a5)
     70c:	400216b7          	lui	a3,0x40021
     710:	6705                	lui	a4,0x1
     712:	429c                	lw	a5,0(a3)
     714:	8ff1                	and	a5,a5,a2
     716:	c63e                	sw	a5,12(sp)
     718:	47a2                	lw	a5,8(sp)
     71a:	0785                	addi	a5,a5,1
     71c:	c43e                	sw	a5,8(sp)
     71e:	47b2                	lw	a5,12(sp)
     720:	e781                	bnez	a5,728 <SystemInit+0x7e>
     722:	47a2                	lw	a5,8(sp)
     724:	fee797e3          	bne	a5,a4,712 <SystemInit+0x68>
     728:	400217b7          	lui	a5,0x40021
     72c:	439c                	lw	a5,0(a5)
     72e:	00e79713          	slli	a4,a5,0xe
     732:	06075663          	bgez	a4,79e <SystemInit+0xf4>
     736:	4785                	li	a5,1
     738:	c63e                	sw	a5,12(sp)
     73a:	4732                	lw	a4,12(sp)
     73c:	4785                	li	a5,1
     73e:	04f71e63          	bne	a4,a5,79a <SystemInit+0xf0>
     742:	400217b7          	lui	a5,0x40021
     746:	43d8                	lw	a4,4(a5)
     748:	ffc106b7          	lui	a3,0xffc10
     74c:	16fd                	addi	a3,a3,-1
     74e:	c3d8                	sw	a4,4(a5)
     750:	43d8                	lw	a4,4(a5)
     752:	c3d8                	sw	a4,4(a5)
     754:	43d8                	lw	a4,4(a5)
     756:	40076713          	ori	a4,a4,1024
     75a:	c3d8                	sw	a4,4(a5)
     75c:	43d8                	lw	a4,4(a5)
     75e:	8f75                	and	a4,a4,a3
     760:	c3d8                	sw	a4,4(a5)
     762:	43d8                	lw	a4,4(a5)
     764:	66c1                	lui	a3,0x10
     766:	8f55                	or	a4,a4,a3
     768:	c3d8                	sw	a4,4(a5)
     76a:	4398                	lw	a4,0(a5)
     76c:	010006b7          	lui	a3,0x1000
     770:	8f55                	or	a4,a4,a3
     772:	c398                	sw	a4,0(a5)
     774:	4398                	lw	a4,0(a5)
     776:	00671693          	slli	a3,a4,0x6
     77a:	fe06dde3          	bgez	a3,774 <SystemInit+0xca>
     77e:	43d8                	lw	a4,4(a5)
     780:	400216b7          	lui	a3,0x40021
     784:	9b71                	andi	a4,a4,-4
     786:	c3d8                	sw	a4,4(a5)
     788:	43d8                	lw	a4,4(a5)
     78a:	00276713          	ori	a4,a4,2
     78e:	c3d8                	sw	a4,4(a5)
     790:	4721                	li	a4,8
     792:	42dc                	lw	a5,4(a3)
     794:	8bb1                	andi	a5,a5,12
     796:	fee79ee3          	bne	a5,a4,792 <SystemInit+0xe8>
     79a:	0141                	addi	sp,sp,16
     79c:	8082                	ret
     79e:	c602                	sw	zero,12(sp)
     7a0:	bf69                	j	73a <SystemInit+0x90>

000007a2 <SystemCoreClockUpdate>:
     7a2:	400216b7          	lui	a3,0x40021
     7a6:	42d8                	lw	a4,4(a3)
     7a8:	200007b7          	lui	a5,0x20000
     7ac:	4611                	li	a2,4
     7ae:	8b31                	andi	a4,a4,12
     7b0:	08078793          	addi	a5,a5,128 # 20000080 <SystemCoreClock>
     7b4:	00c70563          	beq	a4,a2,7be <SystemCoreClockUpdate+0x1c>
     7b8:	4621                	li	a2,8
     7ba:	02c70863          	beq	a4,a2,7ea <SystemCoreClockUpdate+0x48>
     7be:	007a1737          	lui	a4,0x7a1
     7c2:	20070713          	addi	a4,a4,512 # 7a1200 <_data_lma+0x792ce8>
     7c6:	c398                	sw	a4,0(a5)
     7c8:	40021737          	lui	a4,0x40021
     7cc:	4358                	lw	a4,4(a4)
     7ce:	8311                	srli	a4,a4,0x4
     7d0:	00f77693          	andi	a3,a4,15
     7d4:	20000737          	lui	a4,0x20000
     7d8:	00070713          	mv	a4,a4
     7dc:	9736                	add	a4,a4,a3
     7de:	2314                	lbu	a3,0(a4)
     7e0:	4398                	lw	a4,0(a5)
     7e2:	00d75733          	srl	a4,a4,a3
     7e6:	c398                	sw	a4,0(a5)
     7e8:	8082                	ret
     7ea:	42d8                	lw	a4,4(a3)
     7ec:	42d4                	lw	a3,4(a3)
     7ee:	6641                	lui	a2,0x10
     7f0:	8349                	srli	a4,a4,0x12
     7f2:	8b3d                	andi	a4,a4,15
     7f4:	8ef1                	and	a3,a3,a2
     7f6:	00270613          	addi	a2,a4,2 # 20000002 <_data_vma+0x2>
     7fa:	cf15                	beqz	a4,836 <__stack_size+0x36>
     7fc:	473d                	li	a4,15
     7fe:	02e60f63          	beq	a2,a4,83c <__stack_size+0x3c>
     802:	4741                	li	a4,16
     804:	02e60f63          	beq	a2,a4,842 <__stack_size+0x42>
     808:	4745                	li	a4,17
     80a:	4581                	li	a1,0
     80c:	00e61363          	bne	a2,a4,812 <__stack_size+0x12>
     810:	4641                	li	a2,16
     812:	e2a1                	bnez	a3,852 <__stack_size+0x52>
     814:	40024737          	lui	a4,0x40024
     818:	80072703          	lw	a4,-2048(a4) # 40023800 <__freertos_irq_stack_top+0x20013800>
     81c:	8b41                	andi	a4,a4,16
     81e:	c70d                	beqz	a4,848 <__stack_size+0x48>
     820:	007a1737          	lui	a4,0x7a1
     824:	20070713          	addi	a4,a4,512 # 7a1200 <_data_lma+0x792ce8>
     828:	02c70633          	mul	a2,a4,a2
     82c:	c390                	sw	a2,0(a5)
     82e:	ddc9                	beqz	a1,7c8 <SystemCoreClockUpdate+0x26>
     830:	4398                	lw	a4,0(a5)
     832:	8305                	srli	a4,a4,0x1
     834:	bf49                	j	7c6 <SystemCoreClockUpdate+0x24>
     836:	4581                	li	a1,0
     838:	4649                	li	a2,18
     83a:	bfe1                	j	812 <__stack_size+0x12>
     83c:	4585                	li	a1,1
     83e:	4635                	li	a2,13
     840:	bfc9                	j	812 <__stack_size+0x12>
     842:	4581                	li	a1,0
     844:	463d                	li	a2,15
     846:	b7f1                	j	812 <__stack_size+0x12>
     848:	003d1737          	lui	a4,0x3d1
     84c:	90070713          	addi	a4,a4,-1792 # 3d0900 <_data_lma+0x3c23e8>
     850:	bfe1                	j	828 <__stack_size+0x28>
     852:	40021537          	lui	a0,0x40021
     856:	5558                	lw	a4,44(a0)
     858:	00f71693          	slli	a3,a4,0xf
     85c:	5558                	lw	a4,44(a0)
     85e:	0406df63          	bgez	a3,8bc <__stack_size+0xbc>
     862:	8311                	srli	a4,a4,0x4
     864:	8b3d                	andi	a4,a4,15
     866:	00170693          	addi	a3,a4,1
     86a:	007a1737          	lui	a4,0x7a1
     86e:	20070713          	addi	a4,a4,512 # 7a1200 <_data_lma+0x792ce8>
     872:	02d75733          	divu	a4,a4,a3
     876:	c398                	sw	a4,0(a5)
     878:	5554                	lw	a3,44(a0)
     87a:	82a1                	srli	a3,a3,0x8
     87c:	8abd                	andi	a3,a3,15
     87e:	e28d                	bnez	a3,8a0 <__stack_size+0xa0>
     880:	4695                	li	a3,5
     882:	02d70733          	mul	a4,a4,a3
     886:	8305                	srli	a4,a4,0x1
     888:	c398                	sw	a4,0(a5)
     88a:	40021737          	lui	a4,0x40021
     88e:	5758                	lw	a4,44(a4)
     890:	4394                	lw	a3,0(a5)
     892:	8b3d                	andi	a4,a4,15
     894:	0705                	addi	a4,a4,1
     896:	02e6d733          	divu	a4,a3,a4
     89a:	c398                	sw	a4,0(a5)
     89c:	4398                	lw	a4,0(a5)
     89e:	b769                	j	828 <__stack_size+0x28>
     8a0:	4505                	li	a0,1
     8a2:	00a69463          	bne	a3,a0,8aa <__stack_size+0xaa>
     8a6:	46e5                	li	a3,25
     8a8:	bfe9                	j	882 <__stack_size+0x82>
     8aa:	453d                	li	a0,15
     8ac:	00a69663          	bne	a3,a0,8b8 <__stack_size+0xb8>
     8b0:	46d1                	li	a3,20
     8b2:	02e68733          	mul	a4,a3,a4
     8b6:	bfc9                	j	888 <__stack_size+0x88>
     8b8:	0689                	addi	a3,a3,2
     8ba:	bfe5                	j	8b2 <__stack_size+0xb2>
     8bc:	8b3d                	andi	a4,a4,15
     8be:	00170693          	addi	a3,a4,1 # 40021001 <__freertos_irq_stack_top+0x20011001>
     8c2:	007a1737          	lui	a4,0x7a1
     8c6:	20070713          	addi	a4,a4,512 # 7a1200 <_data_lma+0x792ce8>
     8ca:	02d75733          	divu	a4,a4,a3
     8ce:	b7f1                	j	89a <__stack_size+0x9a>

000008d0 <ADC1_2_IRQHandler>:
     8d0:	a001                	j	8d0 <ADC1_2_IRQHandler>

000008d2 <handle_reset>:
     8d2:	20000197          	auipc	gp,0x20000
     8d6:	fae18193          	addi	gp,gp,-82 # 20000880 <__global_pointer$>
     8da:	2000f117          	auipc	sp,0x2000f
     8de:	72610113          	addi	sp,sp,1830 # 20010000 <__freertos_irq_stack_top>
     8e2:	0000e517          	auipc	a0,0xe
     8e6:	c3650513          	addi	a0,a0,-970 # e518 <_data_lma>
     8ea:	1ffff597          	auipc	a1,0x1ffff
     8ee:	71658593          	addi	a1,a1,1814 # 20000000 <_data_vma>
     8f2:	85018613          	addi	a2,gp,-1968 # 200000d0 <_edata>
     8f6:	00c5fa63          	bgeu	a1,a2,90a <handle_reset+0x38>
     8fa:	00052283          	lw	t0,0(a0)
     8fe:	0055a023          	sw	t0,0(a1)
     902:	0511                	addi	a0,a0,4
     904:	0591                	addi	a1,a1,4
     906:	fec5eae3          	bltu	a1,a2,8fa <handle_reset+0x28>
     90a:	1ffff517          	auipc	a0,0x1ffff
     90e:	7c650513          	addi	a0,a0,1990 # 200000d0 <_edata>
     912:	20009597          	auipc	a1,0x20009
     916:	7ba58593          	addi	a1,a1,1978 # 2000a0cc <_ebss>
     91a:	00b57763          	bgeu	a0,a1,928 <handle_reset+0x56>
     91e:	00052023          	sw	zero,0(a0)
     922:	0511                	addi	a0,a0,4
     924:	feb56de3          	bltu	a0,a1,91e <handle_reset+0x4c>
     928:	42fd                	li	t0,31
     92a:	bc029073          	csrw	0xbc0,t0
     92e:	42fd                	li	t0,31
     930:	80429073          	csrw	0x804,t0
     934:	000082b7          	lui	t0,0x8
     938:	80028293          	addi	t0,t0,-2048 # 7800 <tcp_rexmit_rto_prepare>
     93c:	30029073          	csrw	mstatus,t0
     940:	fffff297          	auipc	t0,0xfffff
     944:	6c428293          	addi	t0,t0,1732 # 4 <_einit>
     948:	0032e293          	ori	t0,t0,3
     94c:	30529073          	csrw	mtvec,t0
     950:	d5bff0ef          	jal	ra,6aa <SystemInit>
     954:	00000297          	auipc	t0,0x0
     958:	cd228293          	addi	t0,t0,-814 # 626 <main>
     95c:	34129073          	csrw	mepc,t0
     960:	30200073          	mret

00000964 <DBGMCU_GetCHIPID>:
     964:	1ffff7b7          	lui	a5,0x1ffff
     968:	7047a503          	lw	a0,1796(a5) # 1ffff704 <_data_lma+0x1fff11ec>
     96c:	8082                	ret

0000096e <ETH_DeInit>:
     96e:	ba1ff2ef          	jal	t0,50e <__riscv_save_0>
     972:	4585                	li	a1,1
     974:	6511                	lui	a0,0x4
     976:	29ed                	jal	e70 <RCC_AHBPeriphResetCmd>
     978:	4581                	li	a1,0
     97a:	6511                	lui	a0,0x4
     97c:	29d5                	jal	e70 <RCC_AHBPeriphResetCmd>
     97e:	be55                	j	532 <__riscv_restore_0>

00000980 <ETH_ReadPHYRegister>:
     980:	1141                	addi	sp,sp,-16
     982:	c602                	sw	zero,12(sp)
     984:	400286b7          	lui	a3,0x40028
     988:	4a9c                	lw	a5,16(a3)
     98a:	6741                	lui	a4,0x10
     98c:	052e                	slli	a0,a0,0xb
     98e:	177d                	addi	a4,a4,-1
     990:	8bf1                	andi	a5,a5,28
     992:	8d79                	and	a0,a0,a4
     994:	059a                	slli	a1,a1,0x6
     996:	8d5d                	or	a0,a0,a5
     998:	7c05f593          	andi	a1,a1,1984
     99c:	8dc9                	or	a1,a1,a0
     99e:	0015e593          	ori	a1,a1,1
     9a2:	005007b7          	lui	a5,0x500
     9a6:	ca8c                	sw	a1,16(a3)
     9a8:	17f9                	addi	a5,a5,-2
     9aa:	4732                	lw	a4,12(sp)
     9ac:	0705                	addi	a4,a4,1
     9ae:	c63a                	sw	a4,12(sp)
     9b0:	4a98                	lw	a4,16(a3)
     9b2:	8b05                	andi	a4,a4,1
     9b4:	c701                	beqz	a4,9bc <ETH_ReadPHYRegister+0x3c>
     9b6:	4732                	lw	a4,12(sp)
     9b8:	fee7f9e3          	bgeu	a5,a4,9aa <ETH_ReadPHYRegister+0x2a>
     9bc:	4732                	lw	a4,12(sp)
     9be:	005007b7          	lui	a5,0x500
     9c2:	17fd                	addi	a5,a5,-1
     9c4:	4501                	li	a0,0
     9c6:	00f70763          	beq	a4,a5,9d4 <ETH_ReadPHYRegister+0x54>
     9ca:	400287b7          	lui	a5,0x40028
     9ce:	4bc8                	lw	a0,20(a5)
     9d0:	0542                	slli	a0,a0,0x10
     9d2:	8141                	srli	a0,a0,0x10
     9d4:	0141                	addi	sp,sp,16
     9d6:	8082                	ret

000009d8 <ETH_WritePHYRegister>:
     9d8:	1141                	addi	sp,sp,-16
     9da:	400287b7          	lui	a5,0x40028
     9de:	c602                	sw	zero,12(sp)
     9e0:	4b98                	lw	a4,16(a5)
     9e2:	66c1                	lui	a3,0x10
     9e4:	16fd                	addi	a3,a3,-1
     9e6:	052e                	slli	a0,a0,0xb
     9e8:	8d75                	and	a0,a0,a3
     9ea:	8b71                	andi	a4,a4,28
     9ec:	059a                	slli	a1,a1,0x6
     9ee:	8d59                	or	a0,a0,a4
     9f0:	7c05f593          	andi	a1,a1,1984
     9f4:	8dc9                	or	a1,a1,a0
     9f6:	cbd0                	sw	a2,20(a5)
     9f8:	0035e593          	ori	a1,a1,3
     9fc:	cb8c                	sw	a1,16(a5)
     9fe:	000507b7          	lui	a5,0x50
     a02:	400286b7          	lui	a3,0x40028
     a06:	17f9                	addi	a5,a5,-2
     a08:	4732                	lw	a4,12(sp)
     a0a:	0705                	addi	a4,a4,1
     a0c:	c63a                	sw	a4,12(sp)
     a0e:	4a98                	lw	a4,16(a3)
     a10:	8b05                	andi	a4,a4,1
     a12:	c701                	beqz	a4,a1a <ETH_WritePHYRegister+0x42>
     a14:	4732                	lw	a4,12(sp)
     a16:	fee7f9e3          	bgeu	a5,a4,a08 <ETH_WritePHYRegister+0x30>
     a1a:	4532                	lw	a0,12(sp)
     a1c:	000507b7          	lui	a5,0x50
     a20:	17fd                	addi	a5,a5,-1
     a22:	00f53533          	sltu	a0,a0,a5
     a26:	0141                	addi	sp,sp,16
     a28:	8082                	ret

00000a2a <ETH_MACTransmissionCmd>:
     a2a:	40028737          	lui	a4,0x40028
     a2e:	431c                	lw	a5,0(a4)
     a30:	c509                	beqz	a0,a3a <ETH_MACTransmissionCmd+0x10>
     a32:	0087e793          	ori	a5,a5,8
     a36:	c31c                	sw	a5,0(a4)
     a38:	8082                	ret
     a3a:	9bdd                	andi	a5,a5,-9
     a3c:	bfed                	j	a36 <ETH_MACTransmissionCmd+0xc>

00000a3e <ETH_MACReceptionCmd>:
     a3e:	40028737          	lui	a4,0x40028
     a42:	431c                	lw	a5,0(a4)
     a44:	c509                	beqz	a0,a4e <ETH_MACReceptionCmd+0x10>
     a46:	0047e793          	ori	a5,a5,4
     a4a:	c31c                	sw	a5,0(a4)
     a4c:	8082                	ret
     a4e:	9bed                	andi	a5,a5,-5
     a50:	bfed                	j	a4a <ETH_MACReceptionCmd+0xc>

00000a52 <ETH_DMATxDescChainInit>:
     a52:	200007b7          	lui	a5,0x20000
     a56:	0ca7aa23          	sw	a0,212(a5) # 200000d4 <DMATxDescToSet>
     a5a:	872a                	mv	a4,a0
     a5c:	4781                	li	a5,0
     a5e:	401008b7          	lui	a7,0x40100
     a62:	5f400313          	li	t1,1524
     a66:	fff60e13          	addi	t3,a2,-1 # ffff <_data_lma+0x1ae7>
     a6a:	00c79663          	bne	a5,a2,a76 <ETH_DMATxDescChainInit+0x24>
     a6e:	400297b7          	lui	a5,0x40029
     a72:	cb88                	sw	a0,16(a5)
     a74:	8082                	ret
     a76:	026786b3          	mul	a3,a5,t1
     a7a:	01172023          	sw	a7,0(a4) # 40028000 <__freertos_irq_stack_top+0x20018000>
     a7e:	882a                	mv	a6,a0
     a80:	96ae                	add	a3,a3,a1
     a82:	c714                	sw	a3,8(a4)
     a84:	01070693          	addi	a3,a4,16
     a88:	01c7f363          	bgeu	a5,t3,a8e <ETH_DMATxDescChainInit+0x3c>
     a8c:	8836                	mv	a6,a3
     a8e:	01072623          	sw	a6,12(a4)
     a92:	0785                	addi	a5,a5,1
     a94:	8736                	mv	a4,a3
     a96:	bfd1                	j	a6a <ETH_DMATxDescChainInit+0x18>

00000a98 <ETH_DMARxDescChainInit>:
     a98:	200007b7          	lui	a5,0x20000
     a9c:	6691                	lui	a3,0x4
     a9e:	0ca7a823          	sw	a0,208(a5) # 200000d0 <_edata>
     aa2:	4701                	li	a4,0
     aa4:	87aa                	mv	a5,a0
     aa6:	80000337          	lui	t1,0x80000
     aaa:	5f468693          	addi	a3,a3,1524 # 45f4 <pbuf_alloc+0xa6>
     aae:	5f400e13          	li	t3,1524
     ab2:	fff60e93          	addi	t4,a2,-1
     ab6:	00c71663          	bne	a4,a2,ac2 <ETH_DMARxDescChainInit+0x2a>
     aba:	400297b7          	lui	a5,0x40029
     abe:	c7c8                	sw	a0,12(a5)
     ac0:	8082                	ret
     ac2:	03c70833          	mul	a6,a4,t3
     ac6:	0067a023          	sw	t1,0(a5) # 40029000 <__freertos_irq_stack_top+0x20019000>
     aca:	c3d4                	sw	a3,4(a5)
     acc:	88aa                	mv	a7,a0
     ace:	982e                	add	a6,a6,a1
     ad0:	0107a423          	sw	a6,8(a5)
     ad4:	01078813          	addi	a6,a5,16
     ad8:	01d77363          	bgeu	a4,t4,ade <ETH_DMARxDescChainInit+0x46>
     adc:	88c2                	mv	a7,a6
     ade:	0117a623          	sw	a7,12(a5)
     ae2:	0705                	addi	a4,a4,1
     ae4:	87c2                	mv	a5,a6
     ae6:	bfc1                	j	ab6 <ETH_DMARxDescChainInit+0x1e>

00000ae8 <ETH_SoftwareReset>:
     ae8:	40029737          	lui	a4,0x40029
     aec:	431c                	lw	a5,0(a4)
     aee:	0017e793          	ori	a5,a5,1
     af2:	c31c                	sw	a5,0(a4)
     af4:	8082                	ret

00000af6 <ETH_DMAClearITPendingBit>:
     af6:	400297b7          	lui	a5,0x40029
     afa:	cbc8                	sw	a0,20(a5)
     afc:	8082                	ret

00000afe <ETH_FlushTransmitFIFO>:
     afe:	40029737          	lui	a4,0x40029
     b02:	4f1c                	lw	a5,24(a4)
     b04:	001006b7          	lui	a3,0x100
     b08:	8fd5                	or	a5,a5,a3
     b0a:	cf1c                	sw	a5,24(a4)
     b0c:	8082                	ret

00000b0e <ETH_Start>:
     b0e:	a01ff2ef          	jal	t0,50e <__riscv_save_0>
     b12:	40028437          	lui	s0,0x40028
     b16:	401c                	lw	a5,0(s0)
     b18:	0087e793          	ori	a5,a5,8
     b1c:	c01c                	sw	a5,0(s0)
     b1e:	37c5                	jal	afe <ETH_FlushTransmitFIFO>
     b20:	401c                	lw	a5,0(s0)
     b22:	6689                	lui	a3,0x2
     b24:	0047e793          	ori	a5,a5,4
     b28:	c01c                	sw	a5,0(s0)
     b2a:	400297b7          	lui	a5,0x40029
     b2e:	4f98                	lw	a4,24(a5)
     b30:	8f55                	or	a4,a4,a3
     b32:	cf98                	sw	a4,24(a5)
     b34:	4f98                	lw	a4,24(a5)
     b36:	00276713          	ori	a4,a4,2
     b3a:	cf98                	sw	a4,24(a5)
     b3c:	badd                	j	532 <__riscv_restore_0>

00000b3e <ETH_DMAITConfig>:
     b3e:	c599                	beqz	a1,b4c <ETH_DMAITConfig+0xe>
     b40:	40029737          	lui	a4,0x40029
     b44:	4f5c                	lw	a5,28(a4)
     b46:	8d5d                	or	a0,a0,a5
     b48:	cf48                	sw	a0,28(a4)
     b4a:	8082                	ret
     b4c:	400297b7          	lui	a5,0x40029
     b50:	4fd8                	lw	a4,28(a5)
     b52:	fff54513          	not	a0,a0
     b56:	8d79                	and	a0,a0,a4
     b58:	cfc8                	sw	a0,28(a5)
     b5a:	8082                	ret

00000b5c <GPIO_Init>:
     b5c:	459c                	lw	a5,8(a1)
     b5e:	0107f713          	andi	a4,a5,16
     b62:	00f7f813          	andi	a6,a5,15
     b66:	c701                	beqz	a4,b6e <GPIO_Init+0x12>
     b68:	41d8                	lw	a4,4(a1)
     b6a:	00e86833          	or	a6,a6,a4
     b6e:	218e                	lhu	a1,0(a1)
     b70:	0ff5f713          	andi	a4,a1,255
     b74:	c339                	beqz	a4,bba <GPIO_Init+0x5e>
     b76:	4118                	lw	a4,0(a0)
     b78:	4681                	li	a3,0
     b7a:	4e85                	li	t4,1
     b7c:	4f3d                	li	t5,15
     b7e:	02800f93          	li	t6,40
     b82:	04800293          	li	t0,72
     b86:	4e21                	li	t3,8
     b88:	00de9633          	sll	a2,t4,a3
     b8c:	00c5f8b3          	and	a7,a1,a2
     b90:	03161163          	bne	a2,a7,bb2 <GPIO_Init+0x56>
     b94:	00269893          	slli	a7,a3,0x2
     b98:	011f1333          	sll	t1,t5,a7
     b9c:	fff34313          	not	t1,t1
     ba0:	00e37733          	and	a4,t1,a4
     ba4:	011818b3          	sll	a7,a6,a7
     ba8:	00e8e733          	or	a4,a7,a4
     bac:	05f79f63          	bne	a5,t6,c0a <GPIO_Init+0xae>
     bb0:	c950                	sw	a2,20(a0)
     bb2:	0685                	addi	a3,a3,1
     bb4:	fdc69ae3          	bne	a3,t3,b88 <GPIO_Init+0x2c>
     bb8:	c118                	sw	a4,0(a0)
     bba:	0ff00713          	li	a4,255
     bbe:	04b77563          	bgeu	a4,a1,c08 <GPIO_Init+0xac>
     bc2:	4154                	lw	a3,4(a0)
     bc4:	4621                	li	a2,8
     bc6:	4e85                	li	t4,1
     bc8:	4f3d                	li	t5,15
     bca:	02800f93          	li	t6,40
     bce:	04800293          	li	t0,72
     bd2:	4e41                	li	t3,16
     bd4:	00ce98b3          	sll	a7,t4,a2
     bd8:	0115f733          	and	a4,a1,a7
     bdc:	02e89263          	bne	a7,a4,c00 <GPIO_Init+0xa4>
     be0:	00261713          	slli	a4,a2,0x2
     be4:	1701                	addi	a4,a4,-32
     be6:	00ef1333          	sll	t1,t5,a4
     bea:	fff34313          	not	t1,t1
     bee:	00d376b3          	and	a3,t1,a3
     bf2:	00e81733          	sll	a4,a6,a4
     bf6:	8ed9                	or	a3,a3,a4
     bf8:	01f79d63          	bne	a5,t6,c12 <GPIO_Init+0xb6>
     bfc:	01152a23          	sw	a7,20(a0) # 4014 <memp_free+0x20>
     c00:	0605                	addi	a2,a2,1
     c02:	fdc619e3          	bne	a2,t3,bd4 <GPIO_Init+0x78>
     c06:	c154                	sw	a3,4(a0)
     c08:	8082                	ret
     c0a:	fa5794e3          	bne	a5,t0,bb2 <GPIO_Init+0x56>
     c0e:	c910                	sw	a2,16(a0)
     c10:	b74d                	j	bb2 <GPIO_Init+0x56>
     c12:	fe5797e3          	bne	a5,t0,c00 <GPIO_Init+0xa4>
     c16:	01152823          	sw	a7,16(a0)
     c1a:	b7dd                	j	c00 <GPIO_Init+0xa4>

00000c1c <GPIO_ETH_MediaInterfaceConfig>:
     c1c:	c909                	beqz	a0,c2e <GPIO_ETH_MediaInterfaceConfig+0x12>
     c1e:	40010737          	lui	a4,0x40010
     c22:	435c                	lw	a5,4(a4)
     c24:	008006b7          	lui	a3,0x800
     c28:	8fd5                	or	a5,a5,a3
     c2a:	c35c                	sw	a5,4(a4)
     c2c:	8082                	ret
     c2e:	400106b7          	lui	a3,0x40010
     c32:	42dc                	lw	a5,4(a3)
     c34:	ff800737          	lui	a4,0xff800
     c38:	177d                	addi	a4,a4,-1
     c3a:	8ff9                	and	a5,a5,a4
     c3c:	c2dc                	sw	a5,4(a3)
     c3e:	8082                	ret

00000c40 <NVIC_PriorityGroupConfig>:
     c40:	200007b7          	lui	a5,0x20000
     c44:	0ca7ac23          	sw	a0,216(a5) # 200000d8 <NVIC_Priority_Group>
     c48:	8082                	ret

00000c4a <RCC_GetClocksFreq>:
     c4a:	40021737          	lui	a4,0x40021
     c4e:	435c                	lw	a5,4(a4)
     c50:	4691                	li	a3,4
     c52:	8bb1                	andi	a5,a5,12
     c54:	00d78563          	beq	a5,a3,c5e <RCC_GetClocksFreq+0x14>
     c58:	46a1                	li	a3,8
     c5a:	06d78263          	beq	a5,a3,cbe <RCC_GetClocksFreq+0x74>
     c5e:	007a17b7          	lui	a5,0x7a1
     c62:	20078793          	addi	a5,a5,512 # 7a1200 <_data_lma+0x792ce8>
     c66:	c11c                	sw	a5,0(a0)
     c68:	40021637          	lui	a2,0x40021
     c6c:	425c                	lw	a5,4(a2)
     c6e:	20000737          	lui	a4,0x20000
     c72:	01070713          	addi	a4,a4,16 # 20000010 <APBAHBPrescTable>
     c76:	8391                	srli	a5,a5,0x4
     c78:	8bbd                	andi	a5,a5,15
     c7a:	97ba                	add	a5,a5,a4
     c7c:	2394                	lbu	a3,0(a5)
     c7e:	411c                	lw	a5,0(a0)
     c80:	00d7d7b3          	srl	a5,a5,a3
     c84:	c15c                	sw	a5,4(a0)
     c86:	4254                	lw	a3,4(a2)
     c88:	82a1                	srli	a3,a3,0x8
     c8a:	8a9d                	andi	a3,a3,7
     c8c:	96ba                	add	a3,a3,a4
     c8e:	2294                	lbu	a3,0(a3)
     c90:	00d7d6b3          	srl	a3,a5,a3
     c94:	c514                	sw	a3,8(a0)
     c96:	4254                	lw	a3,4(a2)
     c98:	82ad                	srli	a3,a3,0xb
     c9a:	8a9d                	andi	a3,a3,7
     c9c:	9736                	add	a4,a4,a3
     c9e:	2318                	lbu	a4,0(a4)
     ca0:	00e7d7b3          	srl	a5,a5,a4
     ca4:	c55c                	sw	a5,12(a0)
     ca6:	4258                	lw	a4,4(a2)
     ca8:	8339                	srli	a4,a4,0xe
     caa:	00377693          	andi	a3,a4,3
     cae:	80418713          	addi	a4,gp,-2044 # 20000084 <ADCPrescTable>
     cb2:	9736                	add	a4,a4,a3
     cb4:	2318                	lbu	a4,0(a4)
     cb6:	02e7d7b3          	divu	a5,a5,a4
     cba:	c91c                	sw	a5,16(a0)
     cbc:	8082                	ret
     cbe:	435c                	lw	a5,4(a4)
     cc0:	4358                	lw	a4,4(a4)
     cc2:	66c1                	lui	a3,0x10
     cc4:	83c9                	srli	a5,a5,0x12
     cc6:	8f75                	and	a4,a4,a3
     cc8:	1ffff6b7          	lui	a3,0x1ffff
     ccc:	70c6a683          	lw	a3,1804(a3) # 1ffff70c <_data_lma+0x1fff11f4>
     cd0:	8bbd                	andi	a5,a5,15
     cd2:	0789                	addi	a5,a5,2
     cd4:	01169613          	slli	a2,a3,0x11
     cd8:	00064863          	bltz	a2,ce8 <RCC_GetClocksFreq+0x9e>
     cdc:	46c5                	li	a3,17
     cde:	4601                	li	a2,0
     ce0:	02d79263          	bne	a5,a3,d04 <RCC_GetClocksFreq+0xba>
     ce4:	47c9                	li	a5,18
     ce6:	a839                	j	d04 <RCC_GetClocksFreq+0xba>
     ce8:	4689                	li	a3,2
     cea:	02d78f63          	beq	a5,a3,d28 <RCC_GetClocksFreq+0xde>
     cee:	46bd                	li	a3,15
     cf0:	02d78e63          	beq	a5,a3,d2c <RCC_GetClocksFreq+0xe2>
     cf4:	46c1                	li	a3,16
     cf6:	02d78e63          	beq	a5,a3,d32 <RCC_GetClocksFreq+0xe8>
     cfa:	46c5                	li	a3,17
     cfc:	4601                	li	a2,0
     cfe:	00d79363          	bne	a5,a3,d04 <RCC_GetClocksFreq+0xba>
     d02:	47c1                	li	a5,16
     d04:	ef1d                	bnez	a4,d42 <RCC_GetClocksFreq+0xf8>
     d06:	40024737          	lui	a4,0x40024
     d0a:	80072703          	lw	a4,-2048(a4) # 40023800 <__freertos_irq_stack_top+0x20013800>
     d0e:	8b41                	andi	a4,a4,16
     d10:	c705                	beqz	a4,d38 <RCC_GetClocksFreq+0xee>
     d12:	007a1737          	lui	a4,0x7a1
     d16:	20070713          	addi	a4,a4,512 # 7a1200 <_data_lma+0x792ce8>
     d1a:	02f707b3          	mul	a5,a4,a5
     d1e:	c11c                	sw	a5,0(a0)
     d20:	d621                	beqz	a2,c68 <RCC_GetClocksFreq+0x1e>
     d22:	411c                	lw	a5,0(a0)
     d24:	8385                	srli	a5,a5,0x1
     d26:	b781                	j	c66 <RCC_GetClocksFreq+0x1c>
     d28:	4601                	li	a2,0
     d2a:	bf6d                	j	ce4 <RCC_GetClocksFreq+0x9a>
     d2c:	4605                	li	a2,1
     d2e:	47b5                	li	a5,13
     d30:	bfd1                	j	d04 <RCC_GetClocksFreq+0xba>
     d32:	4601                	li	a2,0
     d34:	47bd                	li	a5,15
     d36:	b7f9                	j	d04 <RCC_GetClocksFreq+0xba>
     d38:	003d1737          	lui	a4,0x3d1
     d3c:	90070713          	addi	a4,a4,-1792 # 3d0900 <_data_lma+0x3c23e8>
     d40:	bfe9                	j	d1a <RCC_GetClocksFreq+0xd0>
     d42:	400215b7          	lui	a1,0x40021
     d46:	55d8                	lw	a4,44(a1)
     d48:	00f71693          	slli	a3,a4,0xf
     d4c:	55d8                	lw	a4,44(a1)
     d4e:	0406df63          	bgez	a3,dac <RCC_GetClocksFreq+0x162>
     d52:	8311                	srli	a4,a4,0x4
     d54:	8b3d                	andi	a4,a4,15
     d56:	00170693          	addi	a3,a4,1
     d5a:	007a1737          	lui	a4,0x7a1
     d5e:	20070713          	addi	a4,a4,512 # 7a1200 <_data_lma+0x792ce8>
     d62:	02d75733          	divu	a4,a4,a3
     d66:	c118                	sw	a4,0(a0)
     d68:	55d4                	lw	a3,44(a1)
     d6a:	82a1                	srli	a3,a3,0x8
     d6c:	8abd                	andi	a3,a3,15
     d6e:	e28d                	bnez	a3,d90 <RCC_GetClocksFreq+0x146>
     d70:	4695                	li	a3,5
     d72:	02d70733          	mul	a4,a4,a3
     d76:	8305                	srli	a4,a4,0x1
     d78:	c118                	sw	a4,0(a0)
     d7a:	40021737          	lui	a4,0x40021
     d7e:	5758                	lw	a4,44(a4)
     d80:	4114                	lw	a3,0(a0)
     d82:	8b3d                	andi	a4,a4,15
     d84:	0705                	addi	a4,a4,1
     d86:	02e6d733          	divu	a4,a3,a4
     d8a:	c118                	sw	a4,0(a0)
     d8c:	4118                	lw	a4,0(a0)
     d8e:	b771                	j	d1a <RCC_GetClocksFreq+0xd0>
     d90:	4585                	li	a1,1
     d92:	00b69463          	bne	a3,a1,d9a <RCC_GetClocksFreq+0x150>
     d96:	46e5                	li	a3,25
     d98:	bfe9                	j	d72 <RCC_GetClocksFreq+0x128>
     d9a:	45bd                	li	a1,15
     d9c:	00b69663          	bne	a3,a1,da8 <RCC_GetClocksFreq+0x15e>
     da0:	46d1                	li	a3,20
     da2:	02e68733          	mul	a4,a3,a4
     da6:	bfc9                	j	d78 <RCC_GetClocksFreq+0x12e>
     da8:	0689                	addi	a3,a3,2
     daa:	bfe5                	j	da2 <RCC_GetClocksFreq+0x158>
     dac:	8b3d                	andi	a4,a4,15
     dae:	00170693          	addi	a3,a4,1 # 40021001 <__freertos_irq_stack_top+0x20011001>
     db2:	007a1737          	lui	a4,0x7a1
     db6:	20070713          	addi	a4,a4,512 # 7a1200 <_data_lma+0x792ce8>
     dba:	02d75733          	divu	a4,a4,a3
     dbe:	b7f1                	j	d8a <RCC_GetClocksFreq+0x140>

00000dc0 <RCC_AHBPeriphClockCmd>:
     dc0:	c599                	beqz	a1,dce <RCC_AHBPeriphClockCmd+0xe>
     dc2:	40021737          	lui	a4,0x40021
     dc6:	4b5c                	lw	a5,20(a4)
     dc8:	8d5d                	or	a0,a0,a5
     dca:	cb48                	sw	a0,20(a4)
     dcc:	8082                	ret
     dce:	400217b7          	lui	a5,0x40021
     dd2:	4bd8                	lw	a4,20(a5)
     dd4:	fff54513          	not	a0,a0
     dd8:	8d79                	and	a0,a0,a4
     dda:	cbc8                	sw	a0,20(a5)
     ddc:	8082                	ret

00000dde <RCC_APB2PeriphClockCmd>:
     dde:	c599                	beqz	a1,dec <RCC_APB2PeriphClockCmd+0xe>
     de0:	40021737          	lui	a4,0x40021
     de4:	4f1c                	lw	a5,24(a4)
     de6:	8d5d                	or	a0,a0,a5
     de8:	cf08                	sw	a0,24(a4)
     dea:	8082                	ret
     dec:	400217b7          	lui	a5,0x40021
     df0:	4f98                	lw	a4,24(a5)
     df2:	fff54513          	not	a0,a0
     df6:	8d79                	and	a0,a0,a4
     df8:	cf88                	sw	a0,24(a5)
     dfa:	8082                	ret

00000dfc <RCC_GetFlagStatus>:
     dfc:	00555793          	srli	a5,a0,0x5
     e00:	4705                	li	a4,1
     e02:	00e79963          	bne	a5,a4,e14 <RCC_GetFlagStatus+0x18>
     e06:	400217b7          	lui	a5,0x40021
     e0a:	439c                	lw	a5,0(a5)
     e0c:	00a7d533          	srl	a0,a5,a0
     e10:	8905                	andi	a0,a0,1
     e12:	8082                	ret
     e14:	4709                	li	a4,2
     e16:	00e79663          	bne	a5,a4,e22 <RCC_GetFlagStatus+0x26>
     e1a:	400217b7          	lui	a5,0x40021
     e1e:	539c                	lw	a5,32(a5)
     e20:	b7f5                	j	e0c <RCC_GetFlagStatus+0x10>
     e22:	400217b7          	lui	a5,0x40021
     e26:	53dc                	lw	a5,36(a5)
     e28:	b7d5                	j	e0c <RCC_GetFlagStatus+0x10>

00000e2a <RCC_PREDIV2Config>:
     e2a:	40021737          	lui	a4,0x40021
     e2e:	575c                	lw	a5,44(a4)
     e30:	f0f7f793          	andi	a5,a5,-241
     e34:	8d5d                	or	a0,a0,a5
     e36:	d748                	sw	a0,44(a4)
     e38:	8082                	ret

00000e3a <RCC_PLL3Config>:
     e3a:	400216b7          	lui	a3,0x40021
     e3e:	56dc                	lw	a5,44(a3)
     e40:	7745                	lui	a4,0xffff1
     e42:	177d                	addi	a4,a4,-1
     e44:	8ff9                	and	a5,a5,a4
     e46:	8d5d                	or	a0,a0,a5
     e48:	d6c8                	sw	a0,44(a3)
     e4a:	8082                	ret

00000e4c <RCC_PLL3Cmd>:
     e4c:	c909                	beqz	a0,e5e <RCC_PLL3Cmd+0x12>
     e4e:	40021737          	lui	a4,0x40021
     e52:	431c                	lw	a5,0(a4)
     e54:	100006b7          	lui	a3,0x10000
     e58:	8fd5                	or	a5,a5,a3
     e5a:	c31c                	sw	a5,0(a4)
     e5c:	8082                	ret
     e5e:	400216b7          	lui	a3,0x40021
     e62:	429c                	lw	a5,0(a3)
     e64:	f0000737          	lui	a4,0xf0000
     e68:	177d                	addi	a4,a4,-1
     e6a:	8ff9                	and	a5,a5,a4
     e6c:	c29c                	sw	a5,0(a3)
     e6e:	8082                	ret

00000e70 <RCC_AHBPeriphResetCmd>:
     e70:	c599                	beqz	a1,e7e <RCC_AHBPeriphResetCmd+0xe>
     e72:	40021737          	lui	a4,0x40021
     e76:	571c                	lw	a5,40(a4)
     e78:	8d5d                	or	a0,a0,a5
     e7a:	d708                	sw	a0,40(a4)
     e7c:	8082                	ret
     e7e:	400217b7          	lui	a5,0x40021
     e82:	5798                	lw	a4,40(a5)
     e84:	fff54513          	not	a0,a0
     e88:	8d79                	and	a0,a0,a4
     e8a:	d788                	sw	a0,40(a5)
     e8c:	8082                	ret

00000e8e <USART_Init>:
     e8e:	e80ff2ef          	jal	t0,50e <__riscv_save_0>
     e92:	291a                	lhu	a4,16(a0)
     e94:	77f5                	lui	a5,0xffffd
     e96:	17fd                	addi	a5,a5,-1
     e98:	8ff9                	and	a5,a5,a4
     e9a:	21fa                	lhu	a4,6(a1)
     e9c:	7179                	addi	sp,sp,-48
     e9e:	842a                	mv	s0,a0
     ea0:	8fd9                	or	a5,a5,a4
     ea2:	a91e                	sh	a5,16(a0)
     ea4:	259a                	lhu	a4,8(a1)
     ea6:	21de                	lhu	a5,4(a1)
     ea8:	2556                	lhu	a3,12(a0)
     eaa:	c62e                	sw	a1,12(sp)
     eac:	8fd9                	or	a5,a5,a4
     eae:	25ba                	lhu	a4,10(a1)
     eb0:	8fd9                	or	a5,a5,a4
     eb2:	777d                	lui	a4,0xfffff
     eb4:	9f370713          	addi	a4,a4,-1549 # ffffe9f3 <__freertos_irq_stack_top+0xdffee9f3>
     eb8:	8f75                	and	a4,a4,a3
     eba:	8fd9                	or	a5,a5,a4
     ebc:	a55e                	sh	a5,12(a0)
     ebe:	295e                	lhu	a5,20(a0)
     ec0:	25da                	lhu	a4,12(a1)
     ec2:	07c2                	slli	a5,a5,0x10
     ec4:	83c1                	srli	a5,a5,0x10
     ec6:	cff7f793          	andi	a5,a5,-769
     eca:	8fd9                	or	a5,a5,a4
     ecc:	a95e                	sh	a5,20(a0)
     ece:	0868                	addi	a0,sp,28
     ed0:	3bad                	jal	c4a <RCC_GetClocksFreq>
     ed2:	400147b7          	lui	a5,0x40014
     ed6:	80078793          	addi	a5,a5,-2048 # 40013800 <__freertos_irq_stack_top+0x20003800>
     eda:	45b2                	lw	a1,12(sp)
     edc:	04f41163          	bne	s0,a5,f1e <USART_Init+0x90>
     ee0:	57a2                	lw	a5,40(sp)
     ee2:	4765                	li	a4,25
     ee4:	02e787b3          	mul	a5,a5,a4
     ee8:	4198                	lw	a4,0(a1)
     eea:	06400613          	li	a2,100
     eee:	070a                	slli	a4,a4,0x2
     ef0:	02e7d7b3          	divu	a5,a5,a4
     ef4:	02c7d6b3          	divu	a3,a5,a2
     ef8:	02c7f7b3          	remu	a5,a5,a2
     efc:	0692                	slli	a3,a3,0x4
     efe:	00479713          	slli	a4,a5,0x4
     f02:	03270793          	addi	a5,a4,50
     f06:	63f00713          	li	a4,1599
     f0a:	00f77c63          	bgeu	a4,a5,f22 <USART_Init+0x94>
     f0e:	01068793          	addi	a5,a3,16 # 40021010 <__freertos_irq_stack_top+0x20011010>
     f12:	07c2                	slli	a5,a5,0x10
     f14:	83c1                	srli	a5,a5,0x10
     f16:	a41e                	sh	a5,8(s0)
     f18:	6145                	addi	sp,sp,48
     f1a:	e18ff06f          	j	532 <__riscv_restore_0>
     f1e:	5792                	lw	a5,36(sp)
     f20:	b7c9                	j	ee2 <USART_Init+0x54>
     f22:	02c7d7b3          	divu	a5,a5,a2
     f26:	8fd5                	or	a5,a5,a3
     f28:	b7ed                	j	f12 <USART_Init+0x84>

00000f2a <USART_Cmd>:
     f2a:	c591                	beqz	a1,f36 <USART_Cmd+0xc>
     f2c:	255e                	lhu	a5,12(a0)
     f2e:	6709                	lui	a4,0x2
     f30:	8fd9                	or	a5,a5,a4
     f32:	a55e                	sh	a5,12(a0)
     f34:	8082                	ret
     f36:	255a                	lhu	a4,12(a0)
     f38:	77f9                	lui	a5,0xffffe
     f3a:	17fd                	addi	a5,a5,-1
     f3c:	8ff9                	and	a5,a5,a4
     f3e:	bfd5                	j	f32 <USART_Cmd+0x8>

00000f40 <USART_SendData>:
     f40:	1ff5f593          	andi	a1,a1,511
     f44:	a14e                	sh	a1,4(a0)
     f46:	8082                	ret

00000f48 <USART_GetFlagStatus>:
     f48:	210a                	lhu	a0,0(a0)
     f4a:	8d6d                	and	a0,a0,a1
     f4c:	00a03533          	snez	a0,a0
     f50:	8082                	ret

00000f52 <sys_init>:
     f52:	8082                	ret

00000f54 <sys_now>:
     f54:	dbaff2ef          	jal	t0,50e <__riscv_save_0>
     f58:	6d5080ef          	jal	ra,9e2c <xTaskGetTickCount>
     f5c:	0506                	slli	a0,a0,0x1
     f5e:	dd4ff06f          	j	532 <__riscv_restore_0>

00000f62 <sys_arch_protect>:
     f62:	dacff2ef          	jal	t0,50e <__riscv_save_0>
     f66:	701070ef          	jal	ra,8e66 <vPortEnterCritical>
     f6a:	4505                	li	a0,1
     f6c:	dc6ff06f          	j	532 <__riscv_restore_0>

00000f70 <sys_arch_unprotect>:
     f70:	d9eff2ef          	jal	t0,50e <__riscv_save_0>
     f74:	707070ef          	jal	ra,8e7a <vPortExitCritical>
     f78:	dbaff06f          	j	532 <__riscv_restore_0>

00000f7c <sys_mutex_new>:
     f7c:	d92ff2ef          	jal	t0,50e <__riscv_save_0>
     f80:	ed01                	bnez	a0,f98 <sys_mutex_new+0x1c>
     f82:	0000c5b7          	lui	a1,0xc
     f86:	0000c537          	lui	a0,0xc
     f8a:	48058593          	addi	a1,a1,1152 # c480 <_read+0x140>
     f8e:	49050513          	addi	a0,a0,1168 # c490 <_read+0x150>
     f92:	1180a0ef          	jal	ra,b0aa <iprintf>
     f96:	a001                	j	f96 <sys_mutex_new+0x1a>
     f98:	842a                	mv	s0,a0
     f9a:	4511                	li	a0,4
     f9c:	3a4080ef          	jal	ra,9340 <xQueueCreateMutex>
     fa0:	c008                	sw	a0,0(s0)
     fa2:	00153513          	seqz	a0,a0
     fa6:	40a00533          	neg	a0,a0
     faa:	d88ff06f          	j	532 <__riscv_restore_0>

00000fae <sys_mutex_lock>:
     fae:	d60ff2ef          	jal	t0,50e <__riscv_save_0>
     fb2:	ed01                	bnez	a0,fca <sys_mutex_lock+0x1c>
     fb4:	0000c5b7          	lui	a1,0xc
     fb8:	0000c537          	lui	a0,0xc
     fbc:	48058593          	addi	a1,a1,1152 # c480 <_read+0x140>
     fc0:	49050513          	addi	a0,a0,1168 # c490 <_read+0x150>
     fc4:	0e60a0ef          	jal	ra,b0aa <iprintf>
     fc8:	a001                	j	fc8 <sys_mutex_lock+0x1a>
     fca:	4108                	lw	a0,0(a0)
     fcc:	ed01                	bnez	a0,fe4 <sys_mutex_lock+0x36>
     fce:	0000c5b7          	lui	a1,0xc
     fd2:	0000c537          	lui	a0,0xc
     fd6:	45058593          	addi	a1,a1,1104 # c450 <_read+0x110>
     fda:	49050513          	addi	a0,a0,1168 # c490 <_read+0x150>
     fde:	0cc0a0ef          	jal	ra,b0aa <iprintf>
     fe2:	a001                	j	fe2 <sys_mutex_lock+0x34>
     fe4:	55fd                	li	a1,-1
     fe6:	10d080ef          	jal	ra,98f2 <xQueueTakeMutexRecursive>
     fea:	4785                	li	a5,1
     fec:	00f50d63          	beq	a0,a5,1006 <sys_mutex_lock+0x58>
     ff0:	0000c5b7          	lui	a1,0xc
     ff4:	0000c537          	lui	a0,0xc
     ff8:	46458593          	addi	a1,a1,1124 # c464 <_read+0x124>
     ffc:	49050513          	addi	a0,a0,1168 # c490 <_read+0x150>
    1000:	0aa0a0ef          	jal	ra,b0aa <iprintf>
    1004:	a001                	j	1004 <sys_mutex_lock+0x56>
    1006:	d2cff06f          	j	532 <__riscv_restore_0>

0000100a <sys_mutex_unlock>:
    100a:	d04ff2ef          	jal	t0,50e <__riscv_save_0>
    100e:	ed01                	bnez	a0,1026 <sys_mutex_unlock+0x1c>
    1010:	0000c5b7          	lui	a1,0xc
    1014:	0000c537          	lui	a0,0xc
    1018:	48058593          	addi	a1,a1,1152 # c480 <_read+0x140>
    101c:	49050513          	addi	a0,a0,1168 # c490 <_read+0x150>
    1020:	08a0a0ef          	jal	ra,b0aa <iprintf>
    1024:	a001                	j	1024 <sys_mutex_unlock+0x1a>
    1026:	4108                	lw	a0,0(a0)
    1028:	ed01                	bnez	a0,1040 <sys_mutex_unlock+0x36>
    102a:	0000c5b7          	lui	a1,0xc
    102e:	0000c537          	lui	a0,0xc
    1032:	45058593          	addi	a1,a1,1104 # c450 <_read+0x110>
    1036:	49050513          	addi	a0,a0,1168 # c490 <_read+0x150>
    103a:	0700a0ef          	jal	ra,b0aa <iprintf>
    103e:	a001                	j	103e <sys_mutex_unlock+0x34>
    1040:	32e080ef          	jal	ra,936e <xQueueGiveMutexRecursive>
    1044:	4785                	li	a5,1
    1046:	00f50d63          	beq	a0,a5,1060 <sys_mutex_unlock+0x56>
    104a:	0000c5b7          	lui	a1,0xc
    104e:	0000c537          	lui	a0,0xc
    1052:	4a858593          	addi	a1,a1,1192 # c4a8 <_read+0x168>
    1056:	49050513          	addi	a0,a0,1168 # c490 <_read+0x150>
    105a:	0500a0ef          	jal	ra,b0aa <iprintf>
    105e:	a001                	j	105e <sys_mutex_unlock+0x54>
    1060:	cd2ff06f          	j	532 <__riscv_restore_0>

00001064 <sys_mbox_new>:
    1064:	caaff2ef          	jal	t0,50e <__riscv_save_0>
    1068:	842a                	mv	s0,a0
    106a:	ed01                	bnez	a0,1082 <sys_mbox_new+0x1e>
    106c:	0000c5b7          	lui	a1,0xc
    1070:	0000c537          	lui	a0,0xc
    1074:	3f858593          	addi	a1,a1,1016 # c3f8 <_read+0xb8>
    1078:	49050513          	addi	a0,a0,1168 # c490 <_read+0x150>
    107c:	02e0a0ef          	jal	ra,b0aa <iprintf>
    1080:	a001                	j	1080 <sys_mbox_new+0x1c>
    1082:	852e                	mv	a0,a1
    1084:	00b04d63          	bgtz	a1,109e <sys_mbox_new+0x3a>
    1088:	0000c5b7          	lui	a1,0xc
    108c:	0000c537          	lui	a0,0xc
    1090:	40858593          	addi	a1,a1,1032 # c408 <_read+0xc8>
    1094:	49050513          	addi	a0,a0,1168 # c490 <_read+0x150>
    1098:	0120a0ef          	jal	ra,b0aa <iprintf>
    109c:	a001                	j	109c <sys_mbox_new+0x38>
    109e:	4601                	li	a2,0
    10a0:	4591                	li	a1,4
    10a2:	092080ef          	jal	ra,9134 <xQueueGenericCreate>
    10a6:	c008                	sw	a0,0(s0)
    10a8:	00153513          	seqz	a0,a0
    10ac:	40a00533          	neg	a0,a0
    10b0:	c82ff06f          	j	532 <__riscv_restore_0>

000010b4 <sys_mbox_trypost>:
    10b4:	c5aff2ef          	jal	t0,50e <__riscv_save_0>
    10b8:	1141                	addi	sp,sp,-16
    10ba:	c62e                	sw	a1,12(sp)
    10bc:	ed01                	bnez	a0,10d4 <sys_mbox_trypost+0x20>
    10be:	0000c5b7          	lui	a1,0xc
    10c2:	0000c537          	lui	a0,0xc
    10c6:	3f858593          	addi	a1,a1,1016 # c3f8 <_read+0xb8>
    10ca:	49050513          	addi	a0,a0,1168 # c490 <_read+0x150>
    10ce:	7dd090ef          	jal	ra,b0aa <iprintf>
    10d2:	a001                	j	10d2 <sys_mbox_trypost+0x1e>
    10d4:	4108                	lw	a0,0(a0)
    10d6:	ed01                	bnez	a0,10ee <sys_mbox_trypost+0x3a>
    10d8:	0000c5b7          	lui	a1,0xc
    10dc:	0000c537          	lui	a0,0xc
    10e0:	41458593          	addi	a1,a1,1044 # c414 <_read+0xd4>
    10e4:	49050513          	addi	a0,a0,1168 # c490 <_read+0x150>
    10e8:	7c3090ef          	jal	ra,b0aa <iprintf>
    10ec:	a001                	j	10ec <sys_mbox_trypost+0x38>
    10ee:	4681                	li	a3,0
    10f0:	4601                	li	a2,0
    10f2:	006c                	addi	a1,sp,12
    10f4:	0ac080ef          	jal	ra,91a0 <xQueueGenericSend>
    10f8:	4785                	li	a5,1
    10fa:	00f50e63          	beq	a0,a5,1116 <sys_mbox_trypost+0x62>
    10fe:	c105                	beqz	a0,111e <sys_mbox_trypost+0x6a>
    1100:	0000c5b7          	lui	a1,0xc
    1104:	0000c537          	lui	a0,0xc
    1108:	43c58593          	addi	a1,a1,1084 # c43c <_read+0xfc>
    110c:	49050513          	addi	a0,a0,1168 # c490 <_read+0x150>
    1110:	79b090ef          	jal	ra,b0aa <iprintf>
    1114:	a001                	j	1114 <sys_mbox_trypost+0x60>
    1116:	4501                	li	a0,0
    1118:	0141                	addi	sp,sp,16
    111a:	c18ff06f          	j	532 <__riscv_restore_0>
    111e:	557d                	li	a0,-1
    1120:	bfe5                	j	1118 <sys_mbox_trypost+0x64>

00001122 <sys_arch_mbox_fetch>:
    1122:	becff2ef          	jal	t0,50e <__riscv_save_0>
    1126:	1141                	addi	sp,sp,-16
    1128:	ed01                	bnez	a0,1140 <sys_arch_mbox_fetch+0x1e>
    112a:	0000c5b7          	lui	a1,0xc
    112e:	0000c537          	lui	a0,0xc
    1132:	3f858593          	addi	a1,a1,1016 # c3f8 <_read+0xb8>
    1136:	49050513          	addi	a0,a0,1168 # c490 <_read+0x150>
    113a:	771090ef          	jal	ra,b0aa <iprintf>
    113e:	a001                	j	113e <sys_arch_mbox_fetch+0x1c>
    1140:	4108                	lw	a0,0(a0)
    1142:	ed01                	bnez	a0,115a <sys_arch_mbox_fetch+0x38>
    1144:	0000c5b7          	lui	a1,0xc
    1148:	0000c537          	lui	a0,0xc
    114c:	41458593          	addi	a1,a1,1044 # c414 <_read+0xd4>
    1150:	49050513          	addi	a0,a0,1168 # c490 <_read+0x150>
    1154:	757090ef          	jal	ra,b0aa <iprintf>
    1158:	a001                	j	1158 <sys_arch_mbox_fetch+0x36>
    115a:	842e                	mv	s0,a1
    115c:	e191                	bnez	a1,1160 <sys_arch_mbox_fetch+0x3e>
    115e:	0060                	addi	s0,sp,12
    1160:	e21d                	bnez	a2,1186 <sys_arch_mbox_fetch+0x64>
    1162:	567d                	li	a2,-1
    1164:	85a2                	mv	a1,s0
    1166:	478080ef          	jal	ra,95de <xQueueReceive>
    116a:	4785                	li	a5,1
    116c:	04f50663          	beq	a0,a5,11b8 <sys_arch_mbox_fetch+0x96>
    1170:	0000c5b7          	lui	a1,0xc
    1174:	0000c537          	lui	a0,0xc
    1178:	3e458593          	addi	a1,a1,996 # c3e4 <_read+0xa4>
    117c:	49050513          	addi	a0,a0,1168 # c490 <_read+0x150>
    1180:	72b090ef          	jal	ra,b0aa <iprintf>
    1184:	a001                	j	1184 <sys_arch_mbox_fetch+0x62>
    1186:	8205                	srli	a2,a2,0x1
    1188:	85a2                	mv	a1,s0
    118a:	454080ef          	jal	ra,95de <xQueueReceive>
    118e:	e519                	bnez	a0,119c <sys_arch_mbox_fetch+0x7a>
    1190:	00042023          	sw	zero,0(s0) # 40028000 <__freertos_irq_stack_top+0x20018000>
    1194:	557d                	li	a0,-1
    1196:	0141                	addi	sp,sp,16
    1198:	b9aff06f          	j	532 <__riscv_restore_0>
    119c:	4785                	li	a5,1
    119e:	00f50d63          	beq	a0,a5,11b8 <sys_arch_mbox_fetch+0x96>
    11a2:	0000c5b7          	lui	a1,0xc
    11a6:	0000c537          	lui	a0,0xc
    11aa:	3e458593          	addi	a1,a1,996 # c3e4 <_read+0xa4>
    11ae:	49050513          	addi	a0,a0,1168 # c490 <_read+0x150>
    11b2:	6f9090ef          	jal	ra,b0aa <iprintf>
    11b6:	a001                	j	11b6 <sys_arch_mbox_fetch+0x94>
    11b8:	4505                	li	a0,1
    11ba:	bff1                	j	1196 <sys_arch_mbox_fetch+0x74>

000011bc <sys_thread_new>:
    11bc:	b52ff2ef          	jal	t0,50e <__riscv_save_0>
    11c0:	1141                	addi	sp,sp,-16
    11c2:	00d04d63          	bgtz	a3,11dc <sys_thread_new+0x20>
    11c6:	0000c5b7          	lui	a1,0xc
    11ca:	0000c537          	lui	a0,0xc
    11ce:	4c458593          	addi	a1,a1,1220 # c4c4 <_read+0x184>
    11d2:	49050513          	addi	a0,a0,1168 # c490 <_read+0x150>
    11d6:	6d5090ef          	jal	ra,b0aa <iprintf>
    11da:	a001                	j	11da <sys_thread_new+0x1e>
    11dc:	882a                	mv	a6,a0
    11de:	852e                	mv	a0,a1
    11e0:	0026d593          	srli	a1,a3,0x2
    11e4:	86b2                	mv	a3,a2
    11e6:	01059613          	slli	a2,a1,0x10
    11ea:	007c                	addi	a5,sp,12
    11ec:	8241                	srli	a2,a2,0x10
    11ee:	85c2                	mv	a1,a6
    11f0:	119080ef          	jal	ra,9b08 <xTaskCreate>
    11f4:	4785                	li	a5,1
    11f6:	00f50d63          	beq	a0,a5,1210 <sys_thread_new+0x54>
    11fa:	0000c5b7          	lui	a1,0xc
    11fe:	0000c537          	lui	a0,0xc
    1202:	4d858593          	addi	a1,a1,1240 # c4d8 <_read+0x198>
    1206:	49050513          	addi	a0,a0,1168 # c490 <_read+0x150>
    120a:	6a1090ef          	jal	ra,b0aa <iprintf>
    120e:	a001                	j	120e <sys_thread_new+0x52>
    1210:	4532                	lw	a0,12(sp)
    1212:	0141                	addi	sp,sp,16
    1214:	b1eff06f          	j	532 <__riscv_restore_0>

00001218 <low_level_output>:
    1218:	adcff2ef          	jal	t0,4f4 <__riscv_save_4>
    121c:	0085d983          	lhu	s3,8(a1)
    1220:	5f400793          	li	a5,1524
    1224:	557d                	li	a0,-1
    1226:	0337e263          	bltu	a5,s3,124a <low_level_output+0x32>
    122a:	842e                	mv	s0,a1
    122c:	101090ef          	jal	ra,ab2c <ETH_GetTxBuf>
    1230:	892a                	mv	s2,a0
    1232:	e115                	bnez	a0,1256 <low_level_output+0x3e>
    1234:	200007b7          	lui	a5,0x20000
    1238:	0e07a503          	lw	a0,224(a5) # 200000e0 <eth_tx_semaphore>
    123c:	45e5                	li	a1,25
    123e:	500080ef          	jal	ra,973e <xQueueSemaphoreTake>
    1242:	4785                	li	a5,1
    1244:	00f50563          	beq	a0,a5,124e <low_level_output+0x36>
    1248:	5551                	li	a0,-12
    124a:	adeff06f          	j	528 <__riscv_restore_4>
    124e:	0df090ef          	jal	ra,ab2c <ETH_GetTxBuf>
    1252:	892a                	mv	s2,a0
    1254:	d975                	beqz	a0,1248 <low_level_output+0x30>
    1256:	4481                	li	s1,0
    1258:	2432                	lhu	a2,10(s0)
    125a:	404c                	lw	a1,4(s0)
    125c:	00990533          	add	a0,s2,s1
    1260:	599090ef          	jal	ra,aff8 <memcpy>
    1264:	243e                	lhu	a5,10(s0)
    1266:	4000                	lw	s0,0(s0)
    1268:	94be                	add	s1,s1,a5
    126a:	04c2                	slli	s1,s1,0x10
    126c:	80c1                	srli	s1,s1,0x10
    126e:	f46d                	bnez	s0,1258 <low_level_output+0x40>
    1270:	854e                	mv	a0,s3
    1272:	0cf090ef          	jal	ra,ab40 <ETH_SendFrame>
    1276:	4501                	li	a0,0
    1278:	bfc9                	j	124a <low_level_output+0x32>

0000127a <ethernetif_sync_init>:
    127a:	a94ff2ef          	jal	t0,50e <__riscv_save_0>
    127e:	460d                	li	a2,3
    1280:	4581                	li	a1,0
    1282:	4505                	li	a0,1
    1284:	20000437          	lui	s0,0x20000
    1288:	6ad070ef          	jal	ra,9134 <xQueueGenericCreate>
    128c:	0dc40413          	addi	s0,s0,220 # 200000dc <eth_rx_semaphore>
    1290:	c008                	sw	a0,0(s0)
    1292:	460d                	li	a2,3
    1294:	4581                	li	a1,0
    1296:	4505                	li	a0,1
    1298:	69d070ef          	jal	ra,9134 <xQueueGenericCreate>
    129c:	200007b7          	lui	a5,0x20000
    12a0:	0ea7a023          	sw	a0,224(a5) # 200000e0 <eth_tx_semaphore>
    12a4:	401c                	lw	a5,0(s0)
    12a6:	e395                	bnez	a5,12ca <ethernetif_sync_init+0x50>
    12a8:	08800793          	li	a5,136
    12ac:	8007b073          	csrc	0x800,a5
    12b0:	0000c637          	lui	a2,0xc
    12b4:	0000c537          	lui	a0,0xc
    12b8:	50060613          	addi	a2,a2,1280 # c500 <_read+0x1c0>
    12bc:	02e00593          	li	a1,46
    12c0:	51c50513          	addi	a0,a0,1308 # c51c <_read+0x1dc>
    12c4:	5e7090ef          	jal	ra,b0aa <iprintf>
    12c8:	a001                	j	12c8 <ethernetif_sync_init+0x4e>
    12ca:	e115                	bnez	a0,12ee <ethernetif_sync_init+0x74>
    12cc:	08800793          	li	a5,136
    12d0:	8007b073          	csrc	0x800,a5
    12d4:	0000c637          	lui	a2,0xc
    12d8:	0000c537          	lui	a0,0xc
    12dc:	50060613          	addi	a2,a2,1280 # c500 <_read+0x1c0>
    12e0:	02f00593          	li	a1,47
    12e4:	51c50513          	addi	a0,a0,1308 # c51c <_read+0x1dc>
    12e8:	5c3090ef          	jal	ra,b0aa <iprintf>
    12ec:	a001                	j	12ec <ethernetif_sync_init+0x72>
    12ee:	a44ff06f          	j	532 <__riscv_restore_0>

000012f2 <ethernetif_rx_signal>:
    12f2:	a1cff2ef          	jal	t0,50e <__riscv_save_0>
    12f6:	200007b7          	lui	a5,0x20000
    12fa:	0dc7a503          	lw	a0,220(a5) # 200000dc <eth_rx_semaphore>
    12fe:	1141                	addi	sp,sp,-16
    1300:	006c                	addi	a1,sp,12
    1302:	c602                	sw	zero,12(sp)
    1304:	1de080ef          	jal	ra,94e2 <xQueueGiveFromISR>
    1308:	47b2                	lw	a5,12(sp)
    130a:	c791                	beqz	a5,1316 <ethernetif_rx_signal+0x24>
    130c:	e000e7b7          	lui	a5,0xe000e
    1310:	6711                	lui	a4,0x4
    1312:	20e7a023          	sw	a4,512(a5) # e000e200 <__freertos_irq_stack_top+0xbfffe200>
    1316:	0141                	addi	sp,sp,16
    1318:	a1aff06f          	j	532 <__riscv_restore_0>

0000131c <ethernetif_tx_signal>:
    131c:	9f2ff2ef          	jal	t0,50e <__riscv_save_0>
    1320:	200007b7          	lui	a5,0x20000
    1324:	0e07a503          	lw	a0,224(a5) # 200000e0 <eth_tx_semaphore>
    1328:	1141                	addi	sp,sp,-16
    132a:	006c                	addi	a1,sp,12
    132c:	c602                	sw	zero,12(sp)
    132e:	1b4080ef          	jal	ra,94e2 <xQueueGiveFromISR>
    1332:	47b2                	lw	a5,12(sp)
    1334:	c791                	beqz	a5,1340 <ethernetif_tx_signal+0x24>
    1336:	e000e7b7          	lui	a5,0xe000e
    133a:	6711                	lui	a4,0x4
    133c:	20e7a023          	sw	a4,512(a5) # e000e200 <__freertos_irq_stack_top+0xbfffe200>
    1340:	0141                	addi	sp,sp,16
    1342:	9f0ff06f          	j	532 <__riscv_restore_0>

00001346 <ethernetif_input>:
    1346:	9c8ff2ef          	jal	t0,50e <__riscv_save_0>
    134a:	200007b7          	lui	a5,0x20000
    134e:	84aa                	mv	s1,a0
    1350:	0dc7a503          	lw	a0,220(a5) # 200000dc <eth_rx_semaphore>
    1354:	1141                	addi	sp,sp,-16
    1356:	4595                	li	a1,5
    1358:	3e6080ef          	jal	ra,973e <xQueueSemaphoreTake>
    135c:	00e10513          	addi	a0,sp,14
    1360:	762090ef          	jal	ra,aac2 <ETH_RecPeek>
    1364:	892a                	mv	s2,a0
    1366:	c105                	beqz	a0,1386 <ethernetif_input+0x40>
    1368:	872c                	lhu	a1,14(sp)
    136a:	18200613          	li	a2,386
    136e:	4501                	li	a0,0
    1370:	1de030ef          	jal	ra,454e <pbuf_alloc>
    1374:	842a                	mv	s0,a0
    1376:	c509                	beqz	a0,1380 <ethernetif_input+0x3a>
    1378:	8730                	lhu	a2,14(sp)
    137a:	85ca                	mv	a1,s2
    137c:	658030ef          	jal	ra,49d4 <pbuf_take>
    1380:	792090ef          	jal	ra,ab12 <ETH_RecFree>
    1384:	e401                	bnez	s0,138c <ethernetif_input+0x46>
    1386:	0141                	addi	sp,sp,16
    1388:	9aaff06f          	j	532 <__riscv_restore_0>
    138c:	489c                	lw	a5,16(s1)
    138e:	85a6                	mv	a1,s1
    1390:	8522                	mv	a0,s0
    1392:	9782                	jalr	a5
    1394:	d561                	beqz	a0,135c <ethernetif_input+0x16>
    1396:	8522                	mv	a0,s0
    1398:	114030ef          	jal	ra,44ac <pbuf_free>
    139c:	b7c1                	j	135c <ethernetif_input+0x16>

0000139e <ethernetif_init>:
    139e:	ed11                	bnez	a0,13ba <ethernetif_init+0x1c>
    13a0:	96eff2ef          	jal	t0,50e <__riscv_save_0>
    13a4:	0000c5b7          	lui	a1,0xc
    13a8:	0000c537          	lui	a0,0xc
    13ac:	4f058593          	addi	a1,a1,1264 # c4f0 <_read+0x1b0>
    13b0:	49050513          	addi	a0,a0,1168 # c490 <_read+0x150>
    13b4:	4f7090ef          	jal	ra,b0aa <iprintf>
    13b8:	a001                	j	13b8 <ethernetif_init+0x1a>
    13ba:	000037b7          	lui	a5,0x3
    13be:	fb678793          	addi	a5,a5,-74 # 2fb6 <etharp_output>
    13c2:	c95c                	sw	a5,20(a0)
    13c4:	000017b7          	lui	a5,0x1
    13c8:	21878793          	addi	a5,a5,536 # 1218 <low_level_output>
    13cc:	cd1c                	sw	a5,24(a0)
    13ce:	5dc00793          	li	a5,1500
    13d2:	b17e                	sh	a5,38(a0)
    13d4:	6789                	lui	a5,0x2
    13d6:	a0678793          	addi	a5,a5,-1530 # 1a06 <dhcp_handle_ack.isra.4+0x82>
    13da:	b57e                	sh	a5,46(a0)
    13dc:	679d                	lui	a5,0x7
    13de:	e6578793          	addi	a5,a5,-411 # 6e65 <tcp_input+0x8a5>
    13e2:	b91e                	sh	a5,48(a0)
    13e4:	4501                	li	a0,0
    13e6:	8082                	ret

000013e8 <lwip_netif_thread>:
    13e8:	90cff2ef          	jal	t0,4f4 <__riscv_save_4>
    13ec:	84aa                	mv	s1,a0
    13ee:	4401                	li	s0,0
    13f0:	000049b7          	lui	s3,0x4
    13f4:	0000c937          	lui	s2,0xc
    13f8:	00004ab7          	lui	s5,0x4
    13fc:	0000cb37          	lui	s6,0xc
    1400:	8526                	mv	a0,s1
    1402:	3791                	jal	1346 <ethernetif_input>
    1404:	788090ef          	jal	ra,ab8c <WCHNET_HandlePhyNegotiation>
    1408:	9b01c783          	lbu	a5,-1616(gp) # 20000230 <LinkSta>
    140c:	0ff7f793          	andi	a5,a5,255
    1410:	c385                	beqz	a5,1430 <lwip_netif_thread+0x48>
    1412:	f47d                	bnez	s0,1400 <lwip_netif_thread+0x18>
    1414:	4601                	li	a2,0
    1416:	2b2a8593          	addi	a1,s5,690 # 42b2 <netif_set_link_up>
    141a:	8526                	mv	a0,s1
    141c:	46e070ef          	jal	ra,888a <netifapi_netif_common>
    1420:	758090ef          	jal	ra,ab78 <ETH_EnableMacFilter>
    1424:	5d4b0513          	addi	a0,s6,1492 # c5d4 <_read+0x294>
    1428:	597090ef          	jal	ra,b1be <puts>
    142c:	4405                	li	s0,1
    142e:	bfc9                	j	1400 <lwip_netif_thread+0x18>
    1430:	d861                	beqz	s0,1400 <lwip_netif_thread+0x18>
    1432:	4601                	li	a2,0
    1434:	2ea98593          	addi	a1,s3,746 # 42ea <netif_set_link_down>
    1438:	8526                	mv	a0,s1
    143a:	450070ef          	jal	ra,888a <netifapi_netif_common>
    143e:	5e090513          	addi	a0,s2,1504 # c5e0 <_read+0x2a0>
    1442:	57d090ef          	jal	ra,b1be <puts>
    1446:	4401                	li	s0,0
    1448:	bf65                	j	1400 <lwip_netif_thread+0x18>

0000144a <localtime_timer_cb>:
    144a:	8c4ff2ef          	jal	t0,50e <__riscv_save_0>
    144e:	4529                	li	a0,10
    1450:	666090ef          	jal	ra,aab6 <WCHNET_TimeIsr>
    1454:	8deff06f          	j	532 <__riscv_restore_0>

00001458 <LwIP_Init>:
    1458:	8b6ff2ef          	jal	t0,50e <__riscv_save_0>
    145c:	111bc7b7          	lui	a5,0x111bc
    1460:	1141                	addi	sp,sp,-16
    1462:	f0478793          	addi	a5,a5,-252 # 111bbf04 <_data_lma+0x111ad9ec>
    1466:	c43e                	sw	a5,8(sp)
    1468:	678d                	lui	a5,0x3
    146a:	32278793          	addi	a5,a5,802 # 3322 <icmp_dest_unreach+0x4a>
    146e:	867c                	sh	a5,12(sp)
    1470:	3529                	jal	127a <ethernetif_sync_init>
    1472:	0028                	addi	a0,sp,8
    1474:	7d2090ef          	jal	ra,ac46 <ETH_Init>
    1478:	00001737          	lui	a4,0x1
    147c:	0000c537          	lui	a0,0xc
    1480:	44a70713          	addi	a4,a4,1098 # 144a <localtime_timer_cb>
    1484:	4681                	li	a3,0
    1486:	4605                	li	a2,1
    1488:	4595                	li	a1,5
    148a:	54050513          	addi	a0,a0,1344 # c540 <_read+0x200>
    148e:	544090ef          	jal	ra,a9d2 <xTimerCreate>
    1492:	c919                	beqz	a0,14a8 <LwIP_Init+0x50>
    1494:	842a                	mv	s0,a0
    1496:	197080ef          	jal	ra,9e2c <xTaskGetTickCount>
    149a:	862a                	mv	a2,a0
    149c:	4701                	li	a4,0
    149e:	4681                	li	a3,0
    14a0:	4585                	li	a1,1
    14a2:	8522                	mv	a0,s0
    14a4:	5a0090ef          	jal	ra,aa44 <xTimerGenericCommand>
    14a8:	4581                	li	a1,0
    14aa:	4501                	li	a0,0
    14ac:	5fe070ef          	jal	ra,8aaa <tcpip_init>
    14b0:	00e807b7          	lui	a5,0xe80
    14b4:	200005b7          	lui	a1,0x20000
    14b8:	ea978793          	addi	a5,a5,-343 # e7fea9 <_data_lma+0xe71991>
    14bc:	0ef5a423          	sw	a5,232(a1) # 200000e8 <g_ip>
    14c0:	67c1                	lui	a5,0x10
    14c2:	20000637          	lui	a2,0x20000
    14c6:	17fd                	addi	a5,a5,-1
    14c8:	0ef62623          	sw	a5,236(a2) # 200000ec <g_mask>
    14cc:	cbe807b7          	lui	a5,0xcbe80
    14d0:	200006b7          	lui	a3,0x20000
    14d4:	ea978793          	addi	a5,a5,-343 # cbe7fea9 <__freertos_irq_stack_top+0xabe6fea9>
    14d8:	0ef6a223          	sw	a5,228(a3) # 200000e4 <g_gw>
    14dc:	47a2                	lw	a5,8(sp)
    14de:	9d418413          	addi	s0,gp,-1580 # 20000254 <g_netif>
    14e2:	d41c                	sw	a5,40(s0)
    14e4:	863c                	lhu	a5,12(sp)
    14e6:	00009837          	lui	a6,0x9
    14ea:	0e858593          	addi	a1,a1,232
    14ee:	b45e                	sh	a5,44(s0)
    14f0:	000017b7          	lui	a5,0x1
    14f4:	a0080813          	addi	a6,a6,-1536 # 8a00 <tcpip_input>
    14f8:	39e78793          	addi	a5,a5,926 # 139e <ethernetif_init>
    14fc:	4701                	li	a4,0
    14fe:	0e468693          	addi	a3,a3,228
    1502:	0ec60613          	addi	a2,a2,236
    1506:	9d418513          	addi	a0,gp,-1580 # 20000254 <g_netif>
    150a:	348070ef          	jal	ra,8852 <netifapi_netif_add>
    150e:	85aa                	mv	a1,a0
    1510:	c911                	beqz	a0,1524 <LwIP_Init+0xcc>
    1512:	0000c537          	lui	a0,0xc
    1516:	54c50513          	addi	a0,a0,1356 # c54c <_read+0x20c>
    151a:	391090ef          	jal	ra,b0aa <iprintf>
    151e:	0141                	addi	sp,sp,16
    1520:	812ff06f          	j	532 <__riscv_restore_0>
    1524:	000045b7          	lui	a1,0x4
    1528:	4601                	li	a2,0
    152a:	27858593          	addi	a1,a1,632 # 4278 <netif_set_default>
    152e:	9d418513          	addi	a0,gp,-1580 # 20000254 <g_netif>
    1532:	358070ef          	jal	ra,888a <netifapi_netif_common>
    1536:	000045b7          	lui	a1,0x4
    153a:	4601                	li	a2,0
    153c:	28258593          	addi	a1,a1,642 # 4282 <netif_set_up>
    1540:	9d418513          	addi	a0,gp,-1580 # 20000254 <g_netif>
    1544:	346070ef          	jal	ra,888a <netifapi_netif_common>
    1548:	00440513          	addi	a0,s0,4
    154c:	302020ef          	jal	ra,384e <ip4addr_ntoa>
    1550:	85aa                	mv	a1,a0
    1552:	0000c537          	lui	a0,0xc
    1556:	56450513          	addi	a0,a0,1380 # c564 <_read+0x224>
    155a:	351090ef          	jal	ra,b0aa <iprintf>
    155e:	02d44803          	lbu	a6,45(s0)
    1562:	02c44783          	lbu	a5,44(s0)
    1566:	02b44703          	lbu	a4,43(s0)
    156a:	02a44683          	lbu	a3,42(s0)
    156e:	02944603          	lbu	a2,41(s0)
    1572:	02844583          	lbu	a1,40(s0)
    1576:	0000c537          	lui	a0,0xc
    157a:	57450513          	addi	a0,a0,1396 # c574 <_read+0x234>
    157e:	32d090ef          	jal	ra,b0aa <iprintf>
    1582:	0000c5b7          	lui	a1,0xc
    1586:	00001537          	lui	a0,0x1
    158a:	4781                	li	a5,0
    158c:	4715                	li	a4,5
    158e:	9d418693          	addi	a3,gp,-1580 # 20000254 <g_netif>
    1592:	20000613          	li	a2,512
    1596:	5a058593          	addi	a1,a1,1440 # c5a0 <_read+0x260>
    159a:	3e850513          	addi	a0,a0,1000 # 13e8 <lwip_netif_thread>
    159e:	56a080ef          	jal	ra,9b08 <xTaskCreate>
    15a2:	4785                	li	a5,1
    15a4:	00f50863          	beq	a0,a5,15b4 <LwIP_Init+0x15c>
    15a8:	0000c537          	lui	a0,0xc
    15ac:	5a850513          	addi	a0,a0,1448 # c5a8 <_read+0x268>
    15b0:	40f090ef          	jal	ra,b1be <puts>
    15b4:	0000c537          	lui	a0,0xc
    15b8:	5c450513          	addi	a0,a0,1476 # c5c4 <_read+0x284>
    15bc:	403090ef          	jal	ra,b1be <puts>
    15c0:	bfb9                	j	151e <LwIP_Init+0xc6>

000015c2 <ethernet_input>:
    15c2:	f4dfe2ef          	jal	t0,50e <__riscv_save_0>
    15c6:	253a                	lhu	a4,10(a0)
    15c8:	47b9                	li	a5,14
    15ca:	842a                	mv	s0,a0
    15cc:	04e7f763          	bgeu	a5,a4,161a <ethernet_input+0x58>
    15d0:	357c                	lbu	a5,15(a0)
    15d2:	892e                	mv	s2,a1
    15d4:	e789                	bnez	a5,15de <ethernet_input+0x1c>
    15d6:	0325c783          	lbu	a5,50(a1)
    15da:	0785                	addi	a5,a5,1
    15dc:	b57c                	sb	a5,15(a0)
    15de:	4048                	lw	a0,4(s0)
    15e0:	3544                	lbu	s1,13(a0)
    15e2:	255c                	lbu	a5,12(a0)
    15e4:	04a2                	slli	s1,s1,0x8
    15e6:	8cdd                	or	s1,s1,a5
    15e8:	211c                	lbu	a5,0(a0)
    15ea:	0017f713          	andi	a4,a5,1
    15ee:	cf19                	beqz	a4,160c <ethernet_input+0x4a>
    15f0:	4705                	li	a4,1
    15f2:	02e79863          	bne	a5,a4,1622 <ethernet_input+0x60>
    15f6:	311c                	lbu	a5,1(a0)
    15f8:	eb91                	bnez	a5,160c <ethernet_input+0x4a>
    15fa:	2138                	lbu	a4,2(a0)
    15fc:	05e00793          	li	a5,94
    1600:	00f71663          	bne	a4,a5,160c <ethernet_input+0x4a>
    1604:	345c                	lbu	a5,13(s0)
    1606:	0107e793          	ori	a5,a5,16
    160a:	b45c                	sb	a5,13(s0)
    160c:	47a1                	li	a5,8
    160e:	02f48463          	beq	s1,a5,1636 <ethernet_input+0x74>
    1612:	60800793          	li	a5,1544
    1616:	04f48063          	beq	s1,a5,1656 <ethernet_input+0x94>
    161a:	8522                	mv	a0,s0
    161c:	691020ef          	jal	ra,44ac <pbuf_free>
    1620:	a805                	j	1650 <ethernet_input+0x8e>
    1622:	4619                	li	a2,6
    1624:	82018593          	addi	a1,gp,-2016 # 200000a0 <ethbroadcast>
    1628:	1ad090ef          	jal	ra,afd4 <memcmp>
    162c:	f165                	bnez	a0,160c <ethernet_input+0x4a>
    162e:	345c                	lbu	a5,13(s0)
    1630:	0087e793          	ori	a5,a5,8
    1634:	bfd9                	j	160a <ethernet_input+0x48>
    1636:	02f94783          	lbu	a5,47(s2)
    163a:	8ba1                	andi	a5,a5,8
    163c:	dff9                	beqz	a5,161a <ethernet_input+0x58>
    163e:	45b9                	li	a1,14
    1640:	8522                	mv	a0,s0
    1642:	5f3020ef          	jal	ra,4434 <pbuf_remove_header>
    1646:	f971                	bnez	a0,161a <ethernet_input+0x58>
    1648:	85ca                	mv	a1,s2
    164a:	8522                	mv	a0,s0
    164c:	5f5010ef          	jal	ra,3440 <ip4_input>
    1650:	4501                	li	a0,0
    1652:	ee1fe06f          	j	532 <__riscv_restore_0>
    1656:	02f94783          	lbu	a5,47(s2)
    165a:	8ba1                	andi	a5,a5,8
    165c:	dfdd                	beqz	a5,161a <ethernet_input+0x58>
    165e:	45b9                	li	a1,14
    1660:	8522                	mv	a0,s0
    1662:	5d3020ef          	jal	ra,4434 <pbuf_remove_header>
    1666:	f955                	bnez	a0,161a <ethernet_input+0x58>
    1668:	85ca                	mv	a1,s2
    166a:	8522                	mv	a0,s0
    166c:	528010ef          	jal	ra,2b94 <etharp_input>
    1670:	b7c5                	j	1650 <ethernet_input+0x8e>

00001672 <ethernet_output>:
    1672:	e83fe2ef          	jal	t0,4f4 <__riscv_save_4>
    1676:	1141                	addi	sp,sp,-16
    1678:	84aa                	mv	s1,a0
    167a:	853a                	mv	a0,a4
    167c:	892e                	mv	s2,a1
    167e:	89b2                	mv	s3,a2
    1680:	c636                	sw	a3,12(sp)
    1682:	1de020ef          	jal	ra,3860 <lwip_htons>
    1686:	842a                	mv	s0,a0
    1688:	45b9                	li	a1,14
    168a:	854a                	mv	a0,s2
    168c:	59b020ef          	jal	ra,4426 <pbuf_add_header>
    1690:	e921                	bnez	a0,16e0 <ethernet_output+0x6e>
    1692:	00492783          	lw	a5,4(s2)
    1696:	46b2                	lw	a3,12(sp)
    1698:	4619                	li	a2,6
    169a:	a7c0                	sb	s0,12(a5)
    169c:	8021                	srli	s0,s0,0x8
    169e:	b7c0                	sb	s0,13(a5)
    16a0:	85b6                	mv	a1,a3
    16a2:	853e                	mv	a0,a5
    16a4:	155090ef          	jal	ra,aff8 <memcpy>
    16a8:	4619                	li	a2,6
    16aa:	85ce                	mv	a1,s3
    16ac:	0519                	addi	a0,a0,6
    16ae:	14b090ef          	jal	ra,aff8 <memcpy>
    16b2:	02e4c783          	lbu	a5,46(s1)
    16b6:	4419                	li	s0,6
    16b8:	00878d63          	beq	a5,s0,16d2 <ethernet_output+0x60>
    16bc:	0000c5b7          	lui	a1,0xc
    16c0:	0000c537          	lui	a0,0xc
    16c4:	5ec58593          	addi	a1,a1,1516 # c5ec <_read+0x2ac>
    16c8:	49050513          	addi	a0,a0,1168 # c490 <_read+0x150>
    16cc:	1df090ef          	jal	ra,b0aa <iprintf>
    16d0:	a001                	j	16d0 <ethernet_output+0x5e>
    16d2:	4c9c                	lw	a5,24(s1)
    16d4:	85ca                	mv	a1,s2
    16d6:	8526                	mv	a0,s1
    16d8:	9782                	jalr	a5
    16da:	0141                	addi	sp,sp,16
    16dc:	e4dfe06f          	j	528 <__riscv_restore_4>
    16e0:	5579                	li	a0,-2
    16e2:	bfe5                	j	16da <ethernet_output+0x68>

000016e4 <dhcp_set_state>:
    16e4:	315c                	lbu	a5,5(a0)
    16e6:	00b78763          	beq	a5,a1,16f4 <dhcp_set_state+0x10>
    16ea:	b14c                	sb	a1,5(a0)
    16ec:	00050323          	sb	zero,6(a0)
    16f0:	00051423          	sh	zero,8(a0)
    16f4:	8082                	ret

000016f6 <dhcp_option_trailer>:
    16f6:	e19fe2ef          	jal	t0,50e <__riscv_save_0>
    16fa:	00150793          	addi	a5,a0,1
    16fe:	07c2                	slli	a5,a5,0x10
    1700:	00a58733          	add	a4,a1,a0
    1704:	83c1                	srli	a5,a5,0x10
    1706:	56fd                	li	a3,-1
    1708:	a314                	sb	a3,0(a4)
    170a:	95be                	add	a1,a1,a5
    170c:	04300713          	li	a4,67
    1710:	00f77b63          	bgeu	a4,a5,1726 <dhcp_option_trailer+0x30>
    1714:	0f078593          	addi	a1,a5,240
    1718:	05c2                	slli	a1,a1,0x10
    171a:	81c1                	srli	a1,a1,0x10
    171c:	8532                	mv	a0,a2
    171e:	7a3020ef          	jal	ra,46c0 <pbuf_realloc>
    1722:	e11fe06f          	j	532 <__riscv_restore_0>
    1726:	0785                	addi	a5,a5,1
    1728:	07c2                	slli	a5,a5,0x10
    172a:	00058023          	sb	zero,0(a1)
    172e:	83c1                	srli	a5,a5,0x10
    1730:	0585                	addi	a1,a1,1
    1732:	bff9                	j	1710 <dhcp_option_trailer+0x1a>

00001734 <dhcp_check>:
    1734:	ddbfe2ef          	jal	t0,50e <__riscv_save_0>
    1738:	5100                	lw	s0,32(a0)
    173a:	84aa                	mv	s1,a0
    173c:	45a1                	li	a1,8
    173e:	8522                	mv	a0,s0
    1740:	3755                	jal	16e4 <dhcp_set_state>
    1742:	4601                	li	a2,0
    1744:	01c40593          	addi	a1,s0,28
    1748:	8526                	mv	a0,s1
    174a:	6d4010ef          	jal	ra,2e1e <etharp_query>
    174e:	207c                	lbu	a5,6(s0)
    1750:	0ff00713          	li	a4,255
    1754:	00e78463          	beq	a5,a4,175c <dhcp_check+0x28>
    1758:	0785                	addi	a5,a5,1
    175a:	a07c                	sb	a5,6(s0)
    175c:	4785                	li	a5,1
    175e:	a41e                	sh	a5,8(s0)
    1760:	dd3fe06f          	j	532 <__riscv_restore_0>

00001764 <dhcp_bind>:
    1764:	dabfe2ef          	jal	t0,50e <__riscv_save_0>
    1768:	1141                	addi	sp,sp,-16
    176a:	e911                	bnez	a0,177e <dhcp_bind+0x1a>
    176c:	0000c537          	lui	a0,0xc
    1770:	62050513          	addi	a0,a0,1568 # c620 <_read+0x2e0>
    1774:	137090ef          	jal	ra,b0aa <iprintf>
    1778:	0141                	addi	sp,sp,16
    177a:	db9fe06f          	j	532 <__riscv_restore_0>
    177e:	5100                	lw	s0,32(a0)
    1780:	84aa                	mv	s1,a0
    1782:	e411                	bnez	s0,178e <dhcp_bind+0x2a>
    1784:	0000c537          	lui	a0,0xc
    1788:	63c50513          	addi	a0,a0,1596 # c63c <_read+0x2fc>
    178c:	b7e5                	j	1774 <dhcp_bind+0x10>
    178e:	541c                	lw	a5,40(s0)
    1790:	00041923          	sh	zero,18(s0)
    1794:	577d                	li	a4,-1
    1796:	02e78063          	beq	a5,a4,17b6 <dhcp_bind+0x52>
    179a:	07f9                	addi	a5,a5,30
    179c:	003c0737          	lui	a4,0x3c0
    17a0:	08e7fb63          	bgeu	a5,a4,1836 <dhcp_bind+0xd2>
    17a4:	03c00713          	li	a4,60
    17a8:	02e7d7b3          	divu	a5,a5,a4
    17ac:	01079713          	slli	a4,a5,0x10
    17b0:	8341                	srli	a4,a4,0x10
    17b2:	c7c9                	beqz	a5,183c <dhcp_bind+0xd8>
    17b4:	a85a                	sh	a4,20(s0)
    17b6:	545c                	lw	a5,44(s0)
    17b8:	577d                	li	a4,-1
    17ba:	02e78263          	beq	a5,a4,17de <dhcp_bind+0x7a>
    17be:	07f9                	addi	a5,a5,30
    17c0:	003c0737          	lui	a4,0x3c0
    17c4:	06e7ff63          	bgeu	a5,a4,1842 <dhcp_bind+0xde>
    17c8:	03c00713          	li	a4,60
    17cc:	02e7d7b3          	divu	a5,a5,a4
    17d0:	01079713          	slli	a4,a5,0x10
    17d4:	8341                	srli	a4,a4,0x10
    17d6:	cbad                	beqz	a5,1848 <dhcp_bind+0xe4>
    17d8:	a43a                	sh	a4,10(s0)
    17da:	243e                	lhu	a5,10(s0)
    17dc:	a47e                	sh	a5,14(s0)
    17de:	581c                	lw	a5,48(s0)
    17e0:	577d                	li	a4,-1
    17e2:	02e78263          	beq	a5,a4,1806 <dhcp_bind+0xa2>
    17e6:	07f9                	addi	a5,a5,30
    17e8:	003c0737          	lui	a4,0x3c0
    17ec:	06e7f163          	bgeu	a5,a4,184e <dhcp_bind+0xea>
    17f0:	03c00713          	li	a4,60
    17f4:	02e7d7b3          	divu	a5,a5,a4
    17f8:	01079713          	slli	a4,a5,0x10
    17fc:	8341                	srli	a4,a4,0x10
    17fe:	cbb9                	beqz	a5,1854 <dhcp_bind+0xf0>
    1800:	a45a                	sh	a4,12(s0)
    1802:	245e                	lhu	a5,12(s0)
    1804:	a81e                	sh	a5,16(s0)
    1806:	245e                	lhu	a5,12(s0)
    1808:	243a                	lhu	a4,10(s0)
    180a:	00f76563          	bltu	a4,a5,1814 <dhcp_bind+0xb0>
    180e:	c399                	beqz	a5,1814 <dhcp_bind+0xb0>
    1810:	00041523          	sh	zero,10(s0)
    1814:	307c                	lbu	a5,7(s0)
    1816:	c3b1                	beqz	a5,185a <dhcp_bind+0xf6>
    1818:	501c                	lw	a5,32(s0)
    181a:	c43e                	sw	a5,8(sp)
    181c:	505c                	lw	a5,36(s0)
    181e:	8522                	mv	a0,s0
    1820:	45a9                	li	a1,10
    1822:	c63e                	sw	a5,12(sp)
    1824:	35c1                	jal	16e4 <dhcp_set_state>
    1826:	0074                	addi	a3,sp,12
    1828:	0030                	addi	a2,sp,8
    182a:	01c40593          	addi	a1,s0,28
    182e:	8526                	mv	a0,s1
    1830:	0c5020ef          	jal	ra,40f4 <netif_set_addr>
    1834:	b791                	j	1778 <dhcp_bind+0x14>
    1836:	6741                	lui	a4,0x10
    1838:	177d                	addi	a4,a4,-1
    183a:	bfad                	j	17b4 <dhcp_bind+0x50>
    183c:	4785                	li	a5,1
    183e:	a85e                	sh	a5,20(s0)
    1840:	bf9d                	j	17b6 <dhcp_bind+0x52>
    1842:	6741                	lui	a4,0x10
    1844:	177d                	addi	a4,a4,-1
    1846:	bf49                	j	17d8 <dhcp_bind+0x74>
    1848:	4785                	li	a5,1
    184a:	a43e                	sh	a5,10(s0)
    184c:	b779                	j	17da <dhcp_bind+0x76>
    184e:	6741                	lui	a4,0x10
    1850:	177d                	addi	a4,a4,-1
    1852:	b77d                	j	1800 <dhcp_bind+0x9c>
    1854:	4785                	li	a5,1
    1856:	a45e                	sh	a5,12(s0)
    1858:	b76d                	j	1802 <dhcp_bind+0x9e>
    185a:	2c5c                	lbu	a5,28(s0)
    185c:	01879713          	slli	a4,a5,0x18
    1860:	8761                	srai	a4,a4,0x18
    1862:	00074563          	bltz	a4,186c <dhcp_bind+0x108>
    1866:	0ff00793          	li	a5,255
    186a:	bf45                	j	181a <dhcp_bind+0xb6>
    186c:	0bf00713          	li	a4,191
    1870:	00f77663          	bgeu	a4,a5,187c <dhcp_bind+0x118>
    1874:	010007b7          	lui	a5,0x1000
    1878:	17fd                	addi	a5,a5,-1
    187a:	b745                	j	181a <dhcp_bind+0xb6>
    187c:	67c1                	lui	a5,0x10
    187e:	bfed                	j	1878 <dhcp_bind+0x114>

00001880 <dhcp_option_short>:
    1880:	00250713          	addi	a4,a0,2
    1884:	04400793          	li	a5,68
    1888:	00e7ff63          	bgeu	a5,a4,18a6 <dhcp_option_short+0x26>
    188c:	c83fe2ef          	jal	t0,50e <__riscv_save_0>
    1890:	0000c5b7          	lui	a1,0xc
    1894:	0000c537          	lui	a0,0xc
    1898:	7ec58593          	addi	a1,a1,2028 # c7ec <_read+0x4ac>
    189c:	49050513          	addi	a0,a0,1168 # c490 <_read+0x150>
    18a0:	00b090ef          	jal	ra,b0aa <iprintf>
    18a4:	a001                	j	18a4 <dhcp_option_short+0x24>
    18a6:	00a587b3          	add	a5,a1,a0
    18aa:	00865693          	srli	a3,a2,0x8
    18ae:	a394                	sb	a3,0(a5)
    18b0:	00150793          	addi	a5,a0,1
    18b4:	07c2                	slli	a5,a5,0x10
    18b6:	83c1                	srli	a5,a5,0x10
    18b8:	95be                	add	a1,a1,a5
    18ba:	01071513          	slli	a0,a4,0x10
    18be:	a190                	sb	a2,0(a1)
    18c0:	8141                	srli	a0,a0,0x10
    18c2:	8082                	ret

000018c4 <dhcp_option>:
    18c4:	00268793          	addi	a5,a3,2
    18c8:	97aa                	add	a5,a5,a0
    18ca:	04400713          	li	a4,68
    18ce:	00f77f63          	bgeu	a4,a5,18ec <dhcp_option+0x28>
    18d2:	c3dfe2ef          	jal	t0,50e <__riscv_save_0>
    18d6:	0000c5b7          	lui	a1,0xc
    18da:	0000c537          	lui	a0,0xc
    18de:	73458593          	addi	a1,a1,1844 # c734 <_read+0x3f4>
    18e2:	49050513          	addi	a0,a0,1168 # c490 <_read+0x150>
    18e6:	7c4090ef          	jal	ra,b0aa <iprintf>
    18ea:	a001                	j	18ea <dhcp_option+0x26>
    18ec:	00a587b3          	add	a5,a1,a0
    18f0:	a390                	sb	a2,0(a5)
    18f2:	00150793          	addi	a5,a0,1
    18f6:	07c2                	slli	a5,a5,0x10
    18f8:	83c1                	srli	a5,a5,0x10
    18fa:	0509                	addi	a0,a0,2
    18fc:	95be                	add	a1,a1,a5
    18fe:	0542                	slli	a0,a0,0x10
    1900:	a194                	sb	a3,0(a1)
    1902:	8141                	srli	a0,a0,0x10
    1904:	8082                	ret

00001906 <dhcp_option_byte.part.2>:
    1906:	c09fe2ef          	jal	t0,50e <__riscv_save_0>
    190a:	0000c5b7          	lui	a1,0xc
    190e:	0000c537          	lui	a0,0xc
    1912:	77858593          	addi	a1,a1,1912 # c778 <_read+0x438>
    1916:	49050513          	addi	a0,a0,1168 # c490 <_read+0x150>
    191a:	790090ef          	jal	ra,b0aa <iprintf>
    191e:	a001                	j	191e <dhcp_option_byte.part.2+0x18>

00001920 <dhcp_option_long>:
    1920:	00450713          	addi	a4,a0,4
    1924:	04400793          	li	a5,68
    1928:	00e7ff63          	bgeu	a5,a4,1946 <dhcp_option_long+0x26>
    192c:	be3fe2ef          	jal	t0,50e <__riscv_save_0>
    1930:	0000c5b7          	lui	a1,0xc
    1934:	0000c537          	lui	a0,0xc
    1938:	7b058593          	addi	a1,a1,1968 # c7b0 <_read+0x470>
    193c:	49050513          	addi	a0,a0,1168 # c490 <_read+0x150>
    1940:	76a090ef          	jal	ra,b0aa <iprintf>
    1944:	a001                	j	1944 <dhcp_option_long+0x24>
    1946:	00a587b3          	add	a5,a1,a0
    194a:	01865693          	srli	a3,a2,0x18
    194e:	a394                	sb	a3,0(a5)
    1950:	00150793          	addi	a5,a0,1
    1954:	07c2                	slli	a5,a5,0x10
    1956:	83c1                	srli	a5,a5,0x10
    1958:	97ae                	add	a5,a5,a1
    195a:	01065693          	srli	a3,a2,0x10
    195e:	a394                	sb	a3,0(a5)
    1960:	00250793          	addi	a5,a0,2
    1964:	07c2                	slli	a5,a5,0x10
    1966:	83c1                	srli	a5,a5,0x10
    1968:	97ae                	add	a5,a5,a1
    196a:	00865693          	srli	a3,a2,0x8
    196e:	a394                	sb	a3,0(a5)
    1970:	00350793          	addi	a5,a0,3
    1974:	07c2                	slli	a5,a5,0x10
    1976:	83c1                	srli	a5,a5,0x10
    1978:	95be                	add	a1,a1,a5
    197a:	01071513          	slli	a0,a4,0x10
    197e:	a190                	sb	a2,0(a1)
    1980:	8141                	srli	a0,a0,0x10
    1982:	8082                	ret

00001984 <dhcp_handle_ack.isra.4>:
    1984:	b8bfe2ef          	jal	t0,50e <__riscv_save_0>
    1988:	200004b7          	lui	s1,0x20000
    198c:	0f848793          	addi	a5,s1,248 # 200000f8 <dhcp_rx_options_given>
    1990:	33bc                	lbu	a5,3(a5)
    1992:	02052023          	sw	zero,32(a0)
    1996:	02052223          	sw	zero,36(a0)
    199a:	842a                	mv	s0,a0
    199c:	0f848493          	addi	s1,s1,248
    19a0:	c781                	beqz	a5,19a8 <dhcp_handle_ack.isra.4+0x24>
    19a2:	a141a783          	lw	a5,-1516(gp) # 20000294 <dhcp_rx_options_val+0xc>
    19a6:	d51c                	sw	a5,40(a0)
    19a8:	20dc                	lbu	a5,4(s1)
    19aa:	c7b1                	beqz	a5,19f6 <dhcp_handle_ack.isra.4+0x72>
    19ac:	a181a783          	lw	a5,-1512(gp) # 20000298 <dhcp_rx_options_val+0x10>
    19b0:	d45c                	sw	a5,44(s0)
    19b2:	30dc                	lbu	a5,5(s1)
    19b4:	c7a1                	beqz	a5,19fc <dhcp_handle_ack.isra.4+0x78>
    19b6:	a1c1a783          	lw	a5,-1508(gp) # 2000029c <dhcp_rx_options_val+0x14>
    19ba:	d81c                	sw	a5,48(s0)
    19bc:	3998                	lbu	a4,17(a1)
    19be:	299c                	lbu	a5,16(a1)
    19c0:	0722                	slli	a4,a4,0x8
    19c2:	8f5d                	or	a4,a4,a5
    19c4:	29bc                	lbu	a5,18(a1)
    19c6:	07c2                	slli	a5,a5,0x10
    19c8:	8f5d                	or	a4,a4,a5
    19ca:	39bc                	lbu	a5,19(a1)
    19cc:	07e2                	slli	a5,a5,0x18
    19ce:	8fd9                	or	a5,a5,a4
    19d0:	cc5c                	sw	a5,28(s0)
    19d2:	20fc                	lbu	a5,6(s1)
    19d4:	cb95                	beqz	a5,1a08 <dhcp_handle_ack.isra.4+0x84>
    19d6:	a201a503          	lw	a0,-1504(gp) # 200002a0 <dhcp_rx_options_val+0x18>
    19da:	695010ef          	jal	ra,386e <lwip_htonl>
    19de:	4785                	li	a5,1
    19e0:	d008                	sw	a0,32(s0)
    19e2:	b07c                	sb	a5,7(s0)
    19e4:	30fc                	lbu	a5,7(s1)
    19e6:	c791                	beqz	a5,19f2 <dhcp_handle_ack.isra.4+0x6e>
    19e8:	a241a503          	lw	a0,-1500(gp) # 200002a4 <dhcp_rx_options_val+0x1c>
    19ec:	683010ef          	jal	ra,386e <lwip_htonl>
    19f0:	d048                	sw	a0,36(s0)
    19f2:	b41fe06f          	j	532 <__riscv_restore_0>
    19f6:	541c                	lw	a5,40(s0)
    19f8:	8385                	srli	a5,a5,0x1
    19fa:	bf5d                	j	19b0 <dhcp_handle_ack.isra.4+0x2c>
    19fc:	5418                	lw	a4,40(s0)
    19fe:	479d                	li	a5,7
    1a00:	02e787b3          	mul	a5,a5,a4
    1a04:	838d                	srli	a5,a5,0x3
    1a06:	bf55                	j	19ba <dhcp_handle_ack.isra.4+0x36>
    1a08:	000403a3          	sb	zero,7(s0)
    1a0c:	bfe1                	j	19e4 <dhcp_handle_ack.isra.4+0x60>

00001a0e <dhcp_dec_pcb_refcount>:
    1a0e:	b01fe2ef          	jal	t0,50e <__riscv_save_0>
    1a12:	20000737          	lui	a4,0x20000
    1a16:	0f470713          	addi	a4,a4,244 # 200000f4 <dhcp_pcb_refcount>
    1a1a:	231c                	lbu	a5,0(a4)
    1a1c:	ef81                	bnez	a5,1a34 <dhcp_dec_pcb_refcount+0x26>
    1a1e:	0000c5b7          	lui	a1,0xc
    1a22:	0000c537          	lui	a0,0xc
    1a26:	6d458593          	addi	a1,a1,1748 # c6d4 <_read+0x394>
    1a2a:	49050513          	addi	a0,a0,1168 # c490 <_read+0x150>
    1a2e:	67c090ef          	jal	ra,b0aa <iprintf>
    1a32:	a001                	j	1a32 <dhcp_dec_pcb_refcount+0x24>
    1a34:	17fd                	addi	a5,a5,-1
    1a36:	0ff7f793          	andi	a5,a5,255
    1a3a:	a31c                	sb	a5,0(a4)
    1a3c:	eb91                	bnez	a5,1a50 <dhcp_dec_pcb_refcount+0x42>
    1a3e:	20000437          	lui	s0,0x20000
    1a42:	0f040413          	addi	s0,s0,240 # 200000f0 <dhcp_pcb>
    1a46:	4008                	lw	a0,0(s0)
    1a48:	547060ef          	jal	ra,878e <udp_remove>
    1a4c:	00042023          	sw	zero,0(s0)
    1a50:	ae3fe06f          	j	532 <__riscv_restore_0>

00001a54 <dhcp_inc_pcb_refcount>:
    1a54:	abbfe2ef          	jal	t0,50e <__riscv_save_0>
    1a58:	200004b7          	lui	s1,0x20000
    1a5c:	0f44c783          	lbu	a5,244(s1) # 200000f4 <dhcp_pcb_refcount>
    1a60:	0f448493          	addi	s1,s1,244
    1a64:	e3a5                	bnez	a5,1ac4 <dhcp_inc_pcb_refcount+0x70>
    1a66:	20000437          	lui	s0,0x20000
    1a6a:	0f040413          	addi	s0,s0,240 # 200000f0 <dhcp_pcb>
    1a6e:	401c                	lw	a5,0(s0)
    1a70:	cf81                	beqz	a5,1a88 <dhcp_inc_pcb_refcount+0x34>
    1a72:	0000c5b7          	lui	a1,0xc
    1a76:	0000c537          	lui	a0,0xc
    1a7a:	6f858593          	addi	a1,a1,1784 # c6f8 <_read+0x3b8>
    1a7e:	49050513          	addi	a0,a0,1168 # c490 <_read+0x150>
    1a82:	628090ef          	jal	ra,b0aa <iprintf>
    1a86:	a001                	j	1a86 <dhcp_inc_pcb_refcount+0x32>
    1a88:	547060ef          	jal	ra,87ce <udp_new>
    1a8c:	c008                	sw	a0,0(s0)
    1a8e:	577d                	li	a4,-1
    1a90:	cd15                	beqz	a0,1acc <dhcp_inc_pcb_refcount+0x78>
    1a92:	3518                	lbu	a4,9(a0)
    1a94:	04400613          	li	a2,68
    1a98:	02076713          	ori	a4,a4,32
    1a9c:	b518                	sb	a4,9(a0)
    1a9e:	83418593          	addi	a1,gp,-1996 # 200000b4 <ip_addr_any>
    1aa2:	211060ef          	jal	ra,84b2 <udp_bind>
    1aa6:	4008                	lw	a0,0(s0)
    1aa8:	04300613          	li	a2,67
    1aac:	83418593          	addi	a1,gp,-1996 # 200000b4 <ip_addr_any>
    1ab0:	45d060ef          	jal	ra,870c <udp_connect>
    1ab4:	4008                	lw	a0,0(s0)
    1ab6:	000025b7          	lui	a1,0x2
    1aba:	4601                	li	a2,0
    1abc:	f7458593          	addi	a1,a1,-140 # 1f74 <dhcp_recv>
    1ac0:	4b3060ef          	jal	ra,8772 <udp_recv>
    1ac4:	209c                	lbu	a5,0(s1)
    1ac6:	4701                	li	a4,0
    1ac8:	0785                	addi	a5,a5,1
    1aca:	a09c                	sb	a5,0(s1)
    1acc:	853a                	mv	a0,a4
    1ace:	a65fe06f          	j	532 <__riscv_restore_0>

00001ad2 <dhcp_create_msg>:
    1ad2:	a23fe2ef          	jal	t0,4f4 <__riscv_save_4>
    1ad6:	e919                	bnez	a0,1aec <dhcp_create_msg+0x1a>
    1ad8:	0000c537          	lui	a0,0xc
    1adc:	65450513          	addi	a0,a0,1620 # c654 <_read+0x314>
    1ae0:	5ca090ef          	jal	ra,b0aa <iprintf>
    1ae4:	4901                	li	s2,0
    1ae6:	854a                	mv	a0,s2
    1ae8:	a41fe06f          	j	528 <__riscv_restore_4>
    1aec:	8a2e                	mv	s4,a1
    1aee:	e591                	bnez	a1,1afa <dhcp_create_msg+0x28>
    1af0:	0000c537          	lui	a0,0xc
    1af4:	67450513          	addi	a0,a0,1652 # c674 <_read+0x334>
    1af8:	b7e5                	j	1ae0 <dhcp_create_msg+0xe>
    1afa:	84aa                	mv	s1,a0
    1afc:	89b2                	mv	s3,a2
    1afe:	13400593          	li	a1,308
    1b02:	28000613          	li	a2,640
    1b06:	03600513          	li	a0,54
    1b0a:	8ab6                	mv	s5,a3
    1b0c:	243020ef          	jal	ra,454e <pbuf_alloc>
    1b10:	892a                	mv	s2,a0
    1b12:	d971                	beqz	a0,1ae6 <dhcp_create_msg+0x14>
    1b14:	253a                	lhu	a4,10(a0)
    1b16:	13300793          	li	a5,307
    1b1a:	00e7ed63          	bltu	a5,a4,1b34 <dhcp_create_msg+0x62>
    1b1e:	0000c5b7          	lui	a1,0xc
    1b22:	0000c537          	lui	a0,0xc
    1b26:	69458593          	addi	a1,a1,1684 # c694 <_read+0x354>
    1b2a:	49050513          	addi	a0,a0,1168 # c490 <_read+0x150>
    1b2e:	57c090ef          	jal	ra,b0aa <iprintf>
    1b32:	a001                	j	1b32 <dhcp_create_msg+0x60>
    1b34:	478d                	li	a5,3
    1b36:	00f99663          	bne	s3,a5,1b42 <dhcp_create_msg+0x70>
    1b3a:	005a4783          	lbu	a5,5(s4)
    1b3e:	01379f63          	bne	a5,s3,1b5c <dhcp_create_msg+0x8a>
    1b42:	006a4783          	lbu	a5,6(s4)
    1b46:	20000437          	lui	s0,0x20000
    1b4a:	10040413          	addi	s0,s0,256 # 20000100 <xid.4487>
    1b4e:	e781                	bnez	a5,1b56 <dhcp_create_msg+0x84>
    1b50:	67a090ef          	jal	ra,b1ca <rand>
    1b54:	c008                	sw	a0,0(s0)
    1b56:	401c                	lw	a5,0(s0)
    1b58:	00fa2023          	sw	a5,0(s4)
    1b5c:	00492403          	lw	s0,4(s2)
    1b60:	13400613          	li	a2,308
    1b64:	4581                	li	a1,0
    1b66:	8522                	mv	a0,s0
    1b68:	9d7fe0ef          	jal	ra,53e <memset>
    1b6c:	4785                	li	a5,1
    1b6e:	a01c                	sb	a5,0(s0)
    1b70:	b01c                	sb	a5,1(s0)
    1b72:	02e4c783          	lbu	a5,46(s1)
    1b76:	a03c                	sb	a5,2(s0)
    1b78:	000a2503          	lw	a0,0(s4)
    1b7c:	4f3010ef          	jal	ra,386e <lwip_htonl>
    1b80:	00855793          	srli	a5,a0,0x8
    1b84:	a048                	sb	a0,4(s0)
    1b86:	b05c                	sb	a5,5(s0)
    1b88:	01055793          	srli	a5,a0,0x10
    1b8c:	8161                	srli	a0,a0,0x18
    1b8e:	a07c                	sb	a5,6(s0)
    1b90:	b068                	sb	a0,7(s0)
    1b92:	4791                	li	a5,4
    1b94:	02f98363          	beq	s3,a5,1bba <dhcp_create_msg+0xe8>
    1b98:	ff998793          	addi	a5,s3,-7
    1b9c:	0ff7f793          	andi	a5,a5,255
    1ba0:	4705                	li	a4,1
    1ba2:	00f77c63          	bgeu	a4,a5,1bba <dhcp_create_msg+0xe8>
    1ba6:	478d                	li	a5,3
    1ba8:	02f99163          	bne	s3,a5,1bca <dhcp_create_msg+0xf8>
    1bac:	005a4783          	lbu	a5,5(s4)
    1bb0:	17f1                	addi	a5,a5,-4
    1bb2:	0ff7f793          	andi	a5,a5,255
    1bb6:	00f76a63          	bltu	a4,a5,1bca <dhcp_create_msg+0xf8>
    1bba:	20dc                	lbu	a5,4(s1)
    1bbc:	a45c                	sb	a5,12(s0)
    1bbe:	30dc                	lbu	a5,5(s1)
    1bc0:	b45c                	sb	a5,13(s0)
    1bc2:	20fc                	lbu	a5,6(s1)
    1bc4:	a47c                	sb	a5,14(s0)
    1bc6:	30fc                	lbu	a5,7(s1)
    1bc8:	b47c                	sb	a5,15(s0)
    1bca:	02848793          	addi	a5,s1,40
    1bce:	01c40713          	addi	a4,s0,28
    1bd2:	02e48493          	addi	s1,s1,46
    1bd6:	2394                	lbu	a3,0(a5)
    1bd8:	0785                	addi	a5,a5,1
    1bda:	0705                	addi	a4,a4,1
    1bdc:	fed70fa3          	sb	a3,-1(a4)
    1be0:	fef49be3          	bne	s1,a5,1bd6 <dhcp_create_msg+0x104>
    1be4:	06300793          	li	a5,99
    1be8:	0ef40623          	sb	a5,236(s0)
    1bec:	f8200713          	li	a4,-126
    1bf0:	0ef407a3          	sb	a5,239(s0)
    1bf4:	03500793          	li	a5,53
    1bf8:	0ee406a3          	sb	a4,237(s0)
    1bfc:	0ef40823          	sb	a5,240(s0)
    1c00:	05300713          	li	a4,83
    1c04:	4785                	li	a5,1
    1c06:	0ef408a3          	sb	a5,241(s0)
    1c0a:	0ee40723          	sb	a4,238(s0)
    1c0e:	0f340923          	sb	s3,242(s0)
    1c12:	478d                	li	a5,3
    1c14:	00fa9023          	sh	a5,0(s5)
    1c18:	b5f9                	j	1ae6 <dhcp_create_msg+0x14>

00001c1a <dhcp_select>:
    1c1a:	8dbfe2ef          	jal	t0,4f4 <__riscv_save_4>
    1c1e:	1141                	addi	sp,sp,-16
    1c20:	ed01                	bnez	a0,1c38 <dhcp_select+0x1e>
    1c22:	0000d537          	lui	a0,0xd
    1c26:	83c50513          	addi	a0,a0,-1988 # c83c <_read+0x4fc>
    1c2a:	480090ef          	jal	ra,b0aa <iprintf>
    1c2e:	5441                	li	s0,-16
    1c30:	8522                	mv	a0,s0
    1c32:	0141                	addi	sp,sp,16
    1c34:	8f5fe06f          	j	528 <__riscv_restore_4>
    1c38:	5104                	lw	s1,32(a0)
    1c3a:	89aa                	mv	s3,a0
    1c3c:	e889                	bnez	s1,1c4e <dhcp_select+0x34>
    1c3e:	0000d537          	lui	a0,0xd
    1c42:	85850513          	addi	a0,a0,-1960 # c858 <_read+0x518>
    1c46:	464090ef          	jal	ra,b0aa <iprintf>
    1c4a:	5469                	li	s0,-6
    1c4c:	b7d5                	j	1c30 <dhcp_select+0x16>
    1c4e:	4585                	li	a1,1
    1c50:	8526                	mv	a0,s1
    1c52:	a93ff0ef          	jal	ra,16e4 <dhcp_set_state>
    1c56:	00e10693          	addi	a3,sp,14
    1c5a:	460d                	li	a2,3
    1c5c:	85a6                	mv	a1,s1
    1c5e:	854e                	mv	a0,s3
    1c60:	3d8d                	jal	1ad2 <dhcp_create_msg>
    1c62:	892a                	mv	s2,a0
    1c64:	0e050e63          	beqz	a0,1d60 <dhcp_select+0x146>
    1c68:	4140                	lw	s0,4(a0)
    1c6a:	8728                	lhu	a0,14(sp)
    1c6c:	4689                	li	a3,2
    1c6e:	0f040413          	addi	s0,s0,240
    1c72:	03900613          	li	a2,57
    1c76:	85a2                	mv	a1,s0
    1c78:	31b1                	jal	18c4 <dhcp_option>
    1c7a:	0269d603          	lhu	a2,38(s3)
    1c7e:	85a2                	mv	a1,s0
    1c80:	8768                	sh	a0,14(sp)
    1c82:	3efd                	jal	1880 <dhcp_option_short>
    1c84:	4691                	li	a3,4
    1c86:	03200613          	li	a2,50
    1c8a:	85a2                	mv	a1,s0
    1c8c:	8768                	sh	a0,14(sp)
    1c8e:	391d                	jal	18c4 <dhcp_option>
    1c90:	8a2a                	mv	s4,a0
    1c92:	8768                	sh	a0,14(sp)
    1c94:	4cc8                	lw	a0,28(s1)
    1c96:	3d9010ef          	jal	ra,386e <lwip_htonl>
    1c9a:	862a                	mv	a2,a0
    1c9c:	85a2                	mv	a1,s0
    1c9e:	8552                	mv	a0,s4
    1ca0:	3141                	jal	1920 <dhcp_option_long>
    1ca2:	4691                	li	a3,4
    1ca4:	03600613          	li	a2,54
    1ca8:	85a2                	mv	a1,s0
    1caa:	8768                	sh	a0,14(sp)
    1cac:	3921                	jal	18c4 <dhcp_option>
    1cae:	8a2a                	mv	s4,a0
    1cb0:	8768                	sh	a0,14(sp)
    1cb2:	4c88                	lw	a0,24(s1)
    1cb4:	3bb010ef          	jal	ra,386e <lwip_htonl>
    1cb8:	862a                	mv	a2,a0
    1cba:	85a2                	mv	a1,s0
    1cbc:	8552                	mv	a0,s4
    1cbe:	318d                	jal	1920 <dhcp_option_long>
    1cc0:	468d                	li	a3,3
    1cc2:	03700613          	li	a2,55
    1cc6:	85a2                	mv	a1,s0
    1cc8:	8768                	sh	a0,14(sp)
    1cca:	3eed                	jal	18c4 <dhcp_option>
    1ccc:	8768                	sh	a0,14(sp)
    1cce:	4701                	li	a4,0
    1cd0:	04300813          	li	a6,67
    1cd4:	83018693          	addi	a3,gp,-2000 # 200000b0 <dhcp_discover_request_options>
    1cd8:	460d                	li	a2,3
    1cda:	873c                	lhu	a5,14(sp)
    1cdc:	00f87363          	bgeu	a6,a5,1ce2 <dhcp_select+0xc8>
    1ce0:	311d                	jal	1906 <dhcp_option_byte.part.2>
    1ce2:	00e685b3          	add	a1,a3,a4
    1ce6:	218c                	lbu	a1,0(a1)
    1ce8:	00178513          	addi	a0,a5,1 # 10001 <_data_lma+0x1ae9>
    1cec:	0542                	slli	a0,a0,0x10
    1cee:	97a2                	add	a5,a5,s0
    1cf0:	8141                	srli	a0,a0,0x10
    1cf2:	a38c                	sb	a1,0(a5)
    1cf4:	8768                	sh	a0,14(sp)
    1cf6:	0705                	addi	a4,a4,1
    1cf8:	fec711e3          	bne	a4,a2,1cda <dhcp_select+0xc0>
    1cfc:	85a2                	mv	a1,s0
    1cfe:	864a                	mv	a2,s2
    1d00:	9f7ff0ef          	jal	ra,16f6 <dhcp_option_trailer>
    1d04:	20000537          	lui	a0,0x20000
    1d08:	0f052503          	lw	a0,240(a0) # 200000f0 <dhcp_pcb>
    1d0c:	83418793          	addi	a5,gp,-1996 # 200000b4 <ip_addr_any>
    1d10:	874e                	mv	a4,s3
    1d12:	04300693          	li	a3,67
    1d16:	83818613          	addi	a2,gp,-1992 # 200000b8 <ip_addr_broadcast>
    1d1a:	85ca                	mv	a1,s2
    1d1c:	047060ef          	jal	ra,8562 <udp_sendto_if_src>
    1d20:	842a                	mv	s0,a0
    1d22:	854a                	mv	a0,s2
    1d24:	788020ef          	jal	ra,44ac <pbuf_free>
    1d28:	20fc                	lbu	a5,6(s1)
    1d2a:	0ff00713          	li	a4,255
    1d2e:	00e78463          	beq	a5,a4,1d36 <dhcp_select+0x11c>
    1d32:	0785                	addi	a5,a5,1
    1d34:	a0fc                	sb	a5,6(s1)
    1d36:	20f8                	lbu	a4,6(s1)
    1d38:	4795                	li	a5,5
    1d3a:	02e7e563          	bltu	a5,a4,1d64 <dhcp_select+0x14a>
    1d3e:	4785                	li	a5,1
    1d40:	00e797b3          	sll	a5,a5,a4
    1d44:	3e800713          	li	a4,1000
    1d48:	02e787b3          	mul	a5,a5,a4
    1d4c:	07c2                	slli	a5,a5,0x10
    1d4e:	83c1                	srli	a5,a5,0x10
    1d50:	1f378793          	addi	a5,a5,499
    1d54:	1f400713          	li	a4,500
    1d58:	02e7c7b3          	div	a5,a5,a4
    1d5c:	a49e                	sh	a5,8(s1)
    1d5e:	bdc9                	j	1c30 <dhcp_select+0x16>
    1d60:	547d                	li	s0,-1
    1d62:	b7d9                	j	1d28 <dhcp_select+0x10e>
    1d64:	67bd                	lui	a5,0xf
    1d66:	a6078793          	addi	a5,a5,-1440 # ea60 <_data_lma+0x548>
    1d6a:	b7dd                	j	1d50 <dhcp_select+0x136>

00001d6c <dhcp_reboot>:
    1d6c:	f88fe2ef          	jal	t0,4f4 <__riscv_save_4>
    1d70:	5104                	lw	s1,32(a0)
    1d72:	1141                	addi	sp,sp,-16
    1d74:	89aa                	mv	s3,a0
    1d76:	458d                	li	a1,3
    1d78:	8526                	mv	a0,s1
    1d7a:	96bff0ef          	jal	ra,16e4 <dhcp_set_state>
    1d7e:	00e10693          	addi	a3,sp,14
    1d82:	460d                	li	a2,3
    1d84:	85a6                	mv	a1,s1
    1d86:	854e                	mv	a0,s3
    1d88:	33a9                	jal	1ad2 <dhcp_create_msg>
    1d8a:	0e050463          	beqz	a0,1e72 <dhcp_reboot+0x106>
    1d8e:	4140                	lw	s0,4(a0)
    1d90:	892a                	mv	s2,a0
    1d92:	8728                	lhu	a0,14(sp)
    1d94:	0f040413          	addi	s0,s0,240
    1d98:	4689                	li	a3,2
    1d9a:	03900613          	li	a2,57
    1d9e:	85a2                	mv	a1,s0
    1da0:	b25ff0ef          	jal	ra,18c4 <dhcp_option>
    1da4:	24000613          	li	a2,576
    1da8:	85a2                	mv	a1,s0
    1daa:	8768                	sh	a0,14(sp)
    1dac:	ad5ff0ef          	jal	ra,1880 <dhcp_option_short>
    1db0:	4691                	li	a3,4
    1db2:	03200613          	li	a2,50
    1db6:	85a2                	mv	a1,s0
    1db8:	8768                	sh	a0,14(sp)
    1dba:	b0bff0ef          	jal	ra,18c4 <dhcp_option>
    1dbe:	8a2a                	mv	s4,a0
    1dc0:	8768                	sh	a0,14(sp)
    1dc2:	4cc8                	lw	a0,28(s1)
    1dc4:	2ab010ef          	jal	ra,386e <lwip_htonl>
    1dc8:	862a                	mv	a2,a0
    1dca:	85a2                	mv	a1,s0
    1dcc:	8552                	mv	a0,s4
    1dce:	b53ff0ef          	jal	ra,1920 <dhcp_option_long>
    1dd2:	468d                	li	a3,3
    1dd4:	03700613          	li	a2,55
    1dd8:	85a2                	mv	a1,s0
    1dda:	8768                	sh	a0,14(sp)
    1ddc:	ae9ff0ef          	jal	ra,18c4 <dhcp_option>
    1de0:	8768                	sh	a0,14(sp)
    1de2:	4701                	li	a4,0
    1de4:	04300813          	li	a6,67
    1de8:	83018693          	addi	a3,gp,-2000 # 200000b0 <dhcp_discover_request_options>
    1dec:	460d                	li	a2,3
    1dee:	873c                	lhu	a5,14(sp)
    1df0:	00f87463          	bgeu	a6,a5,1df8 <dhcp_reboot+0x8c>
    1df4:	b13ff0ef          	jal	ra,1906 <dhcp_option_byte.part.2>
    1df8:	00e685b3          	add	a1,a3,a4
    1dfc:	218c                	lbu	a1,0(a1)
    1dfe:	00178513          	addi	a0,a5,1
    1e02:	0542                	slli	a0,a0,0x10
    1e04:	97a2                	add	a5,a5,s0
    1e06:	8141                	srli	a0,a0,0x10
    1e08:	a38c                	sb	a1,0(a5)
    1e0a:	8768                	sh	a0,14(sp)
    1e0c:	0705                	addi	a4,a4,1
    1e0e:	fec710e3          	bne	a4,a2,1dee <dhcp_reboot+0x82>
    1e12:	85a2                	mv	a1,s0
    1e14:	864a                	mv	a2,s2
    1e16:	8e1ff0ef          	jal	ra,16f6 <dhcp_option_trailer>
    1e1a:	200007b7          	lui	a5,0x20000
    1e1e:	0f07a503          	lw	a0,240(a5) # 200000f0 <dhcp_pcb>
    1e22:	874e                	mv	a4,s3
    1e24:	04300693          	li	a3,67
    1e28:	83818613          	addi	a2,gp,-1992 # 200000b8 <ip_addr_broadcast>
    1e2c:	85ca                	mv	a1,s2
    1e2e:	073060ef          	jal	ra,86a0 <udp_sendto_if>
    1e32:	842a                	mv	s0,a0
    1e34:	854a                	mv	a0,s2
    1e36:	676020ef          	jal	ra,44ac <pbuf_free>
    1e3a:	20fc                	lbu	a5,6(s1)
    1e3c:	0ff00713          	li	a4,255
    1e40:	00e78463          	beq	a5,a4,1e48 <dhcp_reboot+0xdc>
    1e44:	0785                	addi	a5,a5,1
    1e46:	a0fc                	sb	a5,6(s1)
    1e48:	20fc                	lbu	a5,6(s1)
    1e4a:	4725                	li	a4,9
    1e4c:	02f76563          	bltu	a4,a5,1e76 <dhcp_reboot+0x10a>
    1e50:	3e800713          	li	a4,1000
    1e54:	02e787b3          	mul	a5,a5,a4
    1e58:	07c2                	slli	a5,a5,0x10
    1e5a:	83c1                	srli	a5,a5,0x10
    1e5c:	1f400713          	li	a4,500
    1e60:	1f378793          	addi	a5,a5,499
    1e64:	02e7c7b3          	div	a5,a5,a4
    1e68:	8522                	mv	a0,s0
    1e6a:	a49e                	sh	a5,8(s1)
    1e6c:	0141                	addi	sp,sp,16
    1e6e:	ebafe06f          	j	528 <__riscv_restore_4>
    1e72:	547d                	li	s0,-1
    1e74:	b7d9                	j	1e3a <dhcp_reboot+0xce>
    1e76:	6789                	lui	a5,0x2
    1e78:	71078793          	addi	a5,a5,1808 # 2710 <dhcp_coarse_tmr+0x2a>
    1e7c:	b7c5                	j	1e5c <dhcp_reboot+0xf0>

00001e7e <dhcp_discover>:
    1e7e:	e76fe2ef          	jal	t0,4f4 <__riscv_save_4>
    1e82:	5100                	lw	s0,32(a0)
    1e84:	1141                	addi	sp,sp,-16
    1e86:	89aa                	mv	s3,a0
    1e88:	4599                	li	a1,6
    1e8a:	8522                	mv	a0,s0
    1e8c:	00042e23          	sw	zero,28(s0)
    1e90:	855ff0ef          	jal	ra,16e4 <dhcp_set_state>
    1e94:	00e10693          	addi	a3,sp,14
    1e98:	4605                	li	a2,1
    1e9a:	85a2                	mv	a1,s0
    1e9c:	854e                	mv	a0,s3
    1e9e:	3915                	jal	1ad2 <dhcp_create_msg>
    1ea0:	c559                	beqz	a0,1f2e <dhcp_discover+0xb0>
    1ea2:	4144                	lw	s1,4(a0)
    1ea4:	892a                	mv	s2,a0
    1ea6:	8728                	lhu	a0,14(sp)
    1ea8:	0f048493          	addi	s1,s1,240
    1eac:	4689                	li	a3,2
    1eae:	03900613          	li	a2,57
    1eb2:	85a6                	mv	a1,s1
    1eb4:	a11ff0ef          	jal	ra,18c4 <dhcp_option>
    1eb8:	0269d603          	lhu	a2,38(s3)
    1ebc:	85a6                	mv	a1,s1
    1ebe:	8768                	sh	a0,14(sp)
    1ec0:	9c1ff0ef          	jal	ra,1880 <dhcp_option_short>
    1ec4:	468d                	li	a3,3
    1ec6:	03700613          	li	a2,55
    1eca:	85a6                	mv	a1,s1
    1ecc:	8768                	sh	a0,14(sp)
    1ece:	9f7ff0ef          	jal	ra,18c4 <dhcp_option>
    1ed2:	8768                	sh	a0,14(sp)
    1ed4:	4701                	li	a4,0
    1ed6:	04300813          	li	a6,67
    1eda:	83018693          	addi	a3,gp,-2000 # 200000b0 <dhcp_discover_request_options>
    1ede:	460d                	li	a2,3
    1ee0:	873c                	lhu	a5,14(sp)
    1ee2:	00f87463          	bgeu	a6,a5,1eea <dhcp_discover+0x6c>
    1ee6:	a21ff0ef          	jal	ra,1906 <dhcp_option_byte.part.2>
    1eea:	00e685b3          	add	a1,a3,a4
    1eee:	218c                	lbu	a1,0(a1)
    1ef0:	00178513          	addi	a0,a5,1
    1ef4:	0542                	slli	a0,a0,0x10
    1ef6:	97a6                	add	a5,a5,s1
    1ef8:	8141                	srli	a0,a0,0x10
    1efa:	a38c                	sb	a1,0(a5)
    1efc:	8768                	sh	a0,14(sp)
    1efe:	0705                	addi	a4,a4,1
    1f00:	fec710e3          	bne	a4,a2,1ee0 <dhcp_discover+0x62>
    1f04:	864a                	mv	a2,s2
    1f06:	85a6                	mv	a1,s1
    1f08:	feeff0ef          	jal	ra,16f6 <dhcp_option_trailer>
    1f0c:	20000537          	lui	a0,0x20000
    1f10:	0f052503          	lw	a0,240(a0) # 200000f0 <dhcp_pcb>
    1f14:	83418793          	addi	a5,gp,-1996 # 200000b4 <ip_addr_any>
    1f18:	874e                	mv	a4,s3
    1f1a:	04300693          	li	a3,67
    1f1e:	83818613          	addi	a2,gp,-1992 # 200000b8 <ip_addr_broadcast>
    1f22:	85ca                	mv	a1,s2
    1f24:	63e060ef          	jal	ra,8562 <udp_sendto_if_src>
    1f28:	854a                	mv	a0,s2
    1f2a:	582020ef          	jal	ra,44ac <pbuf_free>
    1f2e:	207c                	lbu	a5,6(s0)
    1f30:	0ff00713          	li	a4,255
    1f34:	00e78463          	beq	a5,a4,1f3c <dhcp_discover+0xbe>
    1f38:	0785                	addi	a5,a5,1
    1f3a:	a07c                	sb	a5,6(s0)
    1f3c:	2078                	lbu	a4,6(s0)
    1f3e:	4795                	li	a5,5
    1f40:	02e7e663          	bltu	a5,a4,1f6c <dhcp_discover+0xee>
    1f44:	4785                	li	a5,1
    1f46:	00e797b3          	sll	a5,a5,a4
    1f4a:	3e800713          	li	a4,1000
    1f4e:	02e787b3          	mul	a5,a5,a4
    1f52:	07c2                	slli	a5,a5,0x10
    1f54:	83c1                	srli	a5,a5,0x10
    1f56:	1f400713          	li	a4,500
    1f5a:	1f378793          	addi	a5,a5,499
    1f5e:	02e7c7b3          	div	a5,a5,a4
    1f62:	4501                	li	a0,0
    1f64:	a41e                	sh	a5,8(s0)
    1f66:	0141                	addi	sp,sp,16
    1f68:	dc0fe06f          	j	528 <__riscv_restore_4>
    1f6c:	67bd                	lui	a5,0xf
    1f6e:	a6078793          	addi	a5,a5,-1440 # ea60 <_data_lma+0x548>
    1f72:	b7d5                	j	1f56 <dhcp_discover+0xd8>

00001f74 <dhcp_recv>:
    1f74:	d6afe2ef          	jal	t0,4de <__riscv_save_12>
    1f78:	b2c1a903          	lw	s2,-1236(gp) # 200003ac <ip_data+0x4>
    1f7c:	1101                	addi	sp,sp,-32
    1f7e:	89b2                	mv	s3,a2
    1f80:	02092b83          	lw	s7,32(s2)
    1f84:	0a0b8963          	beqz	s7,2036 <dhcp_recv+0xc2>
    1f88:	004bc783          	lbu	a5,4(s7)
    1f8c:	c7cd                	beqz	a5,2036 <dhcp_recv+0xc2>
    1f8e:	263a                	lhu	a4,10(a2)
    1f90:	02b00793          	li	a5,43
    1f94:	0ae7f163          	bgeu	a5,a4,2036 <dhcp_recv+0xc2>
    1f98:	425c                	lw	a5,4(a2)
    1f9a:	4709                	li	a4,2
    1f9c:	2394                	lbu	a3,0(a5)
    1f9e:	08e69c63          	bne	a3,a4,2036 <dhcp_recv+0xc2>
    1fa2:	02e94603          	lbu	a2,46(s2)
    1fa6:	4701                	li	a4,0
    1fa8:	4699                	li	a3,6
    1faa:	0ff77593          	andi	a1,a4,255
    1fae:	00c5f463          	bgeu	a1,a2,1fb6 <dhcp_recv+0x42>
    1fb2:	06d71863          	bne	a4,a3,2022 <dhcp_recv+0xae>
    1fb6:	33c8                	lbu	a0,5(a5)
    1fb8:	23d8                	lbu	a4,4(a5)
    1fba:	0522                	slli	a0,a0,0x8
    1fbc:	8d59                	or	a0,a0,a4
    1fbe:	23f8                	lbu	a4,6(a5)
    1fc0:	0742                	slli	a4,a4,0x10
    1fc2:	8f49                	or	a4,a4,a0
    1fc4:	33e8                	lbu	a0,7(a5)
    1fc6:	0562                	slli	a0,a0,0x18
    1fc8:	8d59                	or	a0,a0,a4
    1fca:	0a5010ef          	jal	ra,386e <lwip_htonl>
    1fce:	000ba783          	lw	a5,0(s7)
    1fd2:	06f51263          	bne	a0,a5,2036 <dhcp_recv+0xc2>
    1fd6:	20000837          	lui	a6,0x20000
    1fda:	0f880793          	addi	a5,a6,248 # 200000f8 <dhcp_rx_options_given>
    1fde:	0007a223          	sw	zero,4(a5)
    1fe2:	00a9d703          	lhu	a4,10(s3)
    1fe6:	0007a023          	sw	zero,0(a5)
    1fea:	02b00793          	li	a5,43
    1fee:	0f880813          	addi	a6,a6,248
    1ff2:	04e7f263          	bgeu	a5,a4,2036 <dhcp_recv+0xc2>
    1ff6:	6ac1                	lui	s5,0x10
    1ff8:	0089dd83          	lhu	s11,8(s3)
    1ffc:	ffda8793          	addi	a5,s5,-3 # fffd <_data_lma+0x1ae5>
    2000:	4b01                	li	s6,0
    2002:	0f000c13          	li	s8,240
    2006:	c43e                	sw	a5,8(sp)
    2008:	a0818a13          	addi	s4,gp,-1528 # 20000288 <dhcp_rx_options_val>
    200c:	8cce                	mv	s9,s3
    200e:	8462                	mv	s0,s8
    2010:	00acd783          	lhu	a5,10(s9)
    2014:	02f47763          	bgeu	s0,a5,2042 <dhcp_recv+0xce>
    2018:	004ca783          	lw	a5,4(s9)
    201c:	4a91                	li	s5,4
    201e:	c23e                	sw	a5,4(sp)
    2020:	a2b5                	j	218c <dhcp_recv+0x218>
    2022:	00e905b3          	add	a1,s2,a4
    2026:	0705                	addi	a4,a4,1
    2028:	00e78533          	add	a0,a5,a4
    202c:	0285c583          	lbu	a1,40(a1)
    2030:	3d28                	lbu	a0,27(a0)
    2032:	f6b50ce3          	beq	a0,a1,1faa <dhcp_recv+0x36>
    2036:	854e                	mv	a0,s3
    2038:	474020ef          	jal	ra,44ac <pbuf_free>
    203c:	6105                	addi	sp,sp,32
    203e:	cdcfe06f          	j	51a <__riscv_restore_12>
    2042:	000cac83          	lw	s9,0(s9)
    2046:	8c1d                	sub	s0,s0,a5
    2048:	40fd8db3          	sub	s11,s11,a5
    204c:	0442                	slli	s0,s0,0x10
    204e:	0dc2                	slli	s11,s11,0x10
    2050:	8041                	srli	s0,s0,0x10
    2052:	010ddd93          	srli	s11,s11,0x10
    2056:	fa0c9de3          	bnez	s9,2010 <dhcp_recv+0x9c>
    205a:	bff1                	j	2036 <dhcp_recv+0xc2>
    205c:	00240693          	addi	a3,s0,2
    2060:	06c2                	slli	a3,a3,0x10
    2062:	82c1                	srli	a3,a3,0x10
    2064:	fc86e9e3          	bltu	a3,s0,2036 <dhcp_recv+0xc2>
    2068:	00acd583          	lhu	a1,10(s9)
    206c:	00140613          	addi	a2,s0,1
    2070:	02b65763          	bge	a2,a1,209e <dhcp_recv+0x12a>
    2074:	3318                	lbu	a4,1(a4)
    2076:	03400593          	li	a1,52
    207a:	0ab78463          	beq	a5,a1,2122 <dhcp_recv+0x1ae>
    207e:	02f5e763          	bltu	a1,a5,20ac <dhcp_recv+0x138>
    2082:	4585                	li	a1,1
    2084:	04b78763          	beq	a5,a1,20d2 <dhcp_recv+0x15e>
    2088:	cbf1                	beqz	a5,215c <dhcp_recv+0x1e8>
    208a:	460d                	li	a2,3
    208c:	08c78063          	beq	a5,a2,210c <dhcp_recv+0x198>
    2090:	03300613          	li	a2,51
    2094:	08c78163          	beq	a5,a2,2116 <dhcp_recv+0x1a2>
    2098:	54fd                	li	s1,-1
    209a:	4d01                	li	s10,0
    209c:	a83d                	j	20da <dhcp_recv+0x166>
    209e:	000ca703          	lw	a4,0(s9)
    20a2:	26070b63          	beqz	a4,2318 <dhcp_recv+0x3a4>
    20a6:	4358                	lw	a4,4(a4)
    20a8:	2318                	lbu	a4,0(a4)
    20aa:	b7f1                	j	2076 <dhcp_recv+0x102>
    20ac:	03600613          	li	a2,54
    20b0:	08c78b63          	beq	a5,a2,2146 <dhcp_recv+0x1d2>
    20b4:	08c7e263          	bltu	a5,a2,2138 <dhcp_recv+0x1c4>
    20b8:	03a00613          	li	a2,58
    20bc:	08c78b63          	beq	a5,a2,2152 <dhcp_recv+0x1de>
    20c0:	03b00613          	li	a2,59
    20c4:	fcc79ae3          	bne	a5,a2,2098 <dhcp_recv+0x124>
    20c8:	f75717e3          	bne	a4,s5,2036 <dhcp_recv+0xc2>
    20cc:	4d11                	li	s10,4
    20ce:	4495                	li	s1,5
    20d0:	a029                	j	20da <dhcp_recv+0x166>
    20d2:	f75712e3          	bne	a4,s5,2036 <dhcp_recv+0xc2>
    20d6:	4d11                	li	s10,4
    20d8:	4499                	li	s1,6
    20da:	47a2                	lw	a5,8(sp)
    20dc:	943a                	add	s0,s0,a4
    20de:	f487cce3          	blt	a5,s0,2036 <dhcp_recv+0xc2>
    20e2:	00e68433          	add	s0,a3,a4
    20e6:	0442                	slli	s0,s0,0x10
    20e8:	8041                	srli	s0,s0,0x10
    20ea:	060d0c63          	beqz	s10,2162 <dhcp_recv+0x1ee>
    20ee:	ce02                	sw	zero,28(sp)
    20f0:	479d                	li	a5,7
    20f2:	0e97f963          	bgeu	a5,s1,21e4 <dhcp_recv+0x270>
    20f6:	0000d5b7          	lui	a1,0xd
    20fa:	0000c537          	lui	a0,0xc
    20fe:	82858593          	addi	a1,a1,-2008 # c828 <_read+0x4e8>
    2102:	49050513          	addi	a0,a0,1168 # c490 <_read+0x150>
    2106:	7a5080ef          	jal	ra,b0aa <iprintf>
    210a:	a001                	j	210a <dhcp_recv+0x196>
    210c:	f2e7f5e3          	bgeu	a5,a4,2036 <dhcp_recv+0xc2>
    2110:	449d                	li	s1,7
    2112:	4d11                	li	s10,4
    2114:	b7d9                	j	20da <dhcp_recv+0x166>
    2116:	f35710e3          	bne	a4,s5,2036 <dhcp_recv+0xc2>
    211a:	4d11                	li	s10,4
    211c:	448d                	li	s1,3
    211e:	bf75                	j	20da <dhcp_recv+0x166>
    2120:	4701                	li	a4,0
    2122:	4785                	li	a5,1
    2124:	f0f719e3          	bne	a4,a5,2036 <dhcp_recv+0xc2>
    2128:	0f000793          	li	a5,240
    212c:	f0fc15e3          	bne	s8,a5,2036 <dhcp_recv+0xc2>
    2130:	4d05                	li	s10,1
    2132:	4481                	li	s1,0
    2134:	b75d                	j	20da <dhcp_recv+0x166>
    2136:	4701                	li	a4,0
    2138:	4785                	li	a5,1
    213a:	eef71ee3          	bne	a4,a5,2036 <dhcp_recv+0xc2>
    213e:	4d05                	li	s10,1
    2140:	4485                	li	s1,1
    2142:	bf61                	j	20da <dhcp_recv+0x166>
    2144:	4701                	li	a4,0
    2146:	ef5718e3          	bne	a4,s5,2036 <dhcp_recv+0xc2>
    214a:	4d11                	li	s10,4
    214c:	4489                	li	s1,2
    214e:	b771                	j	20da <dhcp_recv+0x166>
    2150:	4701                	li	a4,0
    2152:	ef5712e3          	bne	a4,s5,2036 <dhcp_recv+0xc2>
    2156:	4d11                	li	s10,4
    2158:	4491                	li	s1,4
    215a:	b741                	j	20da <dhcp_recv+0x166>
    215c:	01061413          	slli	s0,a2,0x10
    2160:	8041                	srli	s0,s0,0x10
    2162:	00acd783          	lhu	a5,10(s9)
    2166:	02f46363          	bltu	s0,a5,218c <dhcp_recv+0x218>
    216a:	8c1d                	sub	s0,s0,a5
    216c:	40fd8db3          	sub	s11,s11,a5
    2170:	0442                	slli	s0,s0,0x10
    2172:	0dc2                	slli	s11,s11,0x10
    2174:	8041                	srli	s0,s0,0x10
    2176:	010ddd93          	srli	s11,s11,0x10
    217a:	ebb47ee3          	bgeu	s0,s11,2036 <dhcp_recv+0xc2>
    217e:	000cac83          	lw	s9,0(s9)
    2182:	ea0c8ae3          	beqz	s9,2036 <dhcp_recv+0xc2>
    2186:	004ca783          	lw	a5,4(s9)
    218a:	c23e                	sw	a5,4(sp)
    218c:	01b47a63          	bgeu	s0,s11,21a0 <dhcp_recv+0x22c>
    2190:	4792                	lw	a5,4(sp)
    2192:	0ff00693          	li	a3,255
    2196:	00878733          	add	a4,a5,s0
    219a:	231c                	lbu	a5,0(a4)
    219c:	ecd790e3          	bne	a5,a3,205c <dhcp_recv+0xe8>
    21a0:	00084783          	lbu	a5,0(a6)
    21a4:	efd1                	bnez	a5,2240 <dhcp_recv+0x2cc>
    21a6:	0a0b1763          	bnez	s6,2254 <dhcp_recv+0x2e0>
    21aa:	00184783          	lbu	a5,1(a6)
    21ae:	e80784e3          	beqz	a5,2036 <dhcp_recv+0xc2>
    21b2:	a0818793          	addi	a5,gp,-1528 # 20000288 <dhcp_rx_options_val>
    21b6:	23d8                	lbu	a4,4(a5)
    21b8:	4695                	li	a3,5
    21ba:	0049a583          	lw	a1,4(s3)
    21be:	0cd71863          	bne	a4,a3,228e <dhcp_recv+0x31a>
    21c2:	005bc783          	lbu	a5,5(s7)
    21c6:	4705                	li	a4,1
    21c8:	0ae79563          	bne	a5,a4,2272 <dhcp_recv+0x2fe>
    21cc:	02092503          	lw	a0,32(s2)
    21d0:	fb4ff0ef          	jal	ra,1984 <dhcp_handle_ack.isra.4>
    21d4:	02f94783          	lbu	a5,47(s2)
    21d8:	854a                	mv	a0,s2
    21da:	8ba1                	andi	a5,a5,8
    21dc:	c7d5                	beqz	a5,2288 <dhcp_recv+0x314>
    21de:	d56ff0ef          	jal	ra,1734 <dhcp_check>
    21e2:	bd91                	j	2036 <dhcp_recv+0xc2>
    21e4:	009807b3          	add	a5,a6,s1
    21e8:	239c                	lbu	a5,0(a5)
    21ea:	ffa5                	bnez	a5,2162 <dhcp_recv+0x1ee>
    21ec:	010d1793          	slli	a5,s10,0x10
    21f0:	83c1                	srli	a5,a5,0x10
    21f2:	863e                	mv	a2,a5
    21f4:	086c                	addi	a1,sp,28
    21f6:	8566                	mv	a0,s9
    21f8:	c63e                	sw	a5,12(sp)
    21fa:	756020ef          	jal	ra,4950 <pbuf_copy_partial>
    21fe:	47b2                	lw	a5,12(sp)
    2200:	e2a79be3          	bne	a5,a0,2036 <dhcp_recv+0xc2>
    2204:	200007b7          	lui	a5,0x20000
    2208:	0f878813          	addi	a6,a5,248 # 200000f8 <dhcp_rx_options_given>
    220c:	035d1363          	bne	s10,s5,2232 <dhcp_recv+0x2be>
    2210:	4572                	lw	a0,28(sp)
    2212:	65c010ef          	jal	ra,386e <lwip_htonl>
    2216:	200007b7          	lui	a5,0x20000
    221a:	ce2a                	sw	a0,28(sp)
    221c:	0f878813          	addi	a6,a5,248 # 200000f8 <dhcp_rx_options_given>
    2220:	009807b3          	add	a5,a6,s1
    2224:	4705                	li	a4,1
    2226:	a398                	sb	a4,0(a5)
    2228:	47f2                	lw	a5,28(sp)
    222a:	048a                	slli	s1,s1,0x2
    222c:	94d2                	add	s1,s1,s4
    222e:	c09c                	sw	a5,0(s1)
    2230:	bf0d                	j	2162 <dhcp_recv+0x1ee>
    2232:	4785                	li	a5,1
    2234:	e0fd11e3          	bne	s10,a5,2036 <dhcp_recv+0xc2>
    2238:	01c14783          	lbu	a5,28(sp)
    223c:	ce3e                	sw	a5,28(sp)
    223e:	b7cd                	j	2220 <dhcp_recv+0x2ac>
    2240:	000a2783          	lw	a5,0(s4)
    2244:	00080023          	sb	zero,0(a6)
    2248:	4705                	li	a4,1
    224a:	00e78f63          	beq	a5,a4,2268 <dhcp_recv+0x2f4>
    224e:	4709                	li	a4,2
    2250:	00e79863          	bne	a5,a4,2260 <dhcp_recv+0x2ec>
    2254:	4b01                	li	s6,0
    2256:	06c00d93          	li	s11,108
    225a:	02c00c13          	li	s8,44
    225e:	b37d                	j	200c <dhcp_recv+0x98>
    2260:	470d                	li	a4,3
    2262:	f4e792e3          	bne	a5,a4,21a6 <dhcp_recv+0x232>
    2266:	4b05                	li	s6,1
    2268:	0ec00d93          	li	s11,236
    226c:	06c00c13          	li	s8,108
    2270:	bb71                	j	200c <dhcp_recv+0x98>
    2272:	17f5                	addi	a5,a5,-3
    2274:	0ff7f793          	andi	a5,a5,255
    2278:	4709                	li	a4,2
    227a:	daf76ee3          	bltu	a4,a5,2036 <dhcp_recv+0xc2>
    227e:	02092503          	lw	a0,32(s2)
    2282:	f02ff0ef          	jal	ra,1984 <dhcp_handle_ack.isra.4>
    2286:	854a                	mv	a0,s2
    2288:	cdcff0ef          	jal	ra,1764 <dhcp_bind>
    228c:	b36d                	j	2036 <dhcp_recv+0xc2>
    228e:	4699                	li	a3,6
    2290:	04d71063          	bne	a4,a3,22d0 <dhcp_recv+0x35c>
    2294:	005bc703          	lbu	a4,5(s7)
    2298:	4689                	li	a3,2
    229a:	ffd70793          	addi	a5,a4,-3
    229e:	0ff7f793          	andi	a5,a5,255
    22a2:	00f6f563          	bgeu	a3,a5,22ac <dhcp_recv+0x338>
    22a6:	4785                	li	a5,1
    22a8:	d8f717e3          	bne	a4,a5,2036 <dhcp_recv+0xc2>
    22ac:	02092503          	lw	a0,32(s2)
    22b0:	45b1                	li	a1,12
    22b2:	c32ff0ef          	jal	ra,16e4 <dhcp_set_state>
    22b6:	83418693          	addi	a3,gp,-1996 # 200000b4 <ip_addr_any>
    22ba:	83418613          	addi	a2,gp,-1996 # 200000b4 <ip_addr_any>
    22be:	854a                	mv	a0,s2
    22c0:	83418593          	addi	a1,gp,-1996 # 200000b4 <ip_addr_any>
    22c4:	631010ef          	jal	ra,40f4 <netif_set_addr>
    22c8:	854a                	mv	a0,s2
    22ca:	bb5ff0ef          	jal	ra,1e7e <dhcp_discover>
    22ce:	b3a5                	j	2036 <dhcp_recv+0xc2>
    22d0:	4609                	li	a2,2
    22d2:	d6c712e3          	bne	a4,a2,2036 <dhcp_recv+0xc2>
    22d6:	005bc703          	lbu	a4,5(s7)
    22da:	d4d71ee3          	bne	a4,a3,2036 <dhcp_recv+0xc2>
    22de:	00284703          	lbu	a4,2(a6)
    22e2:	d4070ae3          	beqz	a4,2036 <dhcp_recv+0xc2>
    22e6:	02092403          	lw	s0,32(s2)
    22ea:	4788                	lw	a0,8(a5)
    22ec:	c22e                	sw	a1,4(sp)
    22ee:	00041423          	sh	zero,8(s0)
    22f2:	57c010ef          	jal	ra,386e <lwip_htonl>
    22f6:	4592                	lw	a1,4(sp)
    22f8:	cc08                	sw	a0,24(s0)
    22fa:	854a                	mv	a0,s2
    22fc:	3998                	lbu	a4,17(a1)
    22fe:	299c                	lbu	a5,16(a1)
    2300:	0722                	slli	a4,a4,0x8
    2302:	8f5d                	or	a4,a4,a5
    2304:	29bc                	lbu	a5,18(a1)
    2306:	07c2                	slli	a5,a5,0x10
    2308:	8f5d                	or	a4,a4,a5
    230a:	39bc                	lbu	a5,19(a1)
    230c:	07e2                	slli	a5,a5,0x18
    230e:	8fd9                	or	a5,a5,a4
    2310:	cc5c                	sw	a5,28(s0)
    2312:	909ff0ef          	jal	ra,1c1a <dhcp_select>
    2316:	b305                	j	2036 <dhcp_recv+0xc2>
    2318:	03400713          	li	a4,52
    231c:	e0e782e3          	beq	a5,a4,2120 <dhcp_recv+0x1ac>
    2320:	02f76063          	bltu	a4,a5,2340 <dhcp_recv+0x3cc>
    2324:	4705                	li	a4,1
    2326:	d0e788e3          	beq	a5,a4,2036 <dhcp_recv+0xc2>
    232a:	e20789e3          	beqz	a5,215c <dhcp_recv+0x1e8>
    232e:	470d                	li	a4,3
    2330:	d0e783e3          	beq	a5,a4,2036 <dhcp_recv+0xc2>
    2334:	03300713          	li	a4,51
    2338:	cee78fe3          	beq	a5,a4,2036 <dhcp_recv+0xc2>
    233c:	4701                	li	a4,0
    233e:	bba9                	j	2098 <dhcp_recv+0x124>
    2340:	03600713          	li	a4,54
    2344:	e0e780e3          	beq	a5,a4,2144 <dhcp_recv+0x1d0>
    2348:	dee7e7e3          	bltu	a5,a4,2136 <dhcp_recv+0x1c2>
    234c:	03a00713          	li	a4,58
    2350:	e0e780e3          	beq	a5,a4,2150 <dhcp_recv+0x1dc>
    2354:	03b00613          	li	a2,59
    2358:	4701                	li	a4,0
    235a:	b3ad                	j	20c4 <dhcp_recv+0x150>

0000235c <dhcp_network_changed>:
    235c:	5118                	lw	a4,32(a0)
    235e:	c739                	beqz	a4,23ac <dhcp_network_changed+0x50>
    2360:	9aefe2ef          	jal	t0,50e <__riscv_save_0>
    2364:	335c                	lbu	a5,5(a4)
    2366:	4695                	li	a3,5
    2368:	02f6e463          	bltu	a3,a5,2390 <dhcp_network_changed+0x34>
    236c:	468d                	li	a3,3
    236e:	02d7f463          	bgeu	a5,a3,2396 <dhcp_network_changed+0x3a>
    2372:	c795                	beqz	a5,239e <dhcp_network_changed+0x42>
    2374:	46b1                	li	a3,12
    2376:	02f6f663          	bgeu	a3,a5,23a2 <dhcp_network_changed+0x46>
    237a:	0000c5b7          	lui	a1,0xc
    237e:	0000c537          	lui	a0,0xc
    2382:	72058593          	addi	a1,a1,1824 # c720 <_read+0x3e0>
    2386:	49050513          	addi	a0,a0,1168 # c490 <_read+0x150>
    238a:	521080ef          	jal	ra,b0aa <iprintf>
    238e:	a001                	j	238e <dhcp_network_changed+0x32>
    2390:	46a9                	li	a3,10
    2392:	fed791e3          	bne	a5,a3,2374 <dhcp_network_changed+0x18>
    2396:	00070323          	sb	zero,6(a4)
    239a:	9d3ff0ef          	jal	ra,1d6c <dhcp_reboot>
    239e:	994fe06f          	j	532 <__riscv_restore_0>
    23a2:	00070323          	sb	zero,6(a4)
    23a6:	ad9ff0ef          	jal	ra,1e7e <dhcp_discover>
    23aa:	bfd5                	j	239e <dhcp_network_changed+0x42>
    23ac:	8082                	ret

000023ae <dhcp_arp_reply>:
    23ae:	946fe2ef          	jal	t0,4f4 <__riscv_save_4>
    23b2:	1141                	addi	sp,sp,-16
    23b4:	e911                	bnez	a0,23c8 <dhcp_arp_reply+0x1a>
    23b6:	0000c537          	lui	a0,0xc
    23ba:	4f050513          	addi	a0,a0,1264 # c4f0 <_read+0x1b0>
    23be:	4ed080ef          	jal	ra,b0aa <iprintf>
    23c2:	0141                	addi	sp,sp,16
    23c4:	964fe06f          	j	528 <__riscv_restore_4>
    23c8:	5100                	lw	s0,32(a0)
    23ca:	89aa                	mv	s3,a0
    23cc:	d87d                	beqz	s0,23c2 <dhcp_arp_reply+0x14>
    23ce:	3058                	lbu	a4,5(s0)
    23d0:	47a1                	li	a5,8
    23d2:	fef718e3          	bne	a4,a5,23c2 <dhcp_arp_reply+0x14>
    23d6:	4198                	lw	a4,0(a1)
    23d8:	4c5c                	lw	a5,28(s0)
    23da:	fef714e3          	bne	a4,a5,23c2 <dhcp_arp_reply+0x14>
    23de:	45b1                	li	a1,12
    23e0:	8522                	mv	a0,s0
    23e2:	b02ff0ef          	jal	ra,16e4 <dhcp_set_state>
    23e6:	00e10693          	addi	a3,sp,14
    23ea:	4611                	li	a2,4
    23ec:	85a2                	mv	a1,s0
    23ee:	854e                	mv	a0,s3
    23f0:	ee2ff0ef          	jal	ra,1ad2 <dhcp_create_msg>
    23f4:	84aa                	mv	s1,a0
    23f6:	cd21                	beqz	a0,244e <dhcp_arp_reply+0xa0>
    23f8:	00452903          	lw	s2,4(a0)
    23fc:	8728                	lhu	a0,14(sp)
    23fe:	4691                	li	a3,4
    2400:	0f090913          	addi	s2,s2,240
    2404:	03200613          	li	a2,50
    2408:	85ca                	mv	a1,s2
    240a:	cbaff0ef          	jal	ra,18c4 <dhcp_option>
    240e:	8a2a                	mv	s4,a0
    2410:	8768                	sh	a0,14(sp)
    2412:	4c48                	lw	a0,28(s0)
    2414:	45a010ef          	jal	ra,386e <lwip_htonl>
    2418:	862a                	mv	a2,a0
    241a:	85ca                	mv	a1,s2
    241c:	8552                	mv	a0,s4
    241e:	d02ff0ef          	jal	ra,1920 <dhcp_option_long>
    2422:	8626                	mv	a2,s1
    2424:	85ca                	mv	a1,s2
    2426:	8768                	sh	a0,14(sp)
    2428:	aceff0ef          	jal	ra,16f6 <dhcp_option_trailer>
    242c:	20000537          	lui	a0,0x20000
    2430:	0f052503          	lw	a0,240(a0) # 200000f0 <dhcp_pcb>
    2434:	83418793          	addi	a5,gp,-1996 # 200000b4 <ip_addr_any>
    2438:	874e                	mv	a4,s3
    243a:	04300693          	li	a3,67
    243e:	83818613          	addi	a2,gp,-1992 # 200000b8 <ip_addr_broadcast>
    2442:	85a6                	mv	a1,s1
    2444:	11e060ef          	jal	ra,8562 <udp_sendto_if_src>
    2448:	8526                	mv	a0,s1
    244a:	062020ef          	jal	ra,44ac <pbuf_free>
    244e:	207c                	lbu	a5,6(s0)
    2450:	0ff00713          	li	a4,255
    2454:	00e78463          	beq	a5,a4,245c <dhcp_arp_reply+0xae>
    2458:	0785                	addi	a5,a5,1
    245a:	a07c                	sb	a5,6(s0)
    245c:	47d1                	li	a5,20
    245e:	a41e                	sh	a5,8(s0)
    2460:	b78d                	j	23c2 <dhcp_arp_reply+0x14>

00002462 <dhcp_renew>:
    2462:	892fe2ef          	jal	t0,4f4 <__riscv_save_4>
    2466:	5100                	lw	s0,32(a0)
    2468:	1141                	addi	sp,sp,-16
    246a:	89aa                	mv	s3,a0
    246c:	4595                	li	a1,5
    246e:	8522                	mv	a0,s0
    2470:	a74ff0ef          	jal	ra,16e4 <dhcp_set_state>
    2474:	00e10693          	addi	a3,sp,14
    2478:	460d                	li	a2,3
    247a:	85a2                	mv	a1,s0
    247c:	854e                	mv	a0,s3
    247e:	e54ff0ef          	jal	ra,1ad2 <dhcp_create_msg>
    2482:	c171                	beqz	a0,2546 <dhcp_renew+0xe4>
    2484:	4144                	lw	s1,4(a0)
    2486:	892a                	mv	s2,a0
    2488:	8728                	lhu	a0,14(sp)
    248a:	0f048493          	addi	s1,s1,240
    248e:	4689                	li	a3,2
    2490:	03900613          	li	a2,57
    2494:	85a6                	mv	a1,s1
    2496:	c2eff0ef          	jal	ra,18c4 <dhcp_option>
    249a:	0269d603          	lhu	a2,38(s3)
    249e:	85a6                	mv	a1,s1
    24a0:	8768                	sh	a0,14(sp)
    24a2:	bdeff0ef          	jal	ra,1880 <dhcp_option_short>
    24a6:	468d                	li	a3,3
    24a8:	03700613          	li	a2,55
    24ac:	85a6                	mv	a1,s1
    24ae:	8768                	sh	a0,14(sp)
    24b0:	c14ff0ef          	jal	ra,18c4 <dhcp_option>
    24b4:	8768                	sh	a0,14(sp)
    24b6:	4701                	li	a4,0
    24b8:	04300813          	li	a6,67
    24bc:	83018693          	addi	a3,gp,-2000 # 200000b0 <dhcp_discover_request_options>
    24c0:	460d                	li	a2,3
    24c2:	873c                	lhu	a5,14(sp)
    24c4:	00f87463          	bgeu	a6,a5,24cc <dhcp_renew+0x6a>
    24c8:	c3eff0ef          	jal	ra,1906 <dhcp_option_byte.part.2>
    24cc:	00e685b3          	add	a1,a3,a4
    24d0:	218c                	lbu	a1,0(a1)
    24d2:	00178513          	addi	a0,a5,1
    24d6:	0542                	slli	a0,a0,0x10
    24d8:	97a6                	add	a5,a5,s1
    24da:	8141                	srli	a0,a0,0x10
    24dc:	a38c                	sb	a1,0(a5)
    24de:	8768                	sh	a0,14(sp)
    24e0:	0705                	addi	a4,a4,1
    24e2:	fec710e3          	bne	a4,a2,24c2 <dhcp_renew+0x60>
    24e6:	85a6                	mv	a1,s1
    24e8:	864a                	mv	a2,s2
    24ea:	a0cff0ef          	jal	ra,16f6 <dhcp_option_trailer>
    24ee:	200007b7          	lui	a5,0x20000
    24f2:	0f07a503          	lw	a0,240(a5) # 200000f0 <dhcp_pcb>
    24f6:	874e                	mv	a4,s3
    24f8:	04300693          	li	a3,67
    24fc:	01840613          	addi	a2,s0,24
    2500:	85ca                	mv	a1,s2
    2502:	19e060ef          	jal	ra,86a0 <udp_sendto_if>
    2506:	84aa                	mv	s1,a0
    2508:	854a                	mv	a0,s2
    250a:	7a3010ef          	jal	ra,44ac <pbuf_free>
    250e:	207c                	lbu	a5,6(s0)
    2510:	0ff00713          	li	a4,255
    2514:	00e78463          	beq	a5,a4,251c <dhcp_renew+0xba>
    2518:	0785                	addi	a5,a5,1
    251a:	a07c                	sb	a5,6(s0)
    251c:	207c                	lbu	a5,6(s0)
    251e:	4725                	li	a4,9
    2520:	02f76563          	bltu	a4,a5,254a <dhcp_renew+0xe8>
    2524:	7d000713          	li	a4,2000
    2528:	02e787b3          	mul	a5,a5,a4
    252c:	07c2                	slli	a5,a5,0x10
    252e:	83c1                	srli	a5,a5,0x10
    2530:	1f400713          	li	a4,500
    2534:	1f378793          	addi	a5,a5,499
    2538:	02e7c7b3          	div	a5,a5,a4
    253c:	8526                	mv	a0,s1
    253e:	a41e                	sh	a5,8(s0)
    2540:	0141                	addi	sp,sp,16
    2542:	fe7fd06f          	j	528 <__riscv_restore_4>
    2546:	54fd                	li	s1,-1
    2548:	b7d9                	j	250e <dhcp_renew+0xac>
    254a:	6795                	lui	a5,0x5
    254c:	e2078793          	addi	a5,a5,-480 # 4e20 <tcp_pcb_remove+0x82>
    2550:	b7c5                	j	2530 <dhcp_renew+0xce>

00002552 <dhcp_supplied_address>:
    2552:	c105                	beqz	a0,2572 <dhcp_supplied_address+0x20>
    2554:	511c                	lw	a5,32(a0)
    2556:	4501                	li	a0,0
    2558:	cf91                	beqz	a5,2574 <dhcp_supplied_address+0x22>
    255a:	33dc                	lbu	a5,5(a5)
    255c:	4729                	li	a4,10
    255e:	4505                	li	a0,1
    2560:	00e78663          	beq	a5,a4,256c <dhcp_supplied_address+0x1a>
    2564:	ffc78513          	addi	a0,a5,-4
    2568:	00253513          	sltiu	a0,a0,2
    256c:	0ff57513          	andi	a0,a0,255
    2570:	8082                	ret
    2572:	4501                	li	a0,0
    2574:	8082                	ret

00002576 <dhcp_release_and_stop>:
    2576:	f7ffd2ef          	jal	t0,4f4 <__riscv_save_4>
    257a:	5100                	lw	s0,32(a0)
    257c:	1141                	addi	sp,sp,-16
    257e:	c061                	beqz	s0,263e <dhcp_release_and_stop+0xc8>
    2580:	305c                	lbu	a5,5(s0)
    2582:	cfd5                	beqz	a5,263e <dhcp_release_and_stop+0xc8>
    2584:	4c1c                	lw	a5,24(s0)
    2586:	00042e23          	sw	zero,28(s0)
    258a:	00042c23          	sw	zero,24(s0)
    258e:	02042023          	sw	zero,32(s0)
    2592:	02042223          	sw	zero,36(s0)
    2596:	02042823          	sw	zero,48(s0)
    259a:	02042623          	sw	zero,44(s0)
    259e:	02042423          	sw	zero,40(s0)
    25a2:	00041723          	sh	zero,14(s0)
    25a6:	00042823          	sw	zero,16(s0)
    25aa:	00041a23          	sh	zero,20(s0)
    25ae:	84aa                	mv	s1,a0
    25b0:	c63e                	sw	a5,12(sp)
    25b2:	3745                	jal	2552 <dhcp_supplied_address>
    25b4:	4581                	li	a1,0
    25b6:	c559                	beqz	a0,2644 <dhcp_release_and_stop+0xce>
    25b8:	8522                	mv	a0,s0
    25ba:	92aff0ef          	jal	ra,16e4 <dhcp_set_state>
    25be:	00a10693          	addi	a3,sp,10
    25c2:	461d                	li	a2,7
    25c4:	85a2                	mv	a1,s0
    25c6:	8526                	mv	a0,s1
    25c8:	d0aff0ef          	jal	ra,1ad2 <dhcp_create_msg>
    25cc:	892a                	mv	s2,a0
    25ce:	c929                	beqz	a0,2620 <dhcp_release_and_stop+0xaa>
    25d0:	00452983          	lw	s3,4(a0)
    25d4:	8528                	lhu	a0,10(sp)
    25d6:	4691                	li	a3,4
    25d8:	0f098993          	addi	s3,s3,240
    25dc:	03600613          	li	a2,54
    25e0:	85ce                	mv	a1,s3
    25e2:	ae2ff0ef          	jal	ra,18c4 <dhcp_option>
    25e6:	8a2a                	mv	s4,a0
    25e8:	8568                	sh	a0,10(sp)
    25ea:	4532                	lw	a0,12(sp)
    25ec:	282010ef          	jal	ra,386e <lwip_htonl>
    25f0:	862a                	mv	a2,a0
    25f2:	85ce                	mv	a1,s3
    25f4:	8552                	mv	a0,s4
    25f6:	b2aff0ef          	jal	ra,1920 <dhcp_option_long>
    25fa:	864a                	mv	a2,s2
    25fc:	85ce                	mv	a1,s3
    25fe:	8568                	sh	a0,10(sp)
    2600:	8f6ff0ef          	jal	ra,16f6 <dhcp_option_trailer>
    2604:	200007b7          	lui	a5,0x20000
    2608:	0f07a503          	lw	a0,240(a5) # 200000f0 <dhcp_pcb>
    260c:	8726                	mv	a4,s1
    260e:	04300693          	li	a3,67
    2612:	0070                	addi	a2,sp,12
    2614:	85ca                	mv	a1,s2
    2616:	08a060ef          	jal	ra,86a0 <udp_sendto_if>
    261a:	854a                	mv	a0,s2
    261c:	691010ef          	jal	ra,44ac <pbuf_free>
    2620:	83418693          	addi	a3,gp,-1996 # 200000b4 <ip_addr_any>
    2624:	83418613          	addi	a2,gp,-1996 # 200000b4 <ip_addr_any>
    2628:	8526                	mv	a0,s1
    262a:	83418593          	addi	a1,gp,-1996 # 200000b4 <ip_addr_any>
    262e:	2c7010ef          	jal	ra,40f4 <netif_set_addr>
    2632:	205c                	lbu	a5,4(s0)
    2634:	c789                	beqz	a5,263e <dhcp_release_and_stop+0xc8>
    2636:	bd8ff0ef          	jal	ra,1a0e <dhcp_dec_pcb_refcount>
    263a:	00040223          	sb	zero,4(s0)
    263e:	0141                	addi	sp,sp,16
    2640:	ee9fd06f          	j	528 <__riscv_restore_4>
    2644:	8522                	mv	a0,s0
    2646:	89eff0ef          	jal	ra,16e4 <dhcp_set_state>
    264a:	b7e5                	j	2632 <dhcp_release_and_stop+0xbc>

0000264c <dhcp_start>:
    264c:	ec3fd2ef          	jal	t0,50e <__riscv_save_0>
    2650:	e919                	bnez	a0,2666 <dhcp_start+0x1a>
    2652:	0000c537          	lui	a0,0xc
    2656:	4f050513          	addi	a0,a0,1264 # c4f0 <_read+0x1b0>
    265a:	251080ef          	jal	ra,b0aa <iprintf>
    265e:	5441                	li	s0,-16
    2660:	8522                	mv	a0,s0
    2662:	ed1fd06f          	j	532 <__riscv_restore_0>
    2666:	02f54783          	lbu	a5,47(a0)
    266a:	84aa                	mv	s1,a0
    266c:	8b85                	andi	a5,a5,1
    266e:	e791                	bnez	a5,267a <dhcp_start+0x2e>
    2670:	0000d537          	lui	a0,0xd
    2674:	8a850513          	addi	a0,a0,-1880 # c8a8 <_read+0x568>
    2678:	b7cd                	j	265a <dhcp_start+0xe>
    267a:	317a                	lhu	a4,38(a0)
    267c:	23f00793          	li	a5,575
    2680:	02052903          	lw	s2,32(a0)
    2684:	00e7e463          	bltu	a5,a4,268c <dhcp_start+0x40>
    2688:	547d                	li	s0,-1
    268a:	bfd9                	j	2660 <dhcp_start+0x14>
    268c:	02091f63          	bnez	s2,26ca <dhcp_start+0x7e>
    2690:	03400513          	li	a0,52
    2694:	748010ef          	jal	ra,3ddc <mem_malloc>
    2698:	892a                	mv	s2,a0
    269a:	d57d                	beqz	a0,2688 <dhcp_start+0x3c>
    269c:	d088                	sw	a0,32(s1)
    269e:	03400613          	li	a2,52
    26a2:	4581                	li	a1,0
    26a4:	854a                	mv	a0,s2
    26a6:	e99fd0ef          	jal	ra,53e <memset>
    26aa:	baaff0ef          	jal	ra,1a54 <dhcp_inc_pcb_refcount>
    26ae:	842a                	mv	s0,a0
    26b0:	fd61                	bnez	a0,2688 <dhcp_start+0x3c>
    26b2:	4785                	li	a5,1
    26b4:	00f90223          	sb	a5,4(s2)
    26b8:	02f4c783          	lbu	a5,47(s1)
    26bc:	8b91                	andi	a5,a5,4
    26be:	ef81                	bnez	a5,26d6 <dhcp_start+0x8a>
    26c0:	4589                	li	a1,2
    26c2:	854a                	mv	a0,s2
    26c4:	820ff0ef          	jal	ra,16e4 <dhcp_set_state>
    26c8:	bf61                	j	2660 <dhcp_start+0x14>
    26ca:	00494783          	lbu	a5,4(s2)
    26ce:	dbe1                	beqz	a5,269e <dhcp_start+0x52>
    26d0:	b3eff0ef          	jal	ra,1a0e <dhcp_dec_pcb_refcount>
    26d4:	b7e9                	j	269e <dhcp_start+0x52>
    26d6:	8526                	mv	a0,s1
    26d8:	fa6ff0ef          	jal	ra,1e7e <dhcp_discover>
    26dc:	842a                	mv	s0,a0
    26de:	d149                	beqz	a0,2660 <dhcp_start+0x14>
    26e0:	8526                	mv	a0,s1
    26e2:	3d51                	jal	2576 <dhcp_release_and_stop>
    26e4:	b755                	j	2688 <dhcp_start+0x3c>

000026e6 <dhcp_coarse_tmr>:
    26e6:	e01fd2ef          	jal	t0,4e6 <__riscv_save_10>
    26ea:	200007b7          	lui	a5,0x20000
    26ee:	14c7a483          	lw	s1,332(a5) # 2000014c <netif_list>
    26f2:	6989                	lui	s3,0x2
    26f4:	1141                	addi	sp,sp,-16
    26f6:	71098993          	addi	s3,s3,1808 # 2710 <dhcp_coarse_tmr+0x2a>
    26fa:	83018a13          	addi	s4,gp,-2000 # 200000b0 <dhcp_discover_request_options>
    26fe:	20000ab7          	lui	s5,0x20000
    2702:	e481                	bnez	s1,270a <dhcp_coarse_tmr+0x24>
    2704:	0141                	addi	sp,sp,16
    2706:	e19fd06f          	j	51e <__riscv_restore_10>
    270a:	5080                	lw	s0,32(s1)
    270c:	c005                	beqz	s0,272c <dhcp_coarse_tmr+0x46>
    270e:	3058                	lbu	a4,5(s0)
    2710:	cf11                	beqz	a4,272c <dhcp_coarse_tmr+0x46>
    2712:	2856                	lhu	a3,20(s0)
    2714:	ce91                	beqz	a3,2730 <dhcp_coarse_tmr+0x4a>
    2716:	283e                	lhu	a5,18(s0)
    2718:	0785                	addi	a5,a5,1
    271a:	07c2                	slli	a5,a5,0x10
    271c:	83c1                	srli	a5,a5,0x10
    271e:	a83e                	sh	a5,18(s0)
    2720:	00f69863          	bne	a3,a5,2730 <dhcp_coarse_tmr+0x4a>
    2724:	8526                	mv	a0,s1
    2726:	3d81                	jal	2576 <dhcp_release_and_stop>
    2728:	8526                	mv	a0,s1
    272a:	370d                	jal	264c <dhcp_start>
    272c:	4084                	lw	s1,0(s1)
    272e:	bfd1                	j	2702 <dhcp_coarse_tmr+0x1c>
    2730:	281e                	lhu	a5,16(s0)
    2732:	0e078f63          	beqz	a5,2830 <dhcp_coarse_tmr+0x14a>
    2736:	fff78693          	addi	a3,a5,-1
    273a:	a816                	sh	a3,16(s0)
    273c:	4685                	li	a3,1
    273e:	0ed79963          	bne	a5,a3,2830 <dhcp_coarse_tmr+0x14a>
    2742:	47a9                	li	a5,10
    2744:	fee7e4e3          	bltu	a5,a4,272c <dhcp_coarse_tmr+0x46>
    2748:	43200793          	li	a5,1074
    274c:	00e7d733          	srl	a4,a5,a4
    2750:	8b05                	andi	a4,a4,1
    2752:	df69                	beqz	a4,272c <dhcp_coarse_tmr+0x46>
    2754:	4591                	li	a1,4
    2756:	8522                	mv	a0,s0
    2758:	f8dfe0ef          	jal	ra,16e4 <dhcp_set_state>
    275c:	00e10693          	addi	a3,sp,14
    2760:	460d                	li	a2,3
    2762:	85a2                	mv	a1,s0
    2764:	8526                	mv	a0,s1
    2766:	b6cff0ef          	jal	ra,1ad2 <dhcp_create_msg>
    276a:	8baa                	mv	s7,a0
    276c:	c141                	beqz	a0,27ec <dhcp_coarse_tmr+0x106>
    276e:	00452903          	lw	s2,4(a0)
    2772:	8728                	lhu	a0,14(sp)
    2774:	4689                	li	a3,2
    2776:	0f090913          	addi	s2,s2,240
    277a:	03900613          	li	a2,57
    277e:	85ca                	mv	a1,s2
    2780:	944ff0ef          	jal	ra,18c4 <dhcp_option>
    2784:	30f2                	lhu	a2,38(s1)
    2786:	85ca                	mv	a1,s2
    2788:	8768                	sh	a0,14(sp)
    278a:	8f6ff0ef          	jal	ra,1880 <dhcp_option_short>
    278e:	468d                	li	a3,3
    2790:	85ca                	mv	a1,s2
    2792:	03700613          	li	a2,55
    2796:	8768                	sh	a0,14(sp)
    2798:	92cff0ef          	jal	ra,18c4 <dhcp_option>
    279c:	8768                	sh	a0,14(sp)
    279e:	4701                	li	a4,0
    27a0:	04300593          	li	a1,67
    27a4:	468d                	li	a3,3
    27a6:	873c                	lhu	a5,14(sp)
    27a8:	00f5f463          	bgeu	a1,a5,27b0 <dhcp_coarse_tmr+0xca>
    27ac:	95aff0ef          	jal	ra,1906 <dhcp_option_byte.part.2>
    27b0:	00ea0633          	add	a2,s4,a4
    27b4:	2210                	lbu	a2,0(a2)
    27b6:	00178513          	addi	a0,a5,1
    27ba:	0542                	slli	a0,a0,0x10
    27bc:	97ca                	add	a5,a5,s2
    27be:	8141                	srli	a0,a0,0x10
    27c0:	a390                	sb	a2,0(a5)
    27c2:	8768                	sh	a0,14(sp)
    27c4:	0705                	addi	a4,a4,1
    27c6:	fed710e3          	bne	a4,a3,27a6 <dhcp_coarse_tmr+0xc0>
    27ca:	865e                	mv	a2,s7
    27cc:	85ca                	mv	a1,s2
    27ce:	f29fe0ef          	jal	ra,16f6 <dhcp_option_trailer>
    27d2:	0f0aa503          	lw	a0,240(s5) # 200000f0 <dhcp_pcb>
    27d6:	8726                	mv	a4,s1
    27d8:	04300693          	li	a3,67
    27dc:	83818613          	addi	a2,gp,-1992 # 200000b8 <ip_addr_broadcast>
    27e0:	85de                	mv	a1,s7
    27e2:	6bf050ef          	jal	ra,86a0 <udp_sendto_if>
    27e6:	855e                	mv	a0,s7
    27e8:	4c5010ef          	jal	ra,44ac <pbuf_free>
    27ec:	207c                	lbu	a5,6(s0)
    27ee:	0ff00713          	li	a4,255
    27f2:	00e78463          	beq	a5,a4,27fa <dhcp_coarse_tmr+0x114>
    27f6:	0785                	addi	a5,a5,1
    27f8:	a07c                	sb	a5,6(s0)
    27fa:	2078                	lbu	a4,6(s0)
    27fc:	46a5                	li	a3,9
    27fe:	87ce                	mv	a5,s3
    2800:	00e6e863          	bltu	a3,a4,2810 <dhcp_coarse_tmr+0x12a>
    2804:	3e800793          	li	a5,1000
    2808:	02f707b3          	mul	a5,a4,a5
    280c:	07c2                	slli	a5,a5,0x10
    280e:	83c1                	srli	a5,a5,0x10
    2810:	1f400713          	li	a4,500
    2814:	1f378793          	addi	a5,a5,499
    2818:	02e7c7b3          	div	a5,a5,a4
    281c:	283a                	lhu	a4,18(s0)
    281e:	a41e                	sh	a5,8(s0)
    2820:	285e                	lhu	a5,20(s0)
    2822:	8f99                	sub	a5,a5,a4
    2824:	4705                	li	a4,1
    2826:	f0f753e3          	bge	a4,a5,272c <dhcp_coarse_tmr+0x46>
    282a:	8785                	srai	a5,a5,0x1
    282c:	a81e                	sh	a5,16(s0)
    282e:	bdfd                	j	272c <dhcp_coarse_tmr+0x46>
    2830:	247e                	lhu	a5,14(s0)
    2832:	ee078de3          	beqz	a5,272c <dhcp_coarse_tmr+0x46>
    2836:	fff78693          	addi	a3,a5,-1
    283a:	a476                	sh	a3,14(s0)
    283c:	4685                	li	a3,1
    283e:	eed797e3          	bne	a5,a3,272c <dhcp_coarse_tmr+0x46>
    2842:	0fb77693          	andi	a3,a4,251
    2846:	00f68563          	beq	a3,a5,2850 <dhcp_coarse_tmr+0x16a>
    284a:	47a9                	li	a5,10
    284c:	eef710e3          	bne	a4,a5,272c <dhcp_coarse_tmr+0x46>
    2850:	8526                	mv	a0,s1
    2852:	c11ff0ef          	jal	ra,2462 <dhcp_renew>
    2856:	283a                	lhu	a4,18(s0)
    2858:	245e                	lhu	a5,12(s0)
    285a:	8f99                	sub	a5,a5,a4
    285c:	4705                	li	a4,1
    285e:	ecf757e3          	bge	a4,a5,272c <dhcp_coarse_tmr+0x46>
    2862:	8785                	srai	a5,a5,0x1
    2864:	a47e                	sh	a5,14(s0)
    2866:	b5d9                	j	272c <dhcp_coarse_tmr+0x46>

00002868 <dhcp_fine_tmr>:
    2868:	c8dfd2ef          	jal	t0,4f4 <__riscv_save_4>
    286c:	200007b7          	lui	a5,0x20000
    2870:	14c7a403          	lw	s0,332(a5) # 2000014c <netif_list>
    2874:	4485                	li	s1,1
    2876:	4931                	li	s2,12
    2878:	4999                	li	s3,6
    287a:	4a21                	li	s4,8
    287c:	4a8d                	li	s5,3
    287e:	4b15                	li	s6,5
    2880:	e019                	bnez	s0,2886 <dhcp_fine_tmr+0x1e>
    2882:	ca7fd06f          	j	528 <__riscv_restore_4>
    2886:	501c                	lw	a5,32(s0)
    2888:	c791                	beqz	a5,2894 <dhcp_fine_tmr+0x2c>
    288a:	279a                	lhu	a4,8(a5)
    288c:	00e4f663          	bgeu	s1,a4,2898 <dhcp_fine_tmr+0x30>
    2890:	177d                	addi	a4,a4,-1
    2892:	a79a                	sh	a4,8(a5)
    2894:	4000                	lw	s0,0(s0)
    2896:	b7ed                	j	2880 <dhcp_fine_tmr+0x18>
    2898:	fe971ee3          	bne	a4,s1,2894 <dhcp_fine_tmr+0x2c>
    289c:	33d8                	lbu	a4,5(a5)
    289e:	00079423          	sh	zero,8(a5)
    28a2:	01270463          	beq	a4,s2,28aa <dhcp_fine_tmr+0x42>
    28a6:	01371663          	bne	a4,s3,28b2 <dhcp_fine_tmr+0x4a>
    28aa:	8522                	mv	a0,s0
    28ac:	dd2ff0ef          	jal	ra,1e7e <dhcp_discover>
    28b0:	b7d5                	j	2894 <dhcp_fine_tmr+0x2c>
    28b2:	00971f63          	bne	a4,s1,28d0 <dhcp_fine_tmr+0x68>
    28b6:	23fc                	lbu	a5,6(a5)
    28b8:	8522                	mv	a0,s0
    28ba:	00fb6563          	bltu	s6,a5,28c4 <dhcp_fine_tmr+0x5c>
    28be:	b5cff0ef          	jal	ra,1c1a <dhcp_select>
    28c2:	bfc9                	j	2894 <dhcp_fine_tmr+0x2c>
    28c4:	cb3ff0ef          	jal	ra,2576 <dhcp_release_and_stop>
    28c8:	8522                	mv	a0,s0
    28ca:	d83ff0ef          	jal	ra,264c <dhcp_start>
    28ce:	b7d9                	j	2894 <dhcp_fine_tmr+0x2c>
    28d0:	01471c63          	bne	a4,s4,28e8 <dhcp_fine_tmr+0x80>
    28d4:	23fc                	lbu	a5,6(a5)
    28d6:	8522                	mv	a0,s0
    28d8:	00f4e563          	bltu	s1,a5,28e2 <dhcp_fine_tmr+0x7a>
    28dc:	e59fe0ef          	jal	ra,1734 <dhcp_check>
    28e0:	bf55                	j	2894 <dhcp_fine_tmr+0x2c>
    28e2:	e83fe0ef          	jal	ra,1764 <dhcp_bind>
    28e6:	b77d                	j	2894 <dhcp_fine_tmr+0x2c>
    28e8:	fb5716e3          	bne	a4,s5,2894 <dhcp_fine_tmr+0x2c>
    28ec:	23fc                	lbu	a5,6(a5)
    28ee:	8522                	mv	a0,s0
    28f0:	faf4eee3          	bltu	s1,a5,28ac <dhcp_fine_tmr+0x44>
    28f4:	c78ff0ef          	jal	ra,1d6c <dhcp_reboot>
    28f8:	bf71                	j	2894 <dhcp_fine_tmr+0x2c>

000028fa <etharp_free_entry>:
    28fa:	c15fd2ef          	jal	t0,50e <__riscv_save_0>
    28fe:	84aa                	mv	s1,a0
    2900:	4761                	li	a4,24
    2902:	02e48733          	mul	a4,s1,a4
    2906:	a2818793          	addi	a5,gp,-1496 # 200002a8 <arp_table>
    290a:	1141                	addi	sp,sp,-16
    290c:	a2818413          	addi	s0,gp,-1496 # 200002a8 <arp_table>
    2910:	97ba                	add	a5,a5,a4
    2912:	438c                	lw	a1,0(a5)
    2914:	c1a1                	beqz	a1,2954 <etharp_free_entry+0x5a>
    2916:	41c8                	lw	a0,4(a1)
    2918:	0005a903          	lw	s2,0(a1)
    291c:	ed01                	bnez	a0,2934 <etharp_free_entry+0x3a>
    291e:	0000d5b7          	lui	a1,0xd
    2922:	0000c537          	lui	a0,0xc
    2926:	91058593          	addi	a1,a1,-1776 # c910 <_read+0x5d0>
    292a:	49050513          	addi	a0,a0,1168 # c490 <_read+0x150>
    292e:	77c080ef          	jal	ra,b0aa <iprintf>
    2932:	a001                	j	2932 <etharp_free_entry+0x38>
    2934:	c62e                	sw	a1,12(sp)
    2936:	377010ef          	jal	ra,44ac <pbuf_free>
    293a:	45b2                	lw	a1,12(sp)
    293c:	4521                	li	a0,8
    293e:	6b6010ef          	jal	ra,3ff4 <memp_free>
    2942:	85ca                	mv	a1,s2
    2944:	fc0919e3          	bnez	s2,2916 <etharp_free_entry+0x1c>
    2948:	47e1                	li	a5,24
    294a:	02f487b3          	mul	a5,s1,a5
    294e:	97a2                	add	a5,a5,s0
    2950:	0007a023          	sw	zero,0(a5)
    2954:	4561                	li	a0,24
    2956:	02a48533          	mul	a0,s1,a0
    295a:	4619                	li	a2,6
    295c:	82818593          	addi	a1,gp,-2008 # 200000a8 <ethzero>
    2960:	9522                	add	a0,a0,s0
    2962:	00050a23          	sb	zero,20(a0)
    2966:	00051923          	sh	zero,18(a0)
    296a:	00052423          	sw	zero,8(a0)
    296e:	00052223          	sw	zero,4(a0)
    2972:	0531                	addi	a0,a0,12
    2974:	684080ef          	jal	ra,aff8 <memcpy>
    2978:	0141                	addi	sp,sp,16
    297a:	bb9fd06f          	j	532 <__riscv_restore_0>

0000297e <etharp_find_entry>:
    297e:	b77fd2ef          	jal	t0,4f4 <__riscv_save_4>
    2982:	a2818693          	addi	a3,gp,-1496 # 200002a8 <arp_table>
    2986:	4281                	li	t0,0
    2988:	4f81                	li	t6,0
    298a:	4f01                	li	t5,0
    298c:	4ea9                	li	t4,10
    298e:	48a9                	li	a7,10
    2990:	4429                	li	s0,10
    2992:	4729                	li	a4,10
    2994:	4781                	li	a5,0
    2996:	a2818493          	addi	s1,gp,-1496 # 200002a8 <arp_table>
    299a:	4329                	li	t1,10
    299c:	4385                	li	t2,1
    299e:	0146ce03          	lbu	t3,20(a3)
    29a2:	02671d63          	bne	a4,t1,29dc <etharp_find_entry+0x5e>
    29a6:	080e0c63          	beqz	t3,2a3e <etharp_find_entry+0xc0>
    29aa:	cd01                	beqz	a0,29c2 <etharp_find_entry+0x44>
    29ac:	00052903          	lw	s2,0(a0)
    29b0:	0046a803          	lw	a6,4(a3)
    29b4:	01091763          	bne	s2,a6,29c2 <etharp_find_entry+0x44>
    29b8:	ca55                	beqz	a2,2a6c <etharp_find_entry+0xee>
    29ba:	0086a803          	lw	a6,8(a3)
    29be:	0ac80763          	beq	a6,a2,2a6c <etharp_find_entry+0xee>
    29c2:	0126d803          	lhu	a6,18(a3)
    29c6:	067e1763          	bne	t3,t2,2a34 <etharp_find_entry+0xb6>
    29ca:	0006ae03          	lw	t3,0(a3)
    29ce:	040e0e63          	beqz	t3,2a2a <etharp_find_entry+0xac>
    29d2:	01e86763          	bltu	a6,t5,29e0 <etharp_find_entry+0x62>
    29d6:	8f42                	mv	t5,a6
    29d8:	8ebe                	mv	t4,a5
    29da:	a019                	j	29e0 <etharp_find_entry+0x62>
    29dc:	fc0e17e3          	bnez	t3,29aa <etharp_find_entry+0x2c>
    29e0:	0785                	addi	a5,a5,1
    29e2:	01079813          	slli	a6,a5,0x10
    29e6:	01085813          	srli	a6,a6,0x10
    29ea:	01081793          	slli	a5,a6,0x10
    29ee:	06e1                	addi	a3,a3,24
    29f0:	87c1                	srai	a5,a5,0x10
    29f2:	fa6816e3          	bne	a6,t1,299e <etharp_find_entry+0x20>
    29f6:	4785                	li	a5,1
    29f8:	04f59a63          	bne	a1,a5,2a4c <etharp_find_entry+0xce>
    29fc:	89b2                	mv	s3,a2
    29fe:	892a                	mv	s2,a0
    2a00:	06671d63          	bne	a4,t1,2a7a <etharp_find_entry+0xfc>
    2a04:	02e40f63          	beq	s0,a4,2a42 <etharp_find_entry+0xc4>
    2a08:	47e1                	li	a5,24
    2a0a:	02f407b3          	mul	a5,s0,a5
    2a0e:	97a6                	add	a5,a5,s1
    2a10:	439c                	lw	a5,0(a5)
    2a12:	c3ad                	beqz	a5,2a74 <etharp_find_entry+0xf6>
    2a14:	0000d5b7          	lui	a1,0xd
    2a18:	0000c537          	lui	a0,0xc
    2a1c:	8cc58593          	addi	a1,a1,-1844 # c8cc <_read+0x58c>
    2a20:	49050513          	addi	a0,a0,1168 # c490 <_read+0x150>
    2a24:	686080ef          	jal	ra,b0aa <iprintf>
    2a28:	a001                	j	2a28 <etharp_find_entry+0xaa>
    2a2a:	fbf86be3          	bltu	a6,t6,29e0 <etharp_find_entry+0x62>
    2a2e:	8fc2                	mv	t6,a6
    2a30:	88be                	mv	a7,a5
    2a32:	b77d                	j	29e0 <etharp_find_entry+0x62>
    2a34:	fa5866e3          	bltu	a6,t0,29e0 <etharp_find_entry+0x62>
    2a38:	82c2                	mv	t0,a6
    2a3a:	843e                	mv	s0,a5
    2a3c:	b755                	j	29e0 <etharp_find_entry+0x62>
    2a3e:	873e                	mv	a4,a5
    2a40:	b745                	j	29e0 <etharp_find_entry+0x62>
    2a42:	02889863          	bne	a7,s0,2a72 <etharp_find_entry+0xf4>
    2a46:	8476                	mv	s0,t4
    2a48:	031e9663          	bne	t4,a7,2a74 <etharp_find_entry+0xf6>
    2a4c:	57fd                	li	a5,-1
    2a4e:	a839                	j	2a6c <etharp_find_entry+0xee>
    2a50:	00090563          	beqz	s2,2a5a <etharp_find_entry+0xdc>
    2a54:	00092683          	lw	a3,0(s2)
    2a58:	c3d4                	sw	a3,4(a5)
    2a5a:	47e1                	li	a5,24
    2a5c:	02f707b3          	mul	a5,a4,a5
    2a60:	94be                	add	s1,s1,a5
    2a62:	00049923          	sh	zero,18(s1)
    2a66:	0134a423          	sw	s3,8(s1)
    2a6a:	87ba                	mv	a5,a4
    2a6c:	853e                	mv	a0,a5
    2a6e:	abbfd06f          	j	528 <__riscv_restore_4>
    2a72:	8446                	mv	s0,a7
    2a74:	8522                	mv	a0,s0
    2a76:	3551                	jal	28fa <etharp_free_entry>
    2a78:	8722                	mv	a4,s0
    2a7a:	47e1                	li	a5,24
    2a7c:	02f707b3          	mul	a5,a4,a5
    2a80:	97a6                	add	a5,a5,s1
    2a82:	2bd4                	lbu	a3,20(a5)
    2a84:	d6f1                	beqz	a3,2a50 <etharp_find_entry+0xd2>
    2a86:	0000d5b7          	lui	a1,0xd
    2a8a:	0000c537          	lui	a0,0xc
    2a8e:	8e458593          	addi	a1,a1,-1820 # c8e4 <_read+0x5a4>
    2a92:	49050513          	addi	a0,a0,1168 # c490 <_read+0x150>
    2a96:	614080ef          	jal	ra,b0aa <iprintf>
    2a9a:	a001                	j	2a9a <etharp_find_entry+0x11c>

00002a9c <etharp_raw>:
    2a9c:	a4bfd2ef          	jal	t0,4e6 <__riscv_save_10>
    2aa0:	1141                	addi	sp,sp,-16
    2aa2:	ed01                	bnez	a0,2aba <etharp_raw+0x1e>
    2aa4:	0000c5b7          	lui	a1,0xc
    2aa8:	0000c537          	lui	a0,0xc
    2aac:	4f058593          	addi	a1,a1,1264 # c4f0 <_read+0x1b0>
    2ab0:	49050513          	addi	a0,a0,1168 # c490 <_read+0x150>
    2ab4:	5f6080ef          	jal	ra,b0aa <iprintf>
    2ab8:	a001                	j	2ab8 <etharp_raw+0x1c>
    2aba:	892a                	mv	s2,a0
    2abc:	8a2e                	mv	s4,a1
    2abe:	8ab2                	mv	s5,a2
    2ac0:	45f1                	li	a1,28
    2ac2:	28000613          	li	a2,640
    2ac6:	4539                	li	a0,14
    2ac8:	8cb6                	mv	s9,a3
    2aca:	8bba                	mv	s7,a4
    2acc:	8c3e                	mv	s8,a5
    2ace:	8b42                	mv	s6,a6
    2ad0:	c646                	sw	a7,12(sp)
    2ad2:	27d010ef          	jal	ra,454e <pbuf_alloc>
    2ad6:	84aa                	mv	s1,a0
    2ad8:	cd45                	beqz	a0,2b90 <etharp_raw+0xf4>
    2ada:	253a                	lhu	a4,10(a0)
    2adc:	47ed                	li	a5,27
    2ade:	48b2                	lw	a7,12(sp)
    2ae0:	00e7ed63          	bltu	a5,a4,2afa <etharp_raw+0x5e>
    2ae4:	0000d5b7          	lui	a1,0xd
    2ae8:	0000c537          	lui	a0,0xc
    2aec:	9cc58593          	addi	a1,a1,-1588 # c9cc <_read+0x68c>
    2af0:	49050513          	addi	a0,a0,1168 # c490 <_read+0x150>
    2af4:	5b6080ef          	jal	ra,b0aa <iprintf>
    2af8:	a001                	j	2af8 <etharp_raw+0x5c>
    2afa:	4140                	lw	s0,4(a0)
    2afc:	8546                	mv	a0,a7
    2afe:	563000ef          	jal	ra,3860 <lwip_htons>
    2b02:	a068                	sb	a0,6(s0)
    2b04:	8121                	srli	a0,a0,0x8
    2b06:	b068                	sb	a0,7(s0)
    2b08:	02e94983          	lbu	s3,46(s2)
    2b0c:	4799                	li	a5,6
    2b0e:	00f98d63          	beq	s3,a5,2b28 <etharp_raw+0x8c>
    2b12:	0000d5b7          	lui	a1,0xd
    2b16:	0000c537          	lui	a0,0xc
    2b1a:	a0058593          	addi	a1,a1,-1536 # ca00 <_read+0x6c0>
    2b1e:	49050513          	addi	a0,a0,1168 # c490 <_read+0x150>
    2b22:	588080ef          	jal	ra,b0aa <iprintf>
    2b26:	a001                	j	2b26 <etharp_raw+0x8a>
    2b28:	4619                	li	a2,6
    2b2a:	85e6                	mv	a1,s9
    2b2c:	00840513          	addi	a0,s0,8
    2b30:	4c8080ef          	jal	ra,aff8 <memcpy>
    2b34:	4619                	li	a2,6
    2b36:	85e2                	mv	a1,s8
    2b38:	01240513          	addi	a0,s0,18
    2b3c:	4bc080ef          	jal	ra,aff8 <memcpy>
    2b40:	4611                	li	a2,4
    2b42:	85de                	mv	a1,s7
    2b44:	00e40513          	addi	a0,s0,14
    2b48:	4b0080ef          	jal	ra,aff8 <memcpy>
    2b4c:	4611                	li	a2,4
    2b4e:	85da                	mv	a1,s6
    2b50:	01840513          	addi	a0,s0,24
    2b54:	4a4080ef          	jal	ra,aff8 <memcpy>
    2b58:	4785                	li	a5,1
    2b5a:	b01c                	sb	a5,1(s0)
    2b5c:	47a1                	li	a5,8
    2b5e:	a03c                	sb	a5,2(s0)
    2b60:	6705                	lui	a4,0x1
    2b62:	4791                	li	a5,4
    2b64:	b05c                	sb	a5,5(s0)
    2b66:	80670713          	addi	a4,a4,-2042 # 806 <__stack_size+0x6>
    2b6a:	86d6                	mv	a3,s5
    2b6c:	8652                	mv	a2,s4
    2b6e:	85a6                	mv	a1,s1
    2b70:	00040023          	sb	zero,0(s0)
    2b74:	000401a3          	sb	zero,3(s0)
    2b78:	01340223          	sb	s3,4(s0)
    2b7c:	854a                	mv	a0,s2
    2b7e:	af5fe0ef          	jal	ra,1672 <ethernet_output>
    2b82:	8526                	mv	a0,s1
    2b84:	129010ef          	jal	ra,44ac <pbuf_free>
    2b88:	4501                	li	a0,0
    2b8a:	0141                	addi	sp,sp,16
    2b8c:	993fd06f          	j	51e <__riscv_restore_10>
    2b90:	557d                	li	a0,-1
    2b92:	bfe5                	j	2b8a <etharp_raw+0xee>

00002b94 <etharp_input>:
    2b94:	953fd2ef          	jal	t0,4e6 <__riscv_save_10>
    2b98:	1141                	addi	sp,sp,-16
    2b9a:	e991                	bnez	a1,2bae <etharp_input+0x1a>
    2b9c:	0000c537          	lui	a0,0xc
    2ba0:	4f050513          	addi	a0,a0,1264 # c4f0 <_read+0x1b0>
    2ba4:	506080ef          	jal	ra,b0aa <iprintf>
    2ba8:	0141                	addi	sp,sp,16
    2baa:	975fd06f          	j	51e <__riscv_restore_10>
    2bae:	4144                	lw	s1,4(a0)
    2bb0:	89aa                	mv	s3,a0
    2bb2:	309c                	lbu	a5,1(s1)
    2bb4:	2098                	lbu	a4,0(s1)
    2bb6:	07a2                	slli	a5,a5,0x8
    2bb8:	8fd9                	or	a5,a5,a4
    2bba:	10000713          	li	a4,256
    2bbe:	02e79163          	bne	a5,a4,2be0 <etharp_input+0x4c>
    2bc2:	20d8                	lbu	a4,4(s1)
    2bc4:	4799                	li	a5,6
    2bc6:	00f71d63          	bne	a4,a5,2be0 <etharp_input+0x4c>
    2bca:	30d8                	lbu	a4,5(s1)
    2bcc:	4791                	li	a5,4
    2bce:	00f71963          	bne	a4,a5,2be0 <etharp_input+0x4c>
    2bd2:	30bc                	lbu	a5,3(s1)
    2bd4:	20b8                	lbu	a4,2(s1)
    2bd6:	07a2                	slli	a5,a5,0x8
    2bd8:	8fd9                	or	a5,a5,a4
    2bda:	4721                	li	a4,8
    2bdc:	00e78663          	beq	a5,a4,2be8 <etharp_input+0x54>
    2be0:	854e                	mv	a0,s3
    2be2:	0cb010ef          	jal	ra,44ac <pbuf_free>
    2be6:	b7c9                	j	2ba8 <etharp_input+0x14>
    2be8:	842e                	mv	s0,a1
    2bea:	4611                	li	a2,4
    2bec:	00e48593          	addi	a1,s1,14
    2bf0:	0028                	addi	a0,sp,8
    2bf2:	406080ef          	jal	ra,aff8 <memcpy>
    2bf6:	4611                	li	a2,4
    2bf8:	01848593          	addi	a1,s1,24
    2bfc:	0068                	addi	a0,sp,12
    2bfe:	3fa080ef          	jal	ra,aff8 <memcpy>
    2c02:	405c                	lw	a5,4(s0)
    2c04:	c781                	beqz	a5,2c0c <etharp_input+0x78>
    2c06:	4732                	lw	a4,12(sp)
    2c08:	02e78463          	beq	a5,a4,2c30 <etharp_input+0x9c>
    2c0c:	4a81                	li	s5,0
    2c0e:	4909                	li	s2,2
    2c10:	02e44703          	lbu	a4,46(s0)
    2c14:	4799                	li	a5,6
    2c16:	02f70063          	beq	a4,a5,2c36 <etharp_input+0xa2>
    2c1a:	0000d5b7          	lui	a1,0xd
    2c1e:	0000c537          	lui	a0,0xc
    2c22:	94058593          	addi	a1,a1,-1728 # c940 <_read+0x600>
    2c26:	49050513          	addi	a0,a0,1168 # c490 <_read+0x150>
    2c2a:	480080ef          	jal	ra,b0aa <iprintf>
    2c2e:	a001                	j	2c2e <etharp_input+0x9a>
    2c30:	4a85                	li	s5,1
    2c32:	4905                	li	s2,1
    2c34:	bff1                	j	2c10 <etharp_input+0x7c>
    2c36:	4522                	lw	a0,8(sp)
    2c38:	00848a13          	addi	s4,s1,8
    2c3c:	e115                	bnez	a0,2c60 <etharp_input+0xcc>
    2c3e:	30fc                	lbu	a5,7(s1)
    2c40:	20f8                	lbu	a4,6(s1)
    2c42:	07a2                	slli	a5,a5,0x8
    2c44:	8fd9                	or	a5,a5,a4
    2c46:	10000713          	li	a4,256
    2c4a:	08e78d63          	beq	a5,a4,2ce4 <etharp_input+0x150>
    2c4e:	20000713          	li	a4,512
    2c52:	f8e797e3          	bne	a5,a4,2be0 <etharp_input+0x4c>
    2c56:	002c                	addi	a1,sp,8
    2c58:	8522                	mv	a0,s0
    2c5a:	f54ff0ef          	jal	ra,23ae <dhcp_arp_reply>
    2c5e:	b749                	j	2be0 <etharp_input+0x4c>
    2c60:	85a2                	mv	a1,s0
    2c62:	31b000ef          	jal	ra,377c <ip4_addr_isbroadcast_u32>
    2c66:	fd61                	bnez	a0,2c3e <etharp_input+0xaa>
    2c68:	47a2                	lw	a5,8(sp)
    2c6a:	0e000713          	li	a4,224
    2c6e:	0f07f793          	andi	a5,a5,240
    2c72:	fce786e3          	beq	a5,a4,2c3e <etharp_input+0xaa>
    2c76:	8622                	mv	a2,s0
    2c78:	85ca                	mv	a1,s2
    2c7a:	0028                	addi	a0,sp,8
    2c7c:	d03ff0ef          	jal	ra,297e <etharp_find_entry>
    2c80:	fa054fe3          	bltz	a0,2c3e <etharp_input+0xaa>
    2c84:	47e1                	li	a5,24
    2c86:	02f507b3          	mul	a5,a0,a5
    2c8a:	a2818713          	addi	a4,gp,-1496 # 200002a8 <arp_table>
    2c8e:	4689                	li	a3,2
    2c90:	4619                	li	a2,6
    2c92:	85d2                	mv	a1,s4
    2c94:	6b05                	lui	s6,0x1
    2c96:	02840c13          	addi	s8,s0,40
    2c9a:	800b0b13          	addi	s6,s6,-2048 # 800 <__stack_size>
    2c9e:	00f70933          	add	s2,a4,a5
    2ca2:	07b1                	addi	a5,a5,12
    2ca4:	00d90a23          	sb	a3,20(s2)
    2ca8:	00892423          	sw	s0,8(s2)
    2cac:	00f70533          	add	a0,a4,a5
    2cb0:	348080ef          	jal	ra,aff8 <memcpy>
    2cb4:	00091923          	sh	zero,18(s2)
    2cb8:	00092583          	lw	a1,0(s2)
    2cbc:	d1c9                	beqz	a1,2c3e <etharp_input+0xaa>
    2cbe:	419c                	lw	a5,0(a1)
    2cc0:	0045ab83          	lw	s7,4(a1)
    2cc4:	4521                	li	a0,8
    2cc6:	00f92023          	sw	a5,0(s2)
    2cca:	32a010ef          	jal	ra,3ff4 <memp_free>
    2cce:	875a                	mv	a4,s6
    2cd0:	86d2                	mv	a3,s4
    2cd2:	8662                	mv	a2,s8
    2cd4:	85de                	mv	a1,s7
    2cd6:	8522                	mv	a0,s0
    2cd8:	99bfe0ef          	jal	ra,1672 <ethernet_output>
    2cdc:	855e                	mv	a0,s7
    2cde:	7ce010ef          	jal	ra,44ac <pbuf_free>
    2ce2:	bfd9                	j	2cb8 <etharp_input+0x124>
    2ce4:	ee0a8ee3          	beqz	s5,2be0 <etharp_input+0x4c>
    2ce8:	02840693          	addi	a3,s0,40
    2cec:	4889                	li	a7,2
    2cee:	00810813          	addi	a6,sp,8
    2cf2:	87d2                	mv	a5,s4
    2cf4:	00440713          	addi	a4,s0,4
    2cf8:	8652                	mv	a2,s4
    2cfa:	85b6                	mv	a1,a3
    2cfc:	8522                	mv	a0,s0
    2cfe:	d9fff0ef          	jal	ra,2a9c <etharp_raw>
    2d02:	bdf9                	j	2be0 <etharp_input+0x4c>

00002d04 <etharp_request>:
    2d04:	80bfd2ef          	jal	t0,50e <__riscv_save_0>
    2d08:	02850693          	addi	a3,a0,40
    2d0c:	882e                	mv	a6,a1
    2d0e:	4885                	li	a7,1
    2d10:	82818793          	addi	a5,gp,-2008 # 200000a8 <ethzero>
    2d14:	00450713          	addi	a4,a0,4
    2d18:	82018613          	addi	a2,gp,-2016 # 200000a0 <ethbroadcast>
    2d1c:	85b6                	mv	a1,a3
    2d1e:	d7fff0ef          	jal	ra,2a9c <etharp_raw>
    2d22:	811fd06f          	j	532 <__riscv_restore_0>

00002d26 <etharp_tmr>:
    2d26:	fc0fd2ef          	jal	t0,4e6 <__riscv_save_10>
    2d2a:	a2818413          	addi	s0,gp,-1496 # 200002a8 <arp_table>
    2d2e:	4481                	li	s1,0
    2d30:	12b00a13          	li	s4,299
    2d34:	4a85                	li	s5,1
    2d36:	4b0d                	li	s6,3
    2d38:	4911                	li	s2,4
    2d3a:	4b89                	li	s7,2
    2d3c:	4c11                	li	s8,4
    2d3e:	49a9                	li	s3,10
    2d40:	2858                	lbu	a4,20(s0)
    2d42:	cf19                	beqz	a4,2d60 <etharp_tmr+0x3a>
    2d44:	283e                	lhu	a5,18(s0)
    2d46:	0785                	addi	a5,a5,1
    2d48:	07c2                	slli	a5,a5,0x10
    2d4a:	83c1                	srli	a5,a5,0x10
    2d4c:	a83e                	sh	a5,18(s0)
    2d4e:	00fa6663          	bltu	s4,a5,2d5a <etharp_tmr+0x34>
    2d52:	01571d63          	bne	a4,s5,2d6c <etharp_tmr+0x46>
    2d56:	02f97563          	bgeu	s2,a5,2d80 <etharp_tmr+0x5a>
    2d5a:	8526                	mv	a0,s1
    2d5c:	b9fff0ef          	jal	ra,28fa <etharp_free_entry>
    2d60:	0485                	addi	s1,s1,1
    2d62:	0461                	addi	s0,s0,24
    2d64:	fd349ee3          	bne	s1,s3,2d40 <etharp_tmr+0x1a>
    2d68:	fb6fd06f          	j	51e <__riscv_restore_10>
    2d6c:	01671563          	bne	a4,s6,2d76 <etharp_tmr+0x50>
    2d70:	01840a23          	sb	s8,20(s0)
    2d74:	b7f5                	j	2d60 <etharp_tmr+0x3a>
    2d76:	ff2715e3          	bne	a4,s2,2d60 <etharp_tmr+0x3a>
    2d7a:	01740a23          	sb	s7,20(s0)
    2d7e:	b7cd                	j	2d60 <etharp_tmr+0x3a>
    2d80:	4408                	lw	a0,8(s0)
    2d82:	00440593          	addi	a1,s0,4
    2d86:	3fbd                	jal	2d04 <etharp_request>
    2d88:	bfe1                	j	2d60 <etharp_tmr+0x3a>

00002d8a <etharp_output_to_arp_index>:
    2d8a:	f6afd2ef          	jal	t0,4f4 <__riscv_save_4>
    2d8e:	47e1                	li	a5,24
    2d90:	02f60633          	mul	a2,a2,a5
    2d94:	8a2e                	mv	s4,a1
    2d96:	a2818593          	addi	a1,gp,-1496 # 200002a8 <arp_table>
    2d9a:	4705                	li	a4,1
    2d9c:	00c584b3          	add	s1,a1,a2
    2da0:	28dc                	lbu	a5,20(s1)
    2da2:	00f76d63          	bltu	a4,a5,2dbc <etharp_output_to_arp_index+0x32>
    2da6:	0000d5b7          	lui	a1,0xd
    2daa:	0000c537          	lui	a0,0xc
    2dae:	97058593          	addi	a1,a1,-1680 # c970 <_read+0x630>
    2db2:	49050513          	addi	a0,a0,1168 # c490 <_read+0x150>
    2db6:	2f4080ef          	jal	ra,b0aa <iprintf>
    2dba:	a001                	j	2dba <etharp_output_to_arp_index+0x30>
    2dbc:	00c60413          	addi	s0,a2,12
    2dc0:	4709                	li	a4,2
    2dc2:	892a                	mv	s2,a0
    2dc4:	942e                	add	s0,s0,a1
    2dc6:	02850993          	addi	s3,a0,40
    2dca:	00e79d63          	bne	a5,a4,2de4 <etharp_output_to_arp_index+0x5a>
    2dce:	28be                	lhu	a5,18(s1)
    2dd0:	11c00713          	li	a4,284
    2dd4:	02f77363          	bgeu	a4,a5,2dfa <etharp_output_to_arp_index+0x70>
    2dd8:	0611                	addi	a2,a2,4
    2dda:	95b2                	add	a1,a1,a2
    2ddc:	3725                	jal	2d04 <etharp_request>
    2dde:	e119                	bnez	a0,2de4 <etharp_output_to_arp_index+0x5a>
    2de0:	478d                	li	a5,3
    2de2:	a8dc                	sb	a5,20(s1)
    2de4:	6705                	lui	a4,0x1
    2de6:	80070713          	addi	a4,a4,-2048 # 800 <__stack_size>
    2dea:	86a2                	mv	a3,s0
    2dec:	864e                	mv	a2,s3
    2dee:	85d2                	mv	a1,s4
    2df0:	854a                	mv	a0,s2
    2df2:	881fe0ef          	jal	ra,1672 <ethernet_output>
    2df6:	f32fd06f          	j	528 <__riscv_restore_4>
    2dfa:	10d00713          	li	a4,269
    2dfe:	fef773e3          	bgeu	a4,a5,2de4 <etharp_output_to_arp_index+0x5a>
    2e02:	0611                	addi	a2,a2,4
    2e04:	00c58833          	add	a6,a1,a2
    2e08:	4885                	li	a7,1
    2e0a:	82818793          	addi	a5,gp,-2008 # 200000a8 <ethzero>
    2e0e:	00450713          	addi	a4,a0,4
    2e12:	86ce                	mv	a3,s3
    2e14:	8622                	mv	a2,s0
    2e16:	85ce                	mv	a1,s3
    2e18:	c85ff0ef          	jal	ra,2a9c <etharp_raw>
    2e1c:	b7c9                	j	2dde <etharp_output_to_arp_index+0x54>

00002e1e <etharp_query>:
    2e1e:	ed6fd2ef          	jal	t0,4f4 <__riscv_save_4>
    2e22:	8a2e                	mv	s4,a1
    2e24:	89aa                	mv	s3,a0
    2e26:	85aa                	mv	a1,a0
    2e28:	000a2503          	lw	a0,0(s4)
    2e2c:	1141                	addi	sp,sp,-16
    2e2e:	8432                	mv	s0,a2
    2e30:	14d000ef          	jal	ra,377c <ip4_addr_isbroadcast_u32>
    2e34:	14051363          	bnez	a0,2f7a <etharp_query+0x15c>
    2e38:	000a2783          	lw	a5,0(s4)
    2e3c:	0e000713          	li	a4,224
    2e40:	0f07f693          	andi	a3,a5,240
    2e44:	12e68b63          	beq	a3,a4,2f7a <etharp_query+0x15c>
    2e48:	12078963          	beqz	a5,2f7a <etharp_query+0x15c>
    2e4c:	864e                	mv	a2,s3
    2e4e:	4585                	li	a1,1
    2e50:	8552                	mv	a0,s4
    2e52:	b2dff0ef          	jal	ra,297e <etharp_find_entry>
    2e56:	84aa                	mv	s1,a0
    2e58:	00055763          	bgez	a0,2e66 <etharp_query+0x48>
    2e5c:	0562                	slli	a0,a0,0x18
    2e5e:	8561                	srai	a0,a0,0x18
    2e60:	0141                	addi	sp,sp,16
    2e62:	ec6fd06f          	j	528 <__riscv_restore_4>
    2e66:	07e00793          	li	a5,126
    2e6a:	00a7dd63          	bge	a5,a0,2e84 <etharp_query+0x66>
    2e6e:	0000d5b7          	lui	a1,0xd
    2e72:	0000c537          	lui	a0,0xc
    2e76:	9a058593          	addi	a1,a1,-1632 # c9a0 <_read+0x660>
    2e7a:	49050513          	addi	a0,a0,1168 # c490 <_read+0x150>
    2e7e:	22c080ef          	jal	ra,b0aa <iprintf>
    2e82:	a001                	j	2e82 <etharp_query+0x64>
    2e84:	4761                	li	a4,24
    2e86:	02e50733          	mul	a4,a0,a4
    2e8a:	a2818793          	addi	a5,gp,-1496 # 200002a8 <arp_table>
    2e8e:	a2818913          	addi	s2,gp,-1496 # 200002a8 <arp_table>
    2e92:	97ba                	add	a5,a5,a4
    2e94:	2bd8                	lbu	a4,20(a5)
    2e96:	10071b63          	bnez	a4,2fac <etharp_query+0x18e>
    2e9a:	4705                	li	a4,1
    2e9c:	abd8                	sb	a4,20(a5)
    2e9e:	0137a423          	sw	s3,8(a5)
    2ea2:	4a85                	li	s5,1
    2ea4:	85d2                	mv	a1,s4
    2ea6:	854e                	mv	a0,s3
    2ea8:	e5dff0ef          	jal	ra,2d04 <etharp_request>
    2eac:	ed09                	bnez	a0,2ec6 <etharp_query+0xa8>
    2eae:	47e1                	li	a5,24
    2eb0:	02f487b3          	mul	a5,s1,a5
    2eb4:	4705                	li	a4,1
    2eb6:	97ca                	add	a5,a5,s2
    2eb8:	2bd4                	lbu	a3,20(a5)
    2eba:	00e69663          	bne	a3,a4,2ec6 <etharp_query+0xa8>
    2ebe:	000a9463          	bnez	s5,2ec6 <etharp_query+0xa8>
    2ec2:	00079923          	sh	zero,18(a5)
    2ec6:	dc49                	beqz	s0,2e60 <etharp_query+0x42>
    2ec8:	46e1                	li	a3,24
    2eca:	02d486b3          	mul	a3,s1,a3
    2ece:	00d907b3          	add	a5,s2,a3
    2ed2:	2bd8                	lbu	a4,20(a5)
    2ed4:	4785                	li	a5,1
    2ed6:	02e7f263          	bgeu	a5,a4,2efa <etharp_query+0xdc>
    2eda:	06b1                	addi	a3,a3,12
    2edc:	6705                	lui	a4,0x1
    2ede:	200007b7          	lui	a5,0x20000
    2ee2:	80070713          	addi	a4,a4,-2048 # 800 <__stack_size>
    2ee6:	96ca                	add	a3,a3,s2
    2ee8:	02898613          	addi	a2,s3,40
    2eec:	85a2                	mv	a1,s0
    2eee:	854e                	mv	a0,s3
    2ef0:	10978223          	sb	s1,260(a5) # 20000104 <etharp_cached_entry>
    2ef4:	f7efe0ef          	jal	ra,1672 <ethernet_output>
    2ef8:	b7a5                	j	2e60 <etharp_query+0x42>
    2efa:	f6f713e3          	bne	a4,a5,2e60 <etharp_query+0x42>
    2efe:	87a2                	mv	a5,s0
    2f00:	27b6                	lhu	a3,10(a5)
    2f02:	279a                	lhu	a4,8(a5)
    2f04:	00e69f63          	bne	a3,a4,2f22 <etharp_query+0x104>
    2f08:	4398                	lw	a4,0(a5)
    2f0a:	cf01                	beqz	a4,2f22 <etharp_query+0x104>
    2f0c:	0000d5b7          	lui	a1,0xd
    2f10:	0000c537          	lui	a0,0xc
    2f14:	9b058593          	addi	a1,a1,-1616 # c9b0 <_read+0x670>
    2f18:	49050513          	addi	a0,a0,1168 # c490 <_read+0x150>
    2f1c:	18e080ef          	jal	ra,b0aa <iprintf>
    2f20:	a001                	j	2f20 <etharp_query+0x102>
    2f22:	27d8                	lbu	a4,12(a5)
    2f24:	04077713          	andi	a4,a4,64
    2f28:	eb39                	bnez	a4,2f7e <etharp_query+0x160>
    2f2a:	439c                	lw	a5,0(a5)
    2f2c:	fbf1                	bnez	a5,2f00 <etharp_query+0xe2>
    2f2e:	8522                	mv	a0,s0
    2f30:	041010ef          	jal	ra,4770 <pbuf_ref>
    2f34:	a8a9                	j	2f8e <etharp_query+0x170>
    2f36:	0785                	addi	a5,a5,1
    2f38:	8736                	mv	a4,a3
    2f3a:	4314                	lw	a3,0(a4)
    2f3c:	feed                	bnez	a3,2f36 <etharp_query+0x118>
    2f3e:	c308                	sw	a0,0(a4)
    2f40:	4709                	li	a4,2
    2f42:	00f76763          	bltu	a4,a5,2f50 <etharp_query+0x132>
    2f46:	4501                	li	a0,0
    2f48:	bf21                	j	2e60 <etharp_query+0x42>
    2f4a:	872e                	mv	a4,a1
    2f4c:	4785                	li	a5,1
    2f4e:	b7f5                	j	2f3a <etharp_query+0x11c>
    2f50:	47e1                	li	a5,24
    2f52:	02f484b3          	mul	s1,s1,a5
    2f56:	419c                	lw	a5,0(a1)
    2f58:	41c8                	lw	a0,4(a1)
    2f5a:	c62e                	sw	a1,12(sp)
    2f5c:	9926                	add	s2,s2,s1
    2f5e:	00f92023          	sw	a5,0(s2)
    2f62:	54a010ef          	jal	ra,44ac <pbuf_free>
    2f66:	45b2                	lw	a1,12(sp)
    2f68:	4521                	li	a0,8
    2f6a:	08a010ef          	jal	ra,3ff4 <memp_free>
    2f6e:	bfe1                	j	2f46 <etharp_query+0x128>
    2f70:	8522                	mv	a0,s0
    2f72:	53a010ef          	jal	ra,44ac <pbuf_free>
    2f76:	557d                	li	a0,-1
    2f78:	b5e5                	j	2e60 <etharp_query+0x42>
    2f7a:	5541                	li	a0,-16
    2f7c:	b5d5                	j	2e60 <etharp_query+0x42>
    2f7e:	8622                	mv	a2,s0
    2f80:	28000593          	li	a1,640
    2f84:	4539                	li	a0,14
    2f86:	2e7010ef          	jal	ra,4a6c <pbuf_clone>
    2f8a:	842a                	mv	s0,a0
    2f8c:	d56d                	beqz	a0,2f76 <etharp_query+0x158>
    2f8e:	4521                	li	a0,8
    2f90:	032010ef          	jal	ra,3fc2 <memp_malloc>
    2f94:	dd71                	beqz	a0,2f70 <etharp_query+0x152>
    2f96:	47e1                	li	a5,24
    2f98:	02f487b3          	mul	a5,s1,a5
    2f9c:	00052023          	sw	zero,0(a0)
    2fa0:	c140                	sw	s0,4(a0)
    2fa2:	97ca                	add	a5,a5,s2
    2fa4:	438c                	lw	a1,0(a5)
    2fa6:	f1d5                	bnez	a1,2f4a <etharp_query+0x12c>
    2fa8:	c388                	sw	a0,0(a5)
    2faa:	bf71                	j	2f46 <etharp_query+0x128>
    2fac:	557d                	li	a0,-1
    2fae:	f0041de3          	bnez	s0,2ec8 <etharp_query+0xaa>
    2fb2:	4a81                	li	s5,0
    2fb4:	bdc5                	j	2ea4 <etharp_query+0x86>

00002fb6 <etharp_output>:
    2fb6:	d58fd2ef          	jal	t0,50e <__riscv_save_0>
    2fba:	1141                	addi	sp,sp,-16
    2fbc:	ed01                	bnez	a0,2fd4 <etharp_output+0x1e>
    2fbe:	0000c5b7          	lui	a1,0xc
    2fc2:	0000c537          	lui	a0,0xc
    2fc6:	4f058593          	addi	a1,a1,1264 # c4f0 <_read+0x1b0>
    2fca:	49050513          	addi	a0,a0,1168 # c490 <_read+0x150>
    2fce:	0dc080ef          	jal	ra,b0aa <iprintf>
    2fd2:	a001                	j	2fd2 <etharp_output+0x1c>
    2fd4:	892e                	mv	s2,a1
    2fd6:	ed81                	bnez	a1,2fee <etharp_output+0x38>
    2fd8:	0000d5b7          	lui	a1,0xd
    2fdc:	0000c537          	lui	a0,0xc
    2fe0:	96458593          	addi	a1,a1,-1692 # c964 <_read+0x624>
    2fe4:	49050513          	addi	a0,a0,1168 # c490 <_read+0x150>
    2fe8:	0c2080ef          	jal	ra,b0aa <iprintf>
    2fec:	a001                	j	2fec <etharp_output+0x36>
    2fee:	84b2                	mv	s1,a2
    2ff0:	ee01                	bnez	a2,3008 <etharp_output+0x52>
    2ff2:	0000d5b7          	lui	a1,0xd
    2ff6:	0000c537          	lui	a0,0xc
    2ffa:	92058593          	addi	a1,a1,-1760 # c920 <_read+0x5e0>
    2ffe:	49050513          	addi	a0,a0,1168 # c490 <_read+0x150>
    3002:	0a8080ef          	jal	ra,b0aa <iprintf>
    3006:	a001                	j	3006 <etharp_output+0x50>
    3008:	842a                	mv	s0,a0
    300a:	85aa                	mv	a1,a0
    300c:	4208                	lw	a0,0(a2)
    300e:	76e000ef          	jal	ra,377c <ip4_addr_isbroadcast_u32>
    3012:	ed69                	bnez	a0,30ec <etharp_output+0x136>
    3014:	409c                	lw	a5,0(s1)
    3016:	0e000713          	li	a4,224
    301a:	0f07f693          	andi	a3,a5,240
    301e:	02e69a63          	bne	a3,a4,3052 <etharp_output+0x9c>
    3022:	4785                	li	a5,1
    3024:	847c                	sh	a5,8(sp)
    3026:	05e00793          	li	a5,94
    302a:	855c                	sb	a5,10(sp)
    302c:	309c                	lbu	a5,1(s1)
    302e:	0034                	addi	a3,sp,8
    3030:	07f7f793          	andi	a5,a5,127
    3034:	85dc                	sb	a5,11(sp)
    3036:	20bc                	lbu	a5,2(s1)
    3038:	865c                	sb	a5,12(sp)
    303a:	30bc                	lbu	a5,3(s1)
    303c:	86dc                	sb	a5,13(sp)
    303e:	6705                	lui	a4,0x1
    3040:	80070713          	addi	a4,a4,-2048 # 800 <__stack_size>
    3044:	02840613          	addi	a2,s0,40
    3048:	85ca                	mv	a1,s2
    304a:	8522                	mv	a0,s0
    304c:	e26fe0ef          	jal	ra,1672 <ethernet_output>
    3050:	a8b9                	j	30ae <etharp_output+0xf8>
    3052:	4058                	lw	a4,4(s0)
    3054:	4414                	lw	a3,8(s0)
    3056:	8f3d                	xor	a4,a4,a5
    3058:	8f75                	and	a4,a4,a3
    305a:	cf09                	beqz	a4,3074 <etharp_output+0xbe>
    305c:	07c2                	slli	a5,a5,0x10
    305e:	6741                	lui	a4,0x10
    3060:	83c1                	srli	a5,a5,0x10
    3062:	ea970713          	addi	a4,a4,-343 # fea9 <_data_lma+0x1991>
    3066:	00e78763          	beq	a5,a4,3074 <etharp_output+0xbe>
    306a:	445c                	lw	a5,12(s0)
    306c:	5571                	li	a0,-4
    306e:	c3a1                	beqz	a5,30ae <etharp_output+0xf8>
    3070:	00c40493          	addi	s1,s0,12
    3074:	200006b7          	lui	a3,0x20000
    3078:	1046c603          	lbu	a2,260(a3) # 20000104 <etharp_cached_entry>
    307c:	45e1                	li	a1,24
    307e:	02b605b3          	mul	a1,a2,a1
    3082:	a2818713          	addi	a4,gp,-1496 # 200002a8 <arp_table>
    3086:	10468693          	addi	a3,a3,260
    308a:	a2818793          	addi	a5,gp,-1496 # 200002a8 <arp_table>
    308e:	972e                	add	a4,a4,a1
    3090:	2b48                	lbu	a0,20(a4)
    3092:	4585                	li	a1,1
    3094:	02a5f063          	bgeu	a1,a0,30b4 <etharp_output+0xfe>
    3098:	470c                	lw	a1,8(a4)
    309a:	00859d63          	bne	a1,s0,30b4 <etharp_output+0xfe>
    309e:	408c                	lw	a1,0(s1)
    30a0:	4358                	lw	a4,4(a4)
    30a2:	00e59963          	bne	a1,a4,30b4 <etharp_output+0xfe>
    30a6:	85ca                	mv	a1,s2
    30a8:	8522                	mv	a0,s0
    30aa:	ce1ff0ef          	jal	ra,2d8a <etharp_output_to_arp_index>
    30ae:	0141                	addi	sp,sp,16
    30b0:	c82fd06f          	j	532 <__riscv_restore_0>
    30b4:	4601                	li	a2,0
    30b6:	4585                	li	a1,1
    30b8:	4729                	li	a4,10
    30ba:	2bc8                	lbu	a0,20(a5)
    30bc:	00a5fc63          	bgeu	a1,a0,30d4 <etharp_output+0x11e>
    30c0:	4788                	lw	a0,8(a5)
    30c2:	00851963          	bne	a0,s0,30d4 <etharp_output+0x11e>
    30c6:	0004a803          	lw	a6,0(s1)
    30ca:	43c8                	lw	a0,4(a5)
    30cc:	00a81463          	bne	a6,a0,30d4 <etharp_output+0x11e>
    30d0:	a290                	sb	a2,0(a3)
    30d2:	bfd1                	j	30a6 <etharp_output+0xf0>
    30d4:	0605                	addi	a2,a2,1
    30d6:	0ff67613          	andi	a2,a2,255
    30da:	07e1                	addi	a5,a5,24
    30dc:	fce61fe3          	bne	a2,a4,30ba <etharp_output+0x104>
    30e0:	864a                	mv	a2,s2
    30e2:	85a6                	mv	a1,s1
    30e4:	8522                	mv	a0,s0
    30e6:	d39ff0ef          	jal	ra,2e1e <etharp_query>
    30ea:	b7d1                	j	30ae <etharp_output+0xf8>
    30ec:	82018693          	addi	a3,gp,-2016 # 200000a0 <ethbroadcast>
    30f0:	b7b9                	j	303e <etharp_output+0x88>

000030f2 <icmp_input>:
    30f2:	c02fd2ef          	jal	t0,4f4 <__riscv_save_4>
    30f6:	b2818713          	addi	a4,gp,-1240 # 200003a8 <ip_data>
    30fa:	00872b03          	lw	s6,8(a4)
    30fe:	474d                	li	a4,19
    3100:	842a                	mv	s0,a0
    3102:	000b4983          	lbu	s3,0(s6)
    3106:	00f9f993          	andi	s3,s3,15
    310a:	098a                	slli	s3,s3,0x2
    310c:	05377863          	bgeu	a4,s3,315c <icmp_input+0x6a>
    3110:	2536                	lhu	a3,10(a0)
    3112:	470d                	li	a4,3
    3114:	04d77463          	bgeu	a4,a3,315c <icmp_input+0x6a>
    3118:	4158                	lw	a4,4(a0)
    311a:	2314                	lbu	a3,0(a4)
    311c:	4721                	li	a4,8
    311e:	02e69f63          	bne	a3,a4,315c <icmp_input+0x6a>
    3122:	b2818a93          	addi	s5,gp,-1240 # 200003a8 <ip_data>
    3126:	014aa503          	lw	a0,20(s5)
    312a:	0e000713          	li	a4,224
    312e:	0f057693          	andi	a3,a0,240
    3132:	02e68563          	beq	a3,a4,315c <icmp_input+0x6a>
    3136:	84ae                	mv	s1,a1
    3138:	b281a583          	lw	a1,-1240(gp) # 200003a8 <ip_data>
    313c:	2581                	jal	377c <ip4_addr_isbroadcast_u32>
    313e:	ed19                	bnez	a0,315c <icmp_input+0x6a>
    3140:	241a                	lhu	a4,8(s0)
    3142:	479d                	li	a5,7
    3144:	00e7fc63          	bgeu	a5,a4,315c <icmp_input+0x6a>
    3148:	c491                	beqz	s1,3154 <icmp_input+0x62>
    314a:	30de                	lhu	a5,36(s1)
    314c:	01479713          	slli	a4,a5,0x14
    3150:	00075b63          	bgez	a4,3166 <icmp_input+0x74>
    3154:	8522                	mv	a0,s0
    3156:	07b000ef          	jal	ra,39d0 <inet_chksum_pbuf>
    315a:	c511                	beqz	a0,3166 <icmp_input+0x74>
    315c:	8522                	mv	a0,s0
    315e:	34e010ef          	jal	ra,44ac <pbuf_free>
    3162:	bc6fd06f          	j	528 <__riscv_restore_4>
    3166:	00e98a13          	addi	s4,s3,14
    316a:	01099913          	slli	s2,s3,0x10
    316e:	85d2                	mv	a1,s4
    3170:	8522                	mv	a0,s0
    3172:	01095913          	srli	s2,s2,0x10
    3176:	2b0010ef          	jal	ra,4426 <pbuf_add_header>
    317a:	12050863          	beqz	a0,32aa <icmp_input+0x1b8>
    317e:	241e                	lhu	a5,8(s0)
    3180:	012785b3          	add	a1,a5,s2
    3184:	05c2                	slli	a1,a1,0x10
    3186:	81c1                	srli	a1,a1,0x10
    3188:	fcf5eae3          	bltu	a1,a5,315c <icmp_input+0x6a>
    318c:	28000613          	li	a2,640
    3190:	4539                	li	a0,14
    3192:	3bc010ef          	jal	ra,454e <pbuf_alloc>
    3196:	8a2a                	mv	s4,a0
    3198:	d171                	beqz	a0,315c <icmp_input+0x6a>
    319a:	253a                	lhu	a4,10(a0)
    319c:	00898793          	addi	a5,s3,8
    31a0:	00f77563          	bgeu	a4,a5,31aa <icmp_input+0xb8>
    31a4:	308010ef          	jal	ra,44ac <pbuf_free>
    31a8:	bf55                	j	315c <icmp_input+0x6a>
    31aa:	4148                	lw	a0,4(a0)
    31ac:	85da                	mv	a1,s6
    31ae:	864e                	mv	a2,s3
    31b0:	649070ef          	jal	ra,aff8 <memcpy>
    31b4:	85ce                	mv	a1,s3
    31b6:	8552                	mv	a0,s4
    31b8:	27c010ef          	jal	ra,4434 <pbuf_remove_header>
    31bc:	cd01                	beqz	a0,31d4 <icmp_input+0xe2>
    31be:	0000d5b7          	lui	a1,0xd
    31c2:	0000c537          	lui	a0,0xc
    31c6:	a7058593          	addi	a1,a1,-1424 # ca70 <_read+0x730>
    31ca:	49050513          	addi	a0,a0,1168 # c490 <_read+0x150>
    31ce:	6dd070ef          	jal	ra,b0aa <iprintf>
    31d2:	a001                	j	31d2 <icmp_input+0xe0>
    31d4:	85a2                	mv	a1,s0
    31d6:	8552                	mv	a0,s4
    31d8:	756010ef          	jal	ra,492e <pbuf_copy>
    31dc:	c119                	beqz	a0,31e2 <icmp_input+0xf0>
    31de:	8552                	mv	a0,s4
    31e0:	b7d1                	j	31a4 <icmp_input+0xb2>
    31e2:	8522                	mv	a0,s0
    31e4:	2c8010ef          	jal	ra,44ac <pbuf_free>
    31e8:	8452                	mv	s0,s4
    31ea:	85ce                	mv	a1,s3
    31ec:	8522                	mv	a0,s0
    31ee:	00442a03          	lw	s4,4(s0)
    31f2:	234010ef          	jal	ra,4426 <pbuf_add_header>
    31f6:	f13d                	bnez	a0,315c <icmp_input+0x6a>
    31f8:	014ac783          	lbu	a5,20(s5)
    31fc:	00442983          	lw	s3,4(s0)
    3200:	00f98623          	sb	a5,12(s3)
    3204:	015ac783          	lbu	a5,21(s5)
    3208:	00f986a3          	sb	a5,13(s3)
    320c:	016ac783          	lbu	a5,22(s5)
    3210:	00f98723          	sb	a5,14(s3)
    3214:	017ac783          	lbu	a5,23(s5)
    3218:	00f987a3          	sb	a5,15(s3)
    321c:	010ac783          	lbu	a5,16(s5)
    3220:	00f98823          	sb	a5,16(s3)
    3224:	011ac783          	lbu	a5,17(s5)
    3228:	00f988a3          	sb	a5,17(s3)
    322c:	012ac783          	lbu	a5,18(s5)
    3230:	00f98923          	sb	a5,18(s3)
    3234:	013ac783          	lbu	a5,19(s5)
    3238:	00f989a3          	sb	a5,19(s3)
    323c:	000a0023          	sb	zero,0(s4)
    3240:	c481                	beqz	s1,3248 <icmp_input+0x156>
    3242:	30de                	lhu	a5,36(s1)
    3244:	8ba1                	andi	a5,a5,8
    3246:	c7c1                	beqz	a5,32ce <icmp_input+0x1dc>
    3248:	003a4783          	lbu	a5,3(s4)
    324c:	002a4703          	lbu	a4,2(s4)
    3250:	07a2                	slli	a5,a5,0x8
    3252:	8fd9                	or	a5,a5,a4
    3254:	6741                	lui	a4,0x10
    3256:	175d                	addi	a4,a4,-9
    3258:	06f77963          	bgeu	a4,a5,32ca <icmp_input+0x1d8>
    325c:	07a5                	addi	a5,a5,9
    325e:	07c2                	slli	a5,a5,0x10
    3260:	83c1                	srli	a5,a5,0x10
    3262:	00fa0123          	sb	a5,2(s4)
    3266:	83a1                	srli	a5,a5,0x8
    3268:	00fa01a3          	sb	a5,3(s4)
    326c:	57fd                	li	a5,-1
    326e:	00f98423          	sb	a5,8(s3)
    3272:	00098523          	sb	zero,10(s3)
    3276:	000985a3          	sb	zero,11(s3)
    327a:	c481                	beqz	s1,3282 <icmp_input+0x190>
    327c:	30de                	lhu	a5,36(s1)
    327e:	8b85                	andi	a5,a5,1
    3280:	cb91                	beqz	a5,3294 <icmp_input+0x1a2>
    3282:	85ca                	mv	a1,s2
    3284:	854e                	mv	a0,s3
    3286:	736000ef          	jal	ra,39bc <inet_chksum>
    328a:	00a98523          	sb	a0,10(s3)
    328e:	8121                	srli	a0,a0,0x8
    3290:	00a985a3          	sb	a0,11(s3)
    3294:	8826                	mv	a6,s1
    3296:	4785                	li	a5,1
    3298:	4701                	li	a4,0
    329a:	0ff00693          	li	a3,255
    329e:	4601                	li	a2,0
    32a0:	b3c18593          	addi	a1,gp,-1220 # 200003bc <ip_data+0x14>
    32a4:	8522                	mv	a0,s0
    32a6:	296d                	jal	3760 <ip4_output_if>
    32a8:	bd55                	j	315c <icmp_input+0x6a>
    32aa:	85d2                	mv	a1,s4
    32ac:	8522                	mv	a0,s0
    32ae:	186010ef          	jal	ra,4434 <pbuf_remove_header>
    32b2:	dd05                	beqz	a0,31ea <icmp_input+0xf8>
    32b4:	0000d5b7          	lui	a1,0xd
    32b8:	0000c537          	lui	a0,0xc
    32bc:	aa858593          	addi	a1,a1,-1368 # caa8 <_read+0x768>
    32c0:	49050513          	addi	a0,a0,1168 # c490 <_read+0x150>
    32c4:	5e7070ef          	jal	ra,b0aa <iprintf>
    32c8:	a001                	j	32c8 <icmp_input+0x1d6>
    32ca:	07a1                	addi	a5,a5,8
    32cc:	bf49                	j	325e <icmp_input+0x16c>
    32ce:	000a0123          	sb	zero,2(s4)
    32d2:	000a01a3          	sb	zero,3(s4)
    32d6:	bf59                	j	326c <icmp_input+0x17a>

000032d8 <icmp_dest_unreach>:
    32d8:	a1cfd2ef          	jal	t0,4f4 <__riscv_save_4>
    32dc:	00855983          	lhu	s3,8(a0)
    32e0:	47ed                	li	a5,27
    32e2:	1101                	addi	sp,sp,-32
    32e4:	842a                	mv	s0,a0
    32e6:	8a2e                	mv	s4,a1
    32e8:	0137f363          	bgeu	a5,s3,32ee <icmp_dest_unreach+0x16>
    32ec:	49f1                	li	s3,28
    32ee:	00898913          	addi	s2,s3,8
    32f2:	01091593          	slli	a1,s2,0x10
    32f6:	28000613          	li	a2,640
    32fa:	81c1                	srli	a1,a1,0x10
    32fc:	02200513          	li	a0,34
    3300:	24e010ef          	jal	ra,454e <pbuf_alloc>
    3304:	84aa                	mv	s1,a0
    3306:	c14d                	beqz	a0,33a8 <icmp_dest_unreach+0xd0>
    3308:	253e                	lhu	a5,10(a0)
    330a:	0127fd63          	bgeu	a5,s2,3324 <icmp_dest_unreach+0x4c>
    330e:	0000d5b7          	lui	a1,0xd
    3312:	0000c537          	lui	a0,0xc
    3316:	a4458593          	addi	a1,a1,-1468 # ca44 <_read+0x704>
    331a:	49050513          	addi	a0,a0,1168 # c490 <_read+0x150>
    331e:	58d070ef          	jal	ra,b0aa <iprintf>
    3322:	a001                	j	3322 <icmp_dest_unreach+0x4a>
    3324:	00442903          	lw	s2,4(s0)
    3328:	4140                	lw	s0,4(a0)
    332a:	478d                	li	a5,3
    332c:	864e                	mv	a2,s3
    332e:	a01c                	sb	a5,0(s0)
    3330:	85ca                	mv	a1,s2
    3332:	014400a3          	sb	s4,1(s0)
    3336:	00040223          	sb	zero,4(s0)
    333a:	000402a3          	sb	zero,5(s0)
    333e:	00040323          	sb	zero,6(s0)
    3342:	000403a3          	sb	zero,7(s0)
    3346:	00840513          	addi	a0,s0,8
    334a:	4af070ef          	jal	ra,aff8 <memcpy>
    334e:	00d94703          	lbu	a4,13(s2)
    3352:	00c94783          	lbu	a5,12(s2)
    3356:	0868                	addi	a0,sp,28
    3358:	0722                	slli	a4,a4,0x8
    335a:	8f5d                	or	a4,a4,a5
    335c:	00e94783          	lbu	a5,14(s2)
    3360:	07c2                	slli	a5,a5,0x10
    3362:	8f5d                	or	a4,a4,a5
    3364:	00f94783          	lbu	a5,15(s2)
    3368:	07e2                	slli	a5,a5,0x18
    336a:	8fd9                	or	a5,a5,a4
    336c:	ce3e                	sw	a5,28(sp)
    336e:	2885                	jal	33de <ip4_route>
    3370:	882a                	mv	a6,a0
    3372:	c905                	beqz	a0,33a2 <icmp_dest_unreach+0xca>
    3374:	315e                	lhu	a5,36(a0)
    3376:	00040123          	sb	zero,2(s0)
    337a:	000401a3          	sb	zero,3(s0)
    337e:	8ba1                	andi	a5,a5,8
    3380:	cb89                	beqz	a5,3392 <icmp_dest_unreach+0xba>
    3382:	24ae                	lhu	a1,10(s1)
    3384:	c62a                	sw	a0,12(sp)
    3386:	8522                	mv	a0,s0
    3388:	2d15                	jal	39bc <inet_chksum>
    338a:	4832                	lw	a6,12(sp)
    338c:	a028                	sb	a0,2(s0)
    338e:	8121                	srli	a0,a0,0x8
    3390:	b028                	sb	a0,3(s0)
    3392:	4785                	li	a5,1
    3394:	4701                	li	a4,0
    3396:	0ff00693          	li	a3,255
    339a:	0870                	addi	a2,sp,28
    339c:	4581                	li	a1,0
    339e:	8526                	mv	a0,s1
    33a0:	26c1                	jal	3760 <ip4_output_if>
    33a2:	8526                	mv	a0,s1
    33a4:	108010ef          	jal	ra,44ac <pbuf_free>
    33a8:	6105                	addi	sp,sp,32
    33aa:	97efd06f          	j	528 <__riscv_restore_4>

000033ae <ip4_input_accept>:
    33ae:	02f54783          	lbu	a5,47(a0)
    33b2:	8b85                	andi	a5,a5,1
    33b4:	c395                	beqz	a5,33d8 <ip4_input_accept+0x2a>
    33b6:	4158                	lw	a4,4(a0)
    33b8:	85aa                	mv	a1,a0
    33ba:	4501                	li	a0,0
    33bc:	c305                	beqz	a4,33dc <ip4_input_accept+0x2e>
    33be:	b3c1a783          	lw	a5,-1220(gp) # 200003bc <ip_data+0x14>
    33c2:	4505                	li	a0,1
    33c4:	00f70c63          	beq	a4,a5,33dc <ip4_input_accept+0x2e>
    33c8:	946fd2ef          	jal	t0,50e <__riscv_save_0>
    33cc:	853e                	mv	a0,a5
    33ce:	267d                	jal	377c <ip4_addr_isbroadcast_u32>
    33d0:	00a03533          	snez	a0,a0
    33d4:	95efd06f          	j	532 <__riscv_restore_0>
    33d8:	4501                	li	a0,0
    33da:	8082                	ret
    33dc:	8082                	ret

000033de <ip4_route>:
    33de:	200007b7          	lui	a5,0x20000
    33e2:	14c7a783          	lw	a5,332(a5) # 2000014c <netif_list>
    33e6:	e795                	bnez	a5,3412 <ip4_route+0x34>
    33e8:	20000737          	lui	a4,0x20000
    33ec:	14872703          	lw	a4,328(a4) # 20000148 <netif_default>
    33f0:	cf19                	beqz	a4,340e <ip4_route+0x30>
    33f2:	02f74683          	lbu	a3,47(a4)
    33f6:	4615                	li	a2,5
    33f8:	8a95                	andi	a3,a3,5
    33fa:	00c69a63          	bne	a3,a2,340e <ip4_route+0x30>
    33fe:	4354                	lw	a3,4(a4)
    3400:	c699                	beqz	a3,340e <ip4_route+0x30>
    3402:	2110                	lbu	a2,0(a0)
    3404:	07f00693          	li	a3,127
    3408:	00d60363          	beq	a2,a3,340e <ip4_route+0x30>
    340c:	87ba                	mv	a5,a4
    340e:	853e                	mv	a0,a5
    3410:	8082                	ret
    3412:	02f7c683          	lbu	a3,47(a5)
    3416:	0016f713          	andi	a4,a3,1
    341a:	c30d                	beqz	a4,343c <ip4_route+0x5e>
    341c:	0026d713          	srli	a4,a3,0x2
    3420:	8b05                	andi	a4,a4,1
    3422:	cf09                	beqz	a4,343c <ip4_route+0x5e>
    3424:	43d8                	lw	a4,4(a5)
    3426:	cb19                	beqz	a4,343c <ip4_route+0x5e>
    3428:	4110                	lw	a2,0(a0)
    342a:	478c                	lw	a1,8(a5)
    342c:	8f31                	xor	a4,a4,a2
    342e:	8f6d                	and	a4,a4,a1
    3430:	df79                	beqz	a4,340e <ip4_route+0x30>
    3432:	8a89                	andi	a3,a3,2
    3434:	e681                	bnez	a3,343c <ip4_route+0x5e>
    3436:	47d8                	lw	a4,12(a5)
    3438:	fce60be3          	beq	a2,a4,340e <ip4_route+0x30>
    343c:	439c                	lw	a5,0(a5)
    343e:	b765                	j	33e6 <ip4_route+0x8>

00003440 <ip4_input>:
    3440:	8b4fd2ef          	jal	t0,4f4 <__riscv_save_4>
    3444:	4140                	lw	s0,4(a0)
    3446:	4791                	li	a5,4
    3448:	89aa                	mv	s3,a0
    344a:	00044a83          	lbu	s5,0(s0)
    344e:	004ad713          	srli	a4,s5,0x4
    3452:	00f70863          	beq	a4,a5,3462 <ip4_input+0x22>
    3456:	854e                	mv	a0,s3
    3458:	054010ef          	jal	ra,44ac <pbuf_free>
    345c:	4501                	li	a0,0
    345e:	8cafd06f          	j	528 <__riscv_restore_4>
    3462:	303c                	lbu	a5,3(s0)
    3464:	2028                	lbu	a0,2(s0)
    3466:	84ae                	mv	s1,a1
    3468:	07a2                	slli	a5,a5,0x8
    346a:	8d5d                	or	a0,a0,a5
    346c:	2ed5                	jal	3860 <lwip_htons>
    346e:	00fafa93          	andi	s5,s5,15
    3472:	0089d783          	lhu	a5,8(s3)
    3476:	0a8a                	slli	s5,s5,0x2
    3478:	010a9913          	slli	s2,s5,0x10
    347c:	01095913          	srli	s2,s2,0x10
    3480:	8a2a                	mv	s4,a0
    3482:	00f57663          	bgeu	a0,a5,348e <ip4_input+0x4e>
    3486:	85aa                	mv	a1,a0
    3488:	854e                	mv	a0,s3
    348a:	236010ef          	jal	ra,46c0 <pbuf_realloc>
    348e:	00a9d783          	lhu	a5,10(s3)
    3492:	fd27e2e3          	bltu	a5,s2,3456 <ip4_input+0x16>
    3496:	0089d783          	lhu	a5,8(s3)
    349a:	fb47eee3          	bltu	a5,s4,3456 <ip4_input+0x16>
    349e:	47cd                	li	a5,19
    34a0:	fb27fbe3          	bgeu	a5,s2,3456 <ip4_input+0x16>
    34a4:	c489                	beqz	s1,34ae <ip4_input+0x6e>
    34a6:	30de                	lhu	a5,36(s1)
    34a8:	1007f793          	andi	a5,a5,256
    34ac:	c789                	beqz	a5,34b6 <ip4_input+0x76>
    34ae:	85ca                	mv	a1,s2
    34b0:	8522                	mv	a0,s0
    34b2:	2329                	jal	39bc <inet_chksum>
    34b4:	f14d                	bnez	a0,3456 <ip4_input+0x16>
    34b6:	3818                	lbu	a4,17(s0)
    34b8:	281c                	lbu	a5,16(s0)
    34ba:	0722                	slli	a4,a4,0x8
    34bc:	8f5d                	or	a4,a4,a5
    34be:	283c                	lbu	a5,18(s0)
    34c0:	b2818613          	addi	a2,gp,-1240 # 200003a8 <ip_data>
    34c4:	b2818913          	addi	s2,gp,-1240 # 200003a8 <ip_data>
    34c8:	07c2                	slli	a5,a5,0x10
    34ca:	8f5d                	or	a4,a4,a5
    34cc:	383c                	lbu	a5,19(s0)
    34ce:	07e2                	slli	a5,a5,0x18
    34d0:	8fd9                	or	a5,a5,a4
    34d2:	ca5c                	sw	a5,20(a2)
    34d4:	3454                	lbu	a3,13(s0)
    34d6:	2458                	lbu	a4,12(s0)
    34d8:	0f07f793          	andi	a5,a5,240
    34dc:	06a2                	slli	a3,a3,0x8
    34de:	8ed9                	or	a3,a3,a4
    34e0:	2478                	lbu	a4,14(s0)
    34e2:	0742                	slli	a4,a4,0x10
    34e4:	8ed9                	or	a3,a3,a4
    34e6:	3478                	lbu	a4,15(s0)
    34e8:	0762                	slli	a4,a4,0x18
    34ea:	8f55                	or	a4,a4,a3
    34ec:	ca18                	sw	a4,16(a2)
    34ee:	0e000713          	li	a4,224
    34f2:	08e79563          	bne	a5,a4,357c <ip4_input+0x13c>
    34f6:	02f4c783          	lbu	a5,47(s1)
    34fa:	8b85                	andi	a5,a5,1
    34fc:	e799                	bnez	a5,350a <ip4_input+0xca>
    34fe:	3418                	lbu	a4,9(s0)
    3500:	47c5                	li	a5,17
    3502:	0af70963          	beq	a4,a5,35b4 <ip4_input+0x174>
    3506:	4a01                	li	s4,0
    3508:	a021                	j	3510 <ip4_input+0xd0>
    350a:	40dc                	lw	a5,4(s1)
    350c:	dbed                	beqz	a5,34fe <ip4_input+0xbe>
    350e:	8a26                	mv	s4,s1
    3510:	01092503          	lw	a0,16(s2)
    3514:	cd01                	beqz	a0,352c <ip4_input+0xec>
    3516:	85a6                	mv	a1,s1
    3518:	2495                	jal	377c <ip4_addr_isbroadcast_u32>
    351a:	fd15                	bnez	a0,3456 <ip4_input+0x16>
    351c:	01092783          	lw	a5,16(s2)
    3520:	0e000713          	li	a4,224
    3524:	0f07f793          	andi	a5,a5,240
    3528:	f2e787e3          	beq	a5,a4,3456 <ip4_input+0x16>
    352c:	f20a05e3          	beqz	s4,3456 <ip4_input+0x16>
    3530:	207c                	lbu	a5,6(s0)
    3532:	3078                	lbu	a4,7(s0)
    3534:	03f7f793          	andi	a5,a5,63
    3538:	0722                	slli	a4,a4,0x8
    353a:	8fd9                	or	a5,a5,a4
    353c:	f0079de3          	bnez	a5,3456 <ip4_input+0x16>
    3540:	b341a423          	sw	s4,-1240(gp) # 200003a8 <ip_data>
    3544:	00992223          	sw	s1,4(s2)
    3548:	00892423          	sw	s0,8(s2)
    354c:	201c                	lbu	a5,0(s0)
    354e:	85d6                	mv	a1,s5
    3550:	854e                	mv	a0,s3
    3552:	8bbd                	andi	a5,a5,15
    3554:	078a                	slli	a5,a5,0x2
    3556:	00f91623          	sh	a5,12(s2)
    355a:	6db000ef          	jal	ra,4434 <pbuf_remove_header>
    355e:	341c                	lbu	a5,9(s0)
    3560:	4719                	li	a4,6
    3562:	08e78763          	beq	a5,a4,35f0 <ip4_input+0x1b0>
    3566:	4745                	li	a4,17
    3568:	06e78363          	beq	a5,a4,35ce <ip4_input+0x18e>
    356c:	4705                	li	a4,1
    356e:	08e79663          	bne	a5,a4,35fa <ip4_input+0x1ba>
    3572:	85a6                	mv	a1,s1
    3574:	854e                	mv	a0,s3
    3576:	b7dff0ef          	jal	ra,30f2 <icmp_input>
    357a:	a8b1                	j	35d6 <ip4_input+0x196>
    357c:	8526                	mv	a0,s1
    357e:	e31ff0ef          	jal	ra,33ae <ip4_input_accept>
    3582:	e51d                	bnez	a0,35b0 <ip4_input+0x170>
    3584:	01494703          	lbu	a4,20(s2)
    3588:	07f00793          	li	a5,127
    358c:	f6f709e3          	beq	a4,a5,34fe <ip4_input+0xbe>
    3590:	200007b7          	lui	a5,0x20000
    3594:	14c7aa03          	lw	s4,332(a5) # 2000014c <netif_list>
    3598:	f60a03e3          	beqz	s4,34fe <ip4_input+0xbe>
    359c:	009a1563          	bne	s4,s1,35a6 <ip4_input+0x166>
    35a0:	000a2a03          	lw	s4,0(s4)
    35a4:	bfd5                	j	3598 <ip4_input+0x158>
    35a6:	8552                	mv	a0,s4
    35a8:	e07ff0ef          	jal	ra,33ae <ip4_input_accept>
    35ac:	d975                	beqz	a0,35a0 <ip4_input+0x160>
    35ae:	b78d                	j	3510 <ip4_input+0xd0>
    35b0:	fcb9                	bnez	s1,350e <ip4_input+0xce>
    35b2:	b7b1                	j	34fe <ip4_input+0xbe>
    35b4:	01540733          	add	a4,s0,s5
    35b8:	333c                	lbu	a5,3(a4)
    35ba:	2334                	lbu	a3,2(a4)
    35bc:	6711                	lui	a4,0x4
    35be:	07a2                	slli	a5,a5,0x8
    35c0:	8fd5                	or	a5,a5,a3
    35c2:	40070713          	addi	a4,a4,1024 # 4400 <pbuf_alloc_reference+0x2a>
    35c6:	f4e790e3          	bne	a5,a4,3506 <ip4_input+0xc6>
    35ca:	8a26                	mv	s4,s1
    35cc:	b785                	j	352c <ip4_input+0xec>
    35ce:	85a6                	mv	a1,s1
    35d0:	854e                	mv	a0,s3
    35d2:	523040ef          	jal	ra,82f4 <udp_input>
    35d6:	b201a423          	sw	zero,-1240(gp) # 200003a8 <ip_data>
    35da:	00092223          	sw	zero,4(s2)
    35de:	00092423          	sw	zero,8(s2)
    35e2:	00091623          	sh	zero,12(s2)
    35e6:	00092823          	sw	zero,16(s2)
    35ea:	00092a23          	sw	zero,20(s2)
    35ee:	b5bd                	j	345c <ip4_input+0x1c>
    35f0:	85a6                	mv	a1,s1
    35f2:	854e                	mv	a0,s3
    35f4:	7cd020ef          	jal	ra,65c0 <tcp_input>
    35f8:	bff9                	j	35d6 <ip4_input+0x196>
    35fa:	01492503          	lw	a0,20(s2)
    35fe:	85d2                	mv	a1,s4
    3600:	2ab5                	jal	377c <ip4_addr_isbroadcast_u32>
    3602:	e10d                	bnez	a0,3624 <ip4_input+0x1e4>
    3604:	01492783          	lw	a5,20(s2)
    3608:	0e000713          	li	a4,224
    360c:	0f07f793          	andi	a5,a5,240
    3610:	00e78a63          	beq	a5,a4,3624 <ip4_input+0x1e4>
    3614:	85d6                	mv	a1,s5
    3616:	854e                	mv	a0,s3
    3618:	679000ef          	jal	ra,4490 <pbuf_header_force>
    361c:	4589                	li	a1,2
    361e:	854e                	mv	a0,s3
    3620:	cb9ff0ef          	jal	ra,32d8 <icmp_dest_unreach>
    3624:	854e                	mv	a0,s3
    3626:	687000ef          	jal	ra,44ac <pbuf_free>
    362a:	b775                	j	35d6 <ip4_input+0x196>

0000362c <ip4_output_if_src>:
    362c:	ec9fc2ef          	jal	t0,4f4 <__riscv_save_4>
    3630:	8aae                	mv	s5,a1
    3632:	256c                	lbu	a1,14(a0)
    3634:	8932                	mv	s2,a2
    3636:	4605                	li	a2,1
    3638:	1101                	addi	sp,sp,-32
    363a:	00c58d63          	beq	a1,a2,3654 <ip4_output_if_src+0x28>
    363e:	0000d5b7          	lui	a1,0xd
    3642:	0000c537          	lui	a0,0xc
    3646:	adc58593          	addi	a1,a1,-1316 # cadc <_read+0x79c>
    364a:	49050513          	addi	a0,a0,1168 # c490 <_read+0x150>
    364e:	25d070ef          	jal	ra,b0aa <iprintf>
    3652:	a001                	j	3652 <ip4_output_if_src+0x26>
    3654:	c63e                	sw	a5,12(sp)
    3656:	c43a                	sw	a4,8(sp)
    3658:	c236                	sw	a3,4(sp)
    365a:	84aa                	mv	s1,a0
    365c:	89c2                	mv	s3,a6
    365e:	0c090e63          	beqz	s2,373a <ip4_output_if_src+0x10e>
    3662:	45d1                	li	a1,20
    3664:	5c3000ef          	jal	ra,4426 <pbuf_add_header>
    3668:	4692                	lw	a3,4(sp)
    366a:	4722                	lw	a4,8(sp)
    366c:	47b2                	lw	a5,12(sp)
    366e:	c509                	beqz	a0,3678 <ip4_output_if_src+0x4c>
    3670:	5579                	li	a0,-2
    3672:	6105                	addi	sp,sp,32
    3674:	eb5fc06f          	j	528 <__riscv_restore_4>
    3678:	24ae                	lhu	a1,10(s1)
    367a:	464d                	li	a2,19
    367c:	00b66d63          	bltu	a2,a1,3696 <ip4_output_if_src+0x6a>
    3680:	0000d5b7          	lui	a1,0xd
    3684:	0000c537          	lui	a0,0xc
    3688:	ae858593          	addi	a1,a1,-1304 # cae8 <_read+0x7a8>
    368c:	49050513          	addi	a0,a0,1168 # c490 <_read+0x150>
    3690:	21b070ef          	jal	ra,b0aa <iprintf>
    3694:	a001                	j	3694 <ip4_output_if_src+0x68>
    3696:	40c0                	lw	s0,4(s1)
    3698:	20000a37          	lui	s4,0x20000
    369c:	106a0a13          	addi	s4,s4,262 # 20000106 <ip_id>
    36a0:	a414                	sb	a3,8(s0)
    36a2:	b41c                	sb	a5,9(s0)
    36a4:	00094783          	lbu	a5,0(s2)
    36a8:	a81c                	sb	a5,16(s0)
    36aa:	00194783          	lbu	a5,1(s2)
    36ae:	b81c                	sb	a5,17(s0)
    36b0:	00294783          	lbu	a5,2(s2)
    36b4:	a83c                	sb	a5,18(s0)
    36b6:	00394783          	lbu	a5,3(s2)
    36ba:	b018                	sb	a4,1(s0)
    36bc:	b83c                	sb	a5,19(s0)
    36be:	04500793          	li	a5,69
    36c2:	a01c                	sb	a5,0(s0)
    36c4:	248a                	lhu	a0,8(s1)
    36c6:	2a69                	jal	3860 <lwip_htons>
    36c8:	a028                	sb	a0,2(s0)
    36ca:	8121                	srli	a0,a0,0x8
    36cc:	b028                	sb	a0,3(s0)
    36ce:	000a5503          	lhu	a0,0(s4)
    36d2:	00040323          	sb	zero,6(s0)
    36d6:	000403a3          	sb	zero,7(s0)
    36da:	2259                	jal	3860 <lwip_htons>
    36dc:	000a5783          	lhu	a5,0(s4)
    36e0:	a048                	sb	a0,4(s0)
    36e2:	8121                	srli	a0,a0,0x8
    36e4:	0785                	addi	a5,a5,1
    36e6:	b048                	sb	a0,5(s0)
    36e8:	00fa1023          	sh	a5,0(s4)
    36ec:	040a9463          	bnez	s5,3734 <ip4_output_if_src+0x108>
    36f0:	8341a783          	lw	a5,-1996(gp) # 200000b4 <ip_addr_any>
    36f4:	0087d713          	srli	a4,a5,0x8
    36f8:	a45c                	sb	a5,12(s0)
    36fa:	b458                	sb	a4,13(s0)
    36fc:	0107d713          	srli	a4,a5,0x10
    3700:	83e1                	srli	a5,a5,0x18
    3702:	a478                	sb	a4,14(s0)
    3704:	b47c                	sb	a5,15(s0)
    3706:	00040523          	sb	zero,10(s0)
    370a:	000405a3          	sb	zero,11(s0)
    370e:	00098663          	beqz	s3,371a <ip4_output_if_src+0xee>
    3712:	0249d783          	lhu	a5,36(s3)
    3716:	8b85                	andi	a5,a5,1
    3718:	c799                	beqz	a5,3726 <ip4_output_if_src+0xfa>
    371a:	45d1                	li	a1,20
    371c:	8522                	mv	a0,s0
    371e:	2c79                	jal	39bc <inet_chksum>
    3720:	a428                	sb	a0,10(s0)
    3722:	8121                	srli	a0,a0,0x8
    3724:	b428                	sb	a0,11(s0)
    3726:	0149a783          	lw	a5,20(s3)
    372a:	864a                	mv	a2,s2
    372c:	85a6                	mv	a1,s1
    372e:	854e                	mv	a0,s3
    3730:	9782                	jalr	a5
    3732:	b781                	j	3672 <ip4_output_if_src+0x46>
    3734:	000aa783          	lw	a5,0(s5)
    3738:	bf75                	j	36f4 <ip4_output_if_src+0xc8>
    373a:	253a                	lhu	a4,10(a0)
    373c:	47cd                	li	a5,19
    373e:	f2e7f9e3          	bgeu	a5,a4,3670 <ip4_output_if_src+0x44>
    3742:	4154                	lw	a3,4(a0)
    3744:	01c10913          	addi	s2,sp,28
    3748:	3a98                	lbu	a4,17(a3)
    374a:	2a9c                	lbu	a5,16(a3)
    374c:	0722                	slli	a4,a4,0x8
    374e:	8f5d                	or	a4,a4,a5
    3750:	2abc                	lbu	a5,18(a3)
    3752:	07c2                	slli	a5,a5,0x10
    3754:	8f5d                	or	a4,a4,a5
    3756:	3abc                	lbu	a5,19(a3)
    3758:	07e2                	slli	a5,a5,0x18
    375a:	8fd9                	or	a5,a5,a4
    375c:	ce3e                	sw	a5,28(sp)
    375e:	b7e1                	j	3726 <ip4_output_if_src+0xfa>

00003760 <ip4_output_if>:
    3760:	daffc2ef          	jal	t0,50e <__riscv_save_0>
    3764:	ca01                	beqz	a2,3774 <ip4_output_if+0x14>
    3766:	c589                	beqz	a1,3770 <ip4_output_if+0x10>
    3768:	0005a883          	lw	a7,0(a1)
    376c:	00089463          	bnez	a7,3774 <ip4_output_if+0x14>
    3770:	00480593          	addi	a1,a6,4
    3774:	eb9ff0ef          	jal	ra,362c <ip4_output_if_src>
    3778:	dbbfc06f          	j	532 <__riscv_restore_0>

0000377c <ip4_addr_isbroadcast_u32>:
    377c:	fff50693          	addi	a3,a0,-1
    3780:	5775                	li	a4,-3
    3782:	87aa                	mv	a5,a0
    3784:	02d76663          	bltu	a4,a3,37b0 <ip4_addr_isbroadcast_u32+0x34>
    3788:	02f5c703          	lbu	a4,47(a1)
    378c:	4501                	li	a0,0
    378e:	8b09                	andi	a4,a4,2
    3790:	c30d                	beqz	a4,37b2 <ip4_addr_isbroadcast_u32+0x36>
    3792:	41d8                	lw	a4,4(a1)
    3794:	00f70f63          	beq	a4,a5,37b2 <ip4_addr_isbroadcast_u32+0x36>
    3798:	4594                	lw	a3,8(a1)
    379a:	8f3d                	xor	a4,a4,a5
    379c:	8f75                	and	a4,a4,a3
    379e:	eb11                	bnez	a4,37b2 <ip4_addr_isbroadcast_u32+0x36>
    37a0:	fff6c693          	not	a3,a3
    37a4:	00f6f533          	and	a0,a3,a5
    37a8:	8d15                	sub	a0,a0,a3
    37aa:	00153513          	seqz	a0,a0
    37ae:	8082                	ret
    37b0:	4505                	li	a0,1
    37b2:	8082                	ret

000037b4 <ip4addr_ntoa_r>:
    37b4:	411c                	lw	a5,0(a0)
    37b6:	1141                	addi	sp,sp,-16
    37b8:	8eae                	mv	t4,a1
    37ba:	c63e                	sw	a5,12(sp)
    37bc:	4501                	li	a0,0
    37be:	0074                	addi	a3,sp,12
    37c0:	4f29                	li	t5,10
    37c2:	42a5                	li	t0,9
    37c4:	0ff00393          	li	t2,255
    37c8:	02e00f93          	li	t6,46
    37cc:	0006c803          	lbu	a6,0(a3)
    37d0:	4781                	li	a5,0
    37d2:	03e87333          	remu	t1,a6,t5
    37d6:	01010893          	addi	a7,sp,16
    37da:	98be                	add	a7,a7,a5
    37dc:	00178e13          	addi	t3,a5,1
    37e0:	0ffe7e13          	andi	t3,t3,255
    37e4:	03e85733          	divu	a4,a6,t5
    37e8:	03030313          	addi	t1,t1,48 # 80000030 <__freertos_irq_stack_top+0x5fff0030>
    37ec:	fe688c23          	sb	t1,-8(a7) # 400ffff8 <__freertos_irq_stack_top+0x200efff8>
    37f0:	0ff77713          	andi	a4,a4,255
    37f4:	0302e763          	bltu	t0,a6,3822 <ip4addr_ntoa_r+0x6e>
    37f8:	a298                	sb	a4,0(a3)
    37fa:	882a                	mv	a6,a0
    37fc:	8776                	mv	a4,t4
    37fe:	0505                	addi	a0,a0,1
    3800:	02779463          	bne	a5,t2,3828 <ip4addr_ntoa_r+0x74>
    3804:	04c85363          	bge	a6,a2,384a <ip4addr_ntoa_r+0x96>
    3808:	01f70023          	sb	t6,0(a4)
    380c:	0685                	addi	a3,a3,1
    380e:	081c                	addi	a5,sp,16
    3810:	00170e93          	addi	t4,a4,1
    3814:	faf69ce3          	bne	a3,a5,37cc <ip4addr_ntoa_r+0x18>
    3818:	00070023          	sb	zero,0(a4)
    381c:	852e                	mv	a0,a1
    381e:	0141                	addi	sp,sp,16
    3820:	8082                	ret
    3822:	883a                	mv	a6,a4
    3824:	87f2                	mv	a5,t3
    3826:	b775                	j	37d2 <ip4addr_ntoa_r+0x1e>
    3828:	fff78893          	addi	a7,a5,-1
    382c:	0ff8f893          	andi	a7,a7,255
    3830:	00c85d63          	bge	a6,a2,384a <ip4addr_ntoa_r+0x96>
    3834:	01010813          	addi	a6,sp,16
    3838:	97c2                	add	a5,a5,a6
    383a:	ff87c783          	lbu	a5,-8(a5)
    383e:	0705                	addi	a4,a4,1
    3840:	882a                	mv	a6,a0
    3842:	fef70fa3          	sb	a5,-1(a4)
    3846:	87c6                	mv	a5,a7
    3848:	bf5d                	j	37fe <ip4addr_ntoa_r+0x4a>
    384a:	4501                	li	a0,0
    384c:	bfc9                	j	381e <ip4addr_ntoa_r+0x6a>

0000384e <ip4addr_ntoa>:
    384e:	cc1fc2ef          	jal	t0,50e <__riscv_save_0>
    3852:	4641                	li	a2,16
    3854:	b1818593          	addi	a1,gp,-1256 # 20000398 <str.3776>
    3858:	f5dff0ef          	jal	ra,37b4 <ip4addr_ntoa_r>
    385c:	cd7fc06f          	j	532 <__riscv_restore_0>

00003860 <lwip_htons>:
    3860:	00851793          	slli	a5,a0,0x8
    3864:	8121                	srli	a0,a0,0x8
    3866:	8d5d                	or	a0,a0,a5
    3868:	0542                	slli	a0,a0,0x10
    386a:	8141                	srli	a0,a0,0x10
    386c:	8082                	ret

0000386e <lwip_htonl>:
    386e:	01855713          	srli	a4,a0,0x18
    3872:	01851793          	slli	a5,a0,0x18
    3876:	8fd9                	or	a5,a5,a4
    3878:	00ff06b7          	lui	a3,0xff0
    387c:	00851713          	slli	a4,a0,0x8
    3880:	8f75                	and	a4,a4,a3
    3882:	8fd9                	or	a5,a5,a4
    3884:	6741                	lui	a4,0x10
    3886:	f0070713          	addi	a4,a4,-256 # ff00 <_data_lma+0x19e8>
    388a:	8121                	srli	a0,a0,0x8
    388c:	8d79                	and	a0,a0,a4
    388e:	8d5d                	or	a0,a0,a5
    3890:	8082                	ret

00003892 <lwip_standard_chksum>:
    3892:	1141                	addi	sp,sp,-16
    3894:	00011723          	sh	zero,14(sp)
    3898:	00157693          	andi	a3,a0,1
    389c:	c699                	beqz	a3,38aa <lwip_standard_chksum+0x18>
    389e:	00b05663          	blez	a1,38aa <lwip_standard_chksum+0x18>
    38a2:	211c                	lbu	a5,0(a0)
    38a4:	15fd                	addi	a1,a1,-1
    38a6:	0505                	addi	a0,a0,1
    38a8:	87dc                	sb	a5,15(sp)
    38aa:	4781                	li	a5,0
    38ac:	4705                	li	a4,1
    38ae:	02b74e63          	blt	a4,a1,38ea <lwip_standard_chksum+0x58>
    38b2:	00e59463          	bne	a1,a4,38ba <lwip_standard_chksum+0x28>
    38b6:	2118                	lbu	a4,0(a0)
    38b8:	8758                	sb	a4,14(sp)
    38ba:	8728                	lhu	a0,14(sp)
    38bc:	6741                	lui	a4,0x10
    38be:	177d                	addi	a4,a4,-1
    38c0:	953e                	add	a0,a0,a5
    38c2:	01055793          	srli	a5,a0,0x10
    38c6:	8d79                	and	a0,a0,a4
    38c8:	97aa                	add	a5,a5,a0
    38ca:	0107d513          	srli	a0,a5,0x10
    38ce:	8ff9                	and	a5,a5,a4
    38d0:	953e                	add	a0,a0,a5
    38d2:	ca81                	beqz	a3,38e2 <lwip_standard_chksum+0x50>
    38d4:	00851793          	slli	a5,a0,0x8
    38d8:	8121                	srli	a0,a0,0x8
    38da:	8f7d                	and	a4,a4,a5
    38dc:	0ff57513          	andi	a0,a0,255
    38e0:	8d59                	or	a0,a0,a4
    38e2:	0542                	slli	a0,a0,0x10
    38e4:	8141                	srli	a0,a0,0x10
    38e6:	0141                	addi	sp,sp,16
    38e8:	8082                	ret
    38ea:	0509                	addi	a0,a0,2
    38ec:	ffe55603          	lhu	a2,-2(a0)
    38f0:	15f9                	addi	a1,a1,-2
    38f2:	97b2                	add	a5,a5,a2
    38f4:	bf6d                	j	38ae <lwip_standard_chksum+0x1c>

000038f6 <inet_chksum_pseudo>:
    38f6:	bfffc2ef          	jal	t0,4f4 <__riscv_save_4>
    38fa:	4318                	lw	a4,0(a4)
    38fc:	4294                	lw	a3,0(a3)
    38fe:	67c1                	lui	a5,0x10
    3900:	17fd                	addi	a5,a5,-1
    3902:	00f77433          	and	s0,a4,a5
    3906:	8341                	srli	a4,a4,0x10
    3908:	943a                	add	s0,s0,a4
    390a:	00f6f733          	and	a4,a3,a5
    390e:	943a                	add	s0,s0,a4
    3910:	82c1                	srli	a3,a3,0x10
    3912:	96a2                	add	a3,a3,s0
    3914:	0106d413          	srli	s0,a3,0x10
    3918:	8efd                	and	a3,a3,a5
    391a:	96a2                	add	a3,a3,s0
    391c:	0106d413          	srli	s0,a3,0x10
    3920:	8efd                	and	a3,a3,a5
    3922:	89aa                	mv	s3,a0
    3924:	8a2e                	mv	s4,a1
    3926:	8932                	mv	s2,a2
    3928:	9436                	add	s0,s0,a3
    392a:	4a81                	li	s5,0
    392c:	84be                	mv	s1,a5
    392e:	04099663          	bnez	s3,397a <inet_chksum_pseudo+0x84>
    3932:	000a8b63          	beqz	s5,3948 <inet_chksum_pseudo+0x52>
    3936:	6741                	lui	a4,0x10
    3938:	00841793          	slli	a5,s0,0x8
    393c:	177d                	addi	a4,a4,-1
    393e:	8021                	srli	s0,s0,0x8
    3940:	8ff9                	and	a5,a5,a4
    3942:	0ff47413          	andi	s0,s0,255
    3946:	8c5d                	or	s0,s0,a5
    3948:	8552                	mv	a0,s4
    394a:	f17ff0ef          	jal	ra,3860 <lwip_htons>
    394e:	84aa                	mv	s1,a0
    3950:	854a                	mv	a0,s2
    3952:	f0fff0ef          	jal	ra,3860 <lwip_htons>
    3956:	9526                	add	a0,a0,s1
    3958:	67c1                	lui	a5,0x10
    395a:	17fd                	addi	a5,a5,-1
    395c:	942a                	add	s0,s0,a0
    395e:	01045513          	srli	a0,s0,0x10
    3962:	8c7d                	and	s0,s0,a5
    3964:	942a                	add	s0,s0,a0
    3966:	01045513          	srli	a0,s0,0x10
    396a:	8c7d                	and	s0,s0,a5
    396c:	942a                	add	s0,s0,a0
    396e:	fff44513          	not	a0,s0
    3972:	0542                	slli	a0,a0,0x10
    3974:	8141                	srli	a0,a0,0x10
    3976:	bb3fc06f          	j	528 <__riscv_restore_4>
    397a:	00a9d583          	lhu	a1,10(s3)
    397e:	0049a503          	lw	a0,4(s3)
    3982:	f11ff0ef          	jal	ra,3892 <lwip_standard_chksum>
    3986:	942a                	add	s0,s0,a0
    3988:	01045793          	srli	a5,s0,0x10
    398c:	8c65                	and	s0,s0,s1
    398e:	943e                	add	s0,s0,a5
    3990:	00a9d783          	lhu	a5,10(s3)
    3994:	8b85                	andi	a5,a5,1
    3996:	cb91                	beqz	a5,39aa <inet_chksum_pseudo+0xb4>
    3998:	00841793          	slli	a5,s0,0x8
    399c:	8021                	srli	s0,s0,0x8
    399e:	8fe5                	and	a5,a5,s1
    39a0:	0ff47413          	andi	s0,s0,255
    39a4:	001aca93          	xori	s5,s5,1
    39a8:	8c5d                	or	s0,s0,a5
    39aa:	0009a983          	lw	s3,0(s3)
    39ae:	b741                	j	392e <inet_chksum_pseudo+0x38>

000039b0 <ip_chksum_pseudo>:
    39b0:	b5ffc2ef          	jal	t0,50e <__riscv_save_0>
    39b4:	f43ff0ef          	jal	ra,38f6 <inet_chksum_pseudo>
    39b8:	b7bfc06f          	j	532 <__riscv_restore_0>

000039bc <inet_chksum>:
    39bc:	b53fc2ef          	jal	t0,50e <__riscv_save_0>
    39c0:	ed3ff0ef          	jal	ra,3892 <lwip_standard_chksum>
    39c4:	fff54513          	not	a0,a0
    39c8:	0542                	slli	a0,a0,0x10
    39ca:	8141                	srli	a0,a0,0x10
    39cc:	b67fc06f          	j	532 <__riscv_restore_0>

000039d0 <inet_chksum_pbuf>:
    39d0:	b25fc2ef          	jal	t0,4f4 <__riscv_save_4>
    39d4:	6941                	lui	s2,0x10
    39d6:	84aa                	mv	s1,a0
    39d8:	4981                	li	s3,0
    39da:	4401                	li	s0,0
    39dc:	197d                	addi	s2,s2,-1
    39de:	e095                	bnez	s1,3a02 <inet_chksum_pbuf+0x32>
    39e0:	00098b63          	beqz	s3,39f6 <inet_chksum_pbuf+0x26>
    39e4:	6741                	lui	a4,0x10
    39e6:	00841793          	slli	a5,s0,0x8
    39ea:	177d                	addi	a4,a4,-1
    39ec:	8021                	srli	s0,s0,0x8
    39ee:	8ff9                	and	a5,a5,a4
    39f0:	0ff47413          	andi	s0,s0,255
    39f4:	8c5d                	or	s0,s0,a5
    39f6:	fff44513          	not	a0,s0
    39fa:	0542                	slli	a0,a0,0x10
    39fc:	8141                	srli	a0,a0,0x10
    39fe:	b2bfc06f          	j	528 <__riscv_restore_4>
    3a02:	24ae                	lhu	a1,10(s1)
    3a04:	40c8                	lw	a0,4(s1)
    3a06:	e8dff0ef          	jal	ra,3892 <lwip_standard_chksum>
    3a0a:	942a                	add	s0,s0,a0
    3a0c:	01045793          	srli	a5,s0,0x10
    3a10:	01247433          	and	s0,s0,s2
    3a14:	943e                	add	s0,s0,a5
    3a16:	24be                	lhu	a5,10(s1)
    3a18:	8b85                	andi	a5,a5,1
    3a1a:	cb99                	beqz	a5,3a30 <inet_chksum_pbuf+0x60>
    3a1c:	00841793          	slli	a5,s0,0x8
    3a20:	8021                	srli	s0,s0,0x8
    3a22:	0127f7b3          	and	a5,a5,s2
    3a26:	0ff47413          	andi	s0,s0,255
    3a2a:	0019c993          	xori	s3,s3,1
    3a2e:	8c5d                	or	s0,s0,a5
    3a30:	4084                	lw	s1,0(s1)
    3a32:	b775                	j	39de <inet_chksum_pbuf+0xe>

00003a34 <lwip_init>:
    3a34:	adbfc2ef          	jal	t0,50e <__riscv_save_0>
    3a38:	d1afd0ef          	jal	ra,f52 <sys_init>
    3a3c:	2819                	jal	3a52 <mem_init>
    3a3e:	239d                	jal	3fa4 <memp_init>
    3a40:	2d4d                	jal	40f2 <netif_init>
    3a42:	09b040ef          	jal	ra,82dc <udp_init>
    3a46:	0c6010ef          	jal	ra,4b0c <tcp_init>
    3a4a:	7ae040ef          	jal	ra,81f8 <sys_timeouts_init>
    3a4e:	ae5fc06f          	j	532 <__riscv_restore_0>

00003a52 <mem_init>:
    3a52:	abdfc2ef          	jal	t0,50e <__riscv_save_0>
    3a56:	200007b7          	lui	a5,0x20000
    3a5a:	3c378793          	addi	a5,a5,963 # 200003c3 <ram_heap+0x3>
    3a5e:	9bf1                	andi	a5,a5,-4
    3a60:	20000737          	lui	a4,0x20000
    3a64:	10f72823          	sw	a5,272(a4) # 20000110 <ram>
    3a68:	6709                	lui	a4,0x2
    3a6a:	80070693          	addi	a3,a4,-2048 # 1800 <dhcp_bind+0x9c>
    3a6e:	c394                	sw	a3,0(a5)
    3a70:	20000637          	lui	a2,0x20000
    3a74:	96be                	add	a3,a3,a5
    3a76:	10d62a23          	sw	a3,276(a2) # 20000114 <ram_end>
    3a7a:	180026b7          	lui	a3,0x18002
    3a7e:	973e                	add	a4,a4,a5
    3a80:	00078223          	sb	zero,4(a5)
    3a84:	80068693          	addi	a3,a3,-2048 # 18001800 <_data_lma+0x17ff32e8>
    3a88:	80d72023          	sw	a3,-2048(a4)
    3a8c:	20000537          	lui	a0,0x20000
    3a90:	4685                	li	a3,1
    3a92:	80d70223          	sb	a3,-2044(a4)
    3a96:	10c50513          	addi	a0,a0,268 # 2000010c <mem_mutex>
    3a9a:	20000737          	lui	a4,0x20000
    3a9e:	10f72423          	sw	a5,264(a4) # 20000108 <lfree>
    3aa2:	cdafd0ef          	jal	ra,f7c <sys_mutex_new>
    3aa6:	cd01                	beqz	a0,3abe <mem_init+0x6c>
    3aa8:	0000d5b7          	lui	a1,0xd
    3aac:	0000c537          	lui	a0,0xc
    3ab0:	be858593          	addi	a1,a1,-1048 # cbe8 <_read+0x8a8>
    3ab4:	49050513          	addi	a0,a0,1168 # c490 <_read+0x150>
    3ab8:	5f2070ef          	jal	ra,b0aa <iprintf>
    3abc:	a001                	j	3abc <mem_init+0x6a>
    3abe:	a75fc06f          	j	532 <__riscv_restore_0>

00003ac2 <mem_free>:
    3ac2:	18050863          	beqz	a0,3c52 <mem_free+0x190>
    3ac6:	a2ffc2ef          	jal	t0,4f4 <__riscv_save_4>
    3aca:	00357793          	andi	a5,a0,3
    3ace:	842a                	mv	s0,a0
    3ad0:	cf81                	beqz	a5,3ae8 <mem_free+0x26>
    3ad2:	0000d5b7          	lui	a1,0xd
    3ad6:	0000c537          	lui	a0,0xc
    3ada:	b1858593          	addi	a1,a1,-1256 # cb18 <_read+0x7d8>
    3ade:	49050513          	addi	a0,a0,1168 # c490 <_read+0x150>
    3ae2:	5c8070ef          	jal	ra,b0aa <iprintf>
    3ae6:	a001                	j	3ae6 <mem_free+0x24>
    3ae8:	200009b7          	lui	s3,0x20000
    3aec:	11098993          	addi	s3,s3,272 # 20000110 <ram>
    3af0:	0009a783          	lw	a5,0(s3)
    3af4:	ff850493          	addi	s1,a0,-8
    3af8:	00f4ec63          	bltu	s1,a5,3b10 <mem_free+0x4e>
    3afc:	200007b7          	lui	a5,0x20000
    3b00:	1147a683          	lw	a3,276(a5) # 20000114 <ram_end>
    3b04:	00c50713          	addi	a4,a0,12
    3b08:	11478913          	addi	s2,a5,276
    3b0c:	00e6fd63          	bgeu	a3,a4,3b26 <mem_free+0x64>
    3b10:	0000d5b7          	lui	a1,0xd
    3b14:	0000c537          	lui	a0,0xc
    3b18:	b3c58593          	addi	a1,a1,-1220 # cb3c <_read+0x7fc>
    3b1c:	49050513          	addi	a0,a0,1168 # c490 <_read+0x150>
    3b20:	58a070ef          	jal	ra,b0aa <iprintf>
    3b24:	a001                	j	3b24 <mem_free+0x62>
    3b26:	20000a37          	lui	s4,0x20000
    3b2a:	10ca0513          	addi	a0,s4,268 # 2000010c <mem_mutex>
    3b2e:	c80fd0ef          	jal	ra,fae <sys_mutex_lock>
    3b32:	ffc44783          	lbu	a5,-4(s0)
    3b36:	ef81                	bnez	a5,3b4e <mem_free+0x8c>
    3b38:	0000d5b7          	lui	a1,0xd
    3b3c:	0000c537          	lui	a0,0xc
    3b40:	b5858593          	addi	a1,a1,-1192 # cb58 <_read+0x818>
    3b44:	49050513          	addi	a0,a0,1168 # c490 <_read+0x150>
    3b48:	562070ef          	jal	ra,b0aa <iprintf>
    3b4c:	a001                	j	3b4c <mem_free+0x8a>
    3b4e:	ff845783          	lhu	a5,-8(s0)
    3b52:	6709                	lui	a4,0x2
    3b54:	80070713          	addi	a4,a4,-2048 # 1800 <dhcp_bind+0x9c>
    3b58:	02f76a63          	bltu	a4,a5,3b8c <mem_free+0xca>
    3b5c:	ffa45683          	lhu	a3,-6(s0)
    3b60:	02d76663          	bltu	a4,a3,3b8c <mem_free+0xca>
    3b64:	0009a703          	lw	a4,0(s3)
    3b68:	40e48633          	sub	a2,s1,a4
    3b6c:	0642                	slli	a2,a2,0x10
    3b6e:	8241                	srli	a2,a2,0x10
    3b70:	00d60663          	beq	a2,a3,3b7c <mem_free+0xba>
    3b74:	96ba                	add	a3,a3,a4
    3b76:	2296                	lhu	a3,0(a3)
    3b78:	00c69a63          	bne	a3,a2,3b8c <mem_free+0xca>
    3b7c:	00092583          	lw	a1,0(s2) # 10000 <_data_lma+0x1ae8>
    3b80:	97ba                	add	a5,a5,a4
    3b82:	02b78063          	beq	a5,a1,3ba2 <mem_free+0xe0>
    3b86:	23b6                	lhu	a3,2(a5)
    3b88:	00c68d63          	beq	a3,a2,3ba2 <mem_free+0xe0>
    3b8c:	0000d5b7          	lui	a1,0xd
    3b90:	0000c537          	lui	a0,0xc
    3b94:	b8058593          	addi	a1,a1,-1152 # cb80 <_read+0x840>
    3b98:	49050513          	addi	a0,a0,1168 # c490 <_read+0x150>
    3b9c:	50e070ef          	jal	ra,b0aa <iprintf>
    3ba0:	a001                	j	3ba0 <mem_free+0xde>
    3ba2:	200006b7          	lui	a3,0x20000
    3ba6:	1086a503          	lw	a0,264(a3) # 20000108 <lfree>
    3baa:	fe040e23          	sb	zero,-4(s0)
    3bae:	10868693          	addi	a3,a3,264
    3bb2:	00a4f363          	bgeu	s1,a0,3bb8 <mem_free+0xf6>
    3bb6:	c284                	sw	s1,0(a3)
    3bb8:	00e4fd63          	bgeu	s1,a4,3bd2 <mem_free+0x110>
    3bbc:	0000d5b7          	lui	a1,0xd
    3bc0:	0000c537          	lui	a0,0xc
    3bc4:	bb458593          	addi	a1,a1,-1100 # cbb4 <_read+0x874>
    3bc8:	49050513          	addi	a0,a0,1168 # c490 <_read+0x150>
    3bcc:	4de070ef          	jal	ra,b0aa <iprintf>
    3bd0:	a001                	j	3bd0 <mem_free+0x10e>
    3bd2:	00b4ed63          	bltu	s1,a1,3bec <mem_free+0x12a>
    3bd6:	0000d5b7          	lui	a1,0xd
    3bda:	0000c537          	lui	a0,0xc
    3bde:	bcc58593          	addi	a1,a1,-1076 # cbcc <_read+0x88c>
    3be2:	49050513          	addi	a0,a0,1168 # c490 <_read+0x150>
    3be6:	4c4070ef          	jal	ra,b0aa <iprintf>
    3bea:	a001                	j	3bea <mem_free+0x128>
    3bec:	02f48563          	beq	s1,a5,3c16 <mem_free+0x154>
    3bf0:	23c8                	lbu	a0,4(a5)
    3bf2:	e115                	bnez	a0,3c16 <mem_free+0x154>
    3bf4:	02b78163          	beq	a5,a1,3c16 <mem_free+0x154>
    3bf8:	428c                	lw	a1,0(a3)
    3bfa:	00b79363          	bne	a5,a1,3c00 <mem_free+0x13e>
    3bfe:	c284                	sw	s1,0(a3)
    3c00:	238e                	lhu	a1,0(a5)
    3c02:	feb41c23          	sh	a1,-8(s0)
    3c06:	239e                	lhu	a5,0(a5)
    3c08:	6589                	lui	a1,0x2
    3c0a:	80058593          	addi	a1,a1,-2048 # 1800 <dhcp_bind+0x9c>
    3c0e:	00b78463          	beq	a5,a1,3c16 <mem_free+0x154>
    3c12:	97ba                	add	a5,a5,a4
    3c14:	a3b2                	sh	a2,2(a5)
    3c16:	ffa45603          	lhu	a2,-6(s0)
    3c1a:	00c707b3          	add	a5,a4,a2
    3c1e:	02f48463          	beq	s1,a5,3c46 <mem_free+0x184>
    3c22:	23cc                	lbu	a1,4(a5)
    3c24:	e18d                	bnez	a1,3c46 <mem_free+0x184>
    3c26:	428c                	lw	a1,0(a3)
    3c28:	00b49363          	bne	s1,a1,3c2e <mem_free+0x16c>
    3c2c:	c29c                	sw	a5,0(a3)
    3c2e:	ff845683          	lhu	a3,-8(s0)
    3c32:	a396                	sh	a3,0(a5)
    3c34:	ff845683          	lhu	a3,-8(s0)
    3c38:	6789                	lui	a5,0x2
    3c3a:	80078793          	addi	a5,a5,-2048 # 1800 <dhcp_bind+0x9c>
    3c3e:	00f68463          	beq	a3,a5,3c46 <mem_free+0x184>
    3c42:	9736                	add	a4,a4,a3
    3c44:	a332                	sh	a2,2(a4)
    3c46:	10ca0513          	addi	a0,s4,268
    3c4a:	bc0fd0ef          	jal	ra,100a <sys_mutex_unlock>
    3c4e:	8dbfc06f          	j	528 <__riscv_restore_4>
    3c52:	8082                	ret

00003c54 <mem_trim>:
    3c54:	8a1fc2ef          	jal	t0,4f4 <__riscv_save_4>
    3c58:	00358413          	addi	s0,a1,3
    3c5c:	9871                	andi	s0,s0,-4
    3c5e:	0442                	slli	s0,s0,0x10
    3c60:	8041                	srli	s0,s0,0x10
    3c62:	47ad                	li	a5,11
    3c64:	84aa                	mv	s1,a0
    3c66:	0087f963          	bgeu	a5,s0,3c78 <mem_trim+0x24>
    3c6a:	6789                	lui	a5,0x2
    3c6c:	80078793          	addi	a5,a5,-2048 # 1800 <dhcp_bind+0x9c>
    3c70:	0087f563          	bgeu	a5,s0,3c7a <mem_trim+0x26>
    3c74:	4481                	li	s1,0
    3c76:	a8ed                	j	3d70 <mem_trim+0x11c>
    3c78:	4431                	li	s0,12
    3c7a:	feb46de3          	bltu	s0,a1,3c74 <mem_trim+0x20>
    3c7e:	200009b7          	lui	s3,0x20000
    3c82:	11098993          	addi	s3,s3,272 # 20000110 <ram>
    3c86:	0009a703          	lw	a4,0(s3)
    3c8a:	00e4e863          	bltu	s1,a4,3c9a <mem_trim+0x46>
    3c8e:	200007b7          	lui	a5,0x20000
    3c92:	1147a783          	lw	a5,276(a5) # 20000114 <ram_end>
    3c96:	00f4ed63          	bltu	s1,a5,3cb0 <mem_trim+0x5c>
    3c9a:	0000d5b7          	lui	a1,0xd
    3c9e:	0000c537          	lui	a0,0xc
    3ca2:	c8058593          	addi	a1,a1,-896 # cc80 <_read+0x940>
    3ca6:	49050513          	addi	a0,a0,1168 # c490 <_read+0x150>
    3caa:	400070ef          	jal	ra,b0aa <iprintf>
    3cae:	a001                	j	3cae <mem_trim+0x5a>
    3cb0:	ff848793          	addi	a5,s1,-8
    3cb4:	ff84d903          	lhu	s2,-8(s1)
    3cb8:	8f99                	sub	a5,a5,a4
    3cba:	01079a13          	slli	s4,a5,0x10
    3cbe:	010a5a13          	srli	s4,s4,0x10
    3cc2:	1961                	addi	s2,s2,-8
    3cc4:	41490933          	sub	s2,s2,s4
    3cc8:	0942                	slli	s2,s2,0x10
    3cca:	01095913          	srli	s2,s2,0x10
    3cce:	00897d63          	bgeu	s2,s0,3ce8 <mem_trim+0x94>
    3cd2:	0000d5b7          	lui	a1,0xd
    3cd6:	0000c537          	lui	a0,0xc
    3cda:	c9858593          	addi	a1,a1,-872 # cc98 <_read+0x958>
    3cde:	49050513          	addi	a0,a0,1168 # c490 <_read+0x150>
    3ce2:	3c8070ef          	jal	ra,b0aa <iprintf>
    3ce6:	a001                	j	3ce6 <mem_trim+0x92>
    3ce8:	08890463          	beq	s2,s0,3d70 <mem_trim+0x11c>
    3cec:	20000ab7          	lui	s5,0x20000
    3cf0:	10ca8513          	addi	a0,s5,268 # 2000010c <mem_mutex>
    3cf4:	abafd0ef          	jal	ra,fae <sys_mutex_lock>
    3cf8:	ff84d683          	lhu	a3,-8(s1)
    3cfc:	0009a783          	lw	a5,0(s3)
    3d00:	00d78633          	add	a2,a5,a3
    3d04:	2258                	lbu	a4,4(a2)
    3d06:	eb25                	bnez	a4,3d76 <mem_trim+0x122>
    3d08:	6589                	lui	a1,0x2
    3d0a:	80058593          	addi	a1,a1,-2048 # 1800 <dhcp_bind+0x9c>
    3d0e:	00b69d63          	bne	a3,a1,3d28 <mem_trim+0xd4>
    3d12:	0000d5b7          	lui	a1,0xd
    3d16:	0000c537          	lui	a0,0xc
    3d1a:	cb858593          	addi	a1,a1,-840 # ccb8 <_read+0x978>
    3d1e:	49050513          	addi	a0,a0,1168 # c490 <_read+0x150>
    3d22:	388070ef          	jal	ra,b0aa <iprintf>
    3d26:	a001                	j	3d26 <mem_trim+0xd2>
    3d28:	200006b7          	lui	a3,0x20000
    3d2c:	008a0713          	addi	a4,s4,8
    3d30:	10868693          	addi	a3,a3,264 # 20000108 <lfree>
    3d34:	943a                	add	s0,s0,a4
    3d36:	0006a803          	lw	a6,0(a3)
    3d3a:	0442                	slli	s0,s0,0x10
    3d3c:	8041                	srli	s0,s0,0x10
    3d3e:	220e                	lhu	a1,0(a2)
    3d40:	00878733          	add	a4,a5,s0
    3d44:	00c81363          	bne	a6,a2,3d4a <mem_trim+0xf6>
    3d48:	c298                	sw	a4,0(a3)
    3d4a:	00070223          	sb	zero,4(a4)
    3d4e:	a30e                	sh	a1,0(a4)
    3d50:	01471123          	sh	s4,2(a4)
    3d54:	fe849c23          	sh	s0,-8(s1)
    3d58:	231a                	lhu	a4,0(a4)
    3d5a:	6689                	lui	a3,0x2
    3d5c:	80068693          	addi	a3,a3,-2048 # 1800 <dhcp_bind+0x9c>
    3d60:	00d70463          	beq	a4,a3,3d68 <mem_trim+0x114>
    3d64:	973e                	add	a4,a4,a5
    3d66:	a322                	sh	s0,2(a4)
    3d68:	10ca8513          	addi	a0,s5,268
    3d6c:	a9efd0ef          	jal	ra,100a <sys_mutex_unlock>
    3d70:	8526                	mv	a0,s1
    3d72:	fb6fc06f          	j	528 <__riscv_restore_4>
    3d76:	01440713          	addi	a4,s0,20
    3d7a:	fee967e3          	bltu	s2,a4,3d68 <mem_trim+0x114>
    3d7e:	008a0713          	addi	a4,s4,8
    3d82:	943a                	add	s0,s0,a4
    3d84:	6609                	lui	a2,0x2
    3d86:	0442                	slli	s0,s0,0x10
    3d88:	80060613          	addi	a2,a2,-2048 # 1800 <dhcp_bind+0x9c>
    3d8c:	8041                	srli	s0,s0,0x10
    3d8e:	00c69d63          	bne	a3,a2,3da8 <mem_trim+0x154>
    3d92:	0000d5b7          	lui	a1,0xd
    3d96:	0000c537          	lui	a0,0xc
    3d9a:	cb858593          	addi	a1,a1,-840 # ccb8 <_read+0x978>
    3d9e:	49050513          	addi	a0,a0,1168 # c490 <_read+0x150>
    3da2:	308070ef          	jal	ra,b0aa <iprintf>
    3da6:	a001                	j	3da6 <mem_trim+0x152>
    3da8:	20000637          	lui	a2,0x20000
    3dac:	10860613          	addi	a2,a2,264 # 20000108 <lfree>
    3db0:	420c                	lw	a1,0(a2)
    3db2:	00878733          	add	a4,a5,s0
    3db6:	00b77363          	bgeu	a4,a1,3dbc <mem_trim+0x168>
    3dba:	c218                	sw	a4,0(a2)
    3dbc:	a316                	sh	a3,0(a4)
    3dbe:	00070223          	sb	zero,4(a4)
    3dc2:	01471123          	sh	s4,2(a4)
    3dc6:	fe849c23          	sh	s0,-8(s1)
    3dca:	231a                	lhu	a4,0(a4)
    3dcc:	6689                	lui	a3,0x2
    3dce:	80068693          	addi	a3,a3,-2048 # 1800 <dhcp_bind+0x9c>
    3dd2:	f8d70be3          	beq	a4,a3,3d68 <mem_trim+0x114>
    3dd6:	97ba                	add	a5,a5,a4
    3dd8:	a3a2                	sh	s0,2(a5)
    3dda:	b779                	j	3d68 <mem_trim+0x114>

00003ddc <mem_malloc>:
    3ddc:	16050363          	beqz	a0,3f42 <mem_malloc+0x166>
    3de0:	f2efc2ef          	jal	t0,50e <__riscv_save_0>
    3de4:	00350413          	addi	s0,a0,3
    3de8:	9871                	andi	s0,s0,-4
    3dea:	0442                	slli	s0,s0,0x10
    3dec:	8041                	srli	s0,s0,0x10
    3dee:	47ad                	li	a5,11
    3df0:	0087fa63          	bgeu	a5,s0,3e04 <mem_malloc+0x28>
    3df4:	6789                	lui	a5,0x2
    3df6:	80078793          	addi	a5,a5,-2048 # 1800 <dhcp_bind+0x9c>
    3dfa:	0087f663          	bgeu	a5,s0,3e06 <mem_malloc+0x2a>
    3dfe:	4501                	li	a0,0
    3e00:	f32fc06f          	j	532 <__riscv_restore_0>
    3e04:	4431                	li	s0,12
    3e06:	fea46ce3          	bltu	s0,a0,3dfe <mem_malloc+0x22>
    3e0a:	200004b7          	lui	s1,0x20000
    3e0e:	10c48513          	addi	a0,s1,268 # 2000010c <mem_mutex>
    3e12:	99cfd0ef          	jal	ra,fae <sys_mutex_lock>
    3e16:	200006b7          	lui	a3,0x20000
    3e1a:	20000737          	lui	a4,0x20000
    3e1e:	1086a783          	lw	a5,264(a3) # 20000108 <lfree>
    3e22:	11072e03          	lw	t3,272(a4) # 20000110 <ram>
    3e26:	6609                	lui	a2,0x2
    3e28:	80060613          	addi	a2,a2,-2048 # 1800 <dhcp_bind+0x9c>
    3e2c:	41c78733          	sub	a4,a5,t3
    3e30:	0742                	slli	a4,a4,0x10
    3e32:	8341                	srli	a4,a4,0x10
    3e34:	8526                	mv	a0,s1
    3e36:	10868893          	addi	a7,a3,264
    3e3a:	408605b3          	sub	a1,a2,s0
    3e3e:	5361                	li	t1,-8
    3e40:	00b76763          	bltu	a4,a1,3e4e <mem_malloc+0x72>
    3e44:	10c50513          	addi	a0,a0,268
    3e48:	9c2fd0ef          	jal	ra,100a <sys_mutex_unlock>
    3e4c:	bf4d                	j	3dfe <mem_malloc+0x22>
    3e4e:	00ee04b3          	add	s1,t3,a4
    3e52:	20d4                	lbu	a3,4(s1)
    3e54:	0004d803          	lhu	a6,0(s1)
    3e58:	e2fd                	bnez	a3,3f3e <mem_malloc+0x162>
    3e5a:	40e306b3          	sub	a3,t1,a4
    3e5e:	96c2                	add	a3,a3,a6
    3e60:	0c86ef63          	bltu	a3,s0,3f3e <mem_malloc+0x162>
    3e64:	01440593          	addi	a1,s0,20
    3e68:	06b6ef63          	bltu	a3,a1,3ee6 <mem_malloc+0x10a>
    3e6c:	00840693          	addi	a3,s0,8
    3e70:	96ba                	add	a3,a3,a4
    3e72:	06c2                	slli	a3,a3,0x10
    3e74:	82c1                	srli	a3,a3,0x10
    3e76:	00c69d63          	bne	a3,a2,3e90 <mem_malloc+0xb4>
    3e7a:	0000d5b7          	lui	a1,0xd
    3e7e:	0000c537          	lui	a0,0xc
    3e82:	cb858593          	addi	a1,a1,-840 # ccb8 <_read+0x978>
    3e86:	49050513          	addi	a0,a0,1168 # c490 <_read+0x150>
    3e8a:	220070ef          	jal	ra,b0aa <iprintf>
    3e8e:	a001                	j	3e8e <mem_malloc+0xb2>
    3e90:	00de05b3          	add	a1,t3,a3
    3e94:	01059023          	sh	a6,0(a1)
    3e98:	a1ba                	sh	a4,2(a1)
    3e9a:	00058223          	sb	zero,4(a1)
    3e9e:	4705                	li	a4,1
    3ea0:	a096                	sh	a3,0(s1)
    3ea2:	a0d8                	sb	a4,4(s1)
    3ea4:	219a                	lhu	a4,0(a1)
    3ea6:	00c70463          	beq	a4,a2,3eae <mem_malloc+0xd2>
    3eaa:	9772                	add	a4,a4,t3
    3eac:	a336                	sh	a3,2(a4)
    3eae:	20000937          	lui	s2,0x20000
    3eb2:	11490913          	addi	s2,s2,276 # 20000114 <ram_end>
    3eb6:	02979e63          	bne	a5,s1,3ef2 <mem_malloc+0x116>
    3eba:	00092683          	lw	a3,0(s2)
    3ebe:	23d8                	lbu	a4,4(a5)
    3ec0:	c319                	beqz	a4,3ec6 <mem_malloc+0xea>
    3ec2:	02f69563          	bne	a3,a5,3eec <mem_malloc+0x110>
    3ec6:	00f8a023          	sw	a5,0(a7)
    3eca:	02f68463          	beq	a3,a5,3ef2 <mem_malloc+0x116>
    3ece:	c315                	beqz	a4,3ef2 <mem_malloc+0x116>
    3ed0:	0000d5b7          	lui	a1,0xd
    3ed4:	0000c537          	lui	a0,0xc
    3ed8:	c0458593          	addi	a1,a1,-1020 # cc04 <_read+0x8c4>
    3edc:	49050513          	addi	a0,a0,1168 # c490 <_read+0x150>
    3ee0:	1ca070ef          	jal	ra,b0aa <iprintf>
    3ee4:	a001                	j	3ee4 <mem_malloc+0x108>
    3ee6:	4705                	li	a4,1
    3ee8:	a0d8                	sb	a4,4(s1)
    3eea:	b7d1                	j	3eae <mem_malloc+0xd2>
    3eec:	239e                	lhu	a5,0(a5)
    3eee:	97f2                	add	a5,a5,t3
    3ef0:	b7f9                	j	3ebe <mem_malloc+0xe2>
    3ef2:	10c50513          	addi	a0,a0,268
    3ef6:	914fd0ef          	jal	ra,100a <sys_mutex_unlock>
    3efa:	00092783          	lw	a5,0(s2)
    3efe:	0421                	addi	s0,s0,8
    3f00:	9426                	add	s0,s0,s1
    3f02:	0087fd63          	bgeu	a5,s0,3f1c <mem_malloc+0x140>
    3f06:	0000d5b7          	lui	a1,0xd
    3f0a:	0000c537          	lui	a0,0xc
    3f0e:	c2058593          	addi	a1,a1,-992 # cc20 <_read+0x8e0>
    3f12:	49050513          	addi	a0,a0,1168 # c490 <_read+0x150>
    3f16:	194070ef          	jal	ra,b0aa <iprintf>
    3f1a:	a001                	j	3f1a <mem_malloc+0x13e>
    3f1c:	0034f793          	andi	a5,s1,3
    3f20:	00848513          	addi	a0,s1,8
    3f24:	ec078ee3          	beqz	a5,3e00 <mem_malloc+0x24>
    3f28:	0000d5b7          	lui	a1,0xd
    3f2c:	0000c537          	lui	a0,0xc
    3f30:	c5058593          	addi	a1,a1,-944 # cc50 <_read+0x910>
    3f34:	49050513          	addi	a0,a0,1168 # c490 <_read+0x150>
    3f38:	172070ef          	jal	ra,b0aa <iprintf>
    3f3c:	a001                	j	3f3c <mem_malloc+0x160>
    3f3e:	8742                	mv	a4,a6
    3f40:	b701                	j	3e40 <mem_malloc+0x64>
    3f42:	4501                	li	a0,0
    3f44:	8082                	ret

00003f46 <do_memp_malloc_pool.isra.0>:
    3f46:	dc8fc2ef          	jal	t0,50e <__riscv_save_0>
    3f4a:	842a                	mv	s0,a0
    3f4c:	816fd0ef          	jal	ra,f62 <sys_arch_protect>
    3f50:	401c                	lw	a5,0(s0)
    3f52:	4380                	lw	s0,0(a5)
    3f54:	c00d                	beqz	s0,3f76 <do_memp_malloc_pool.isra.0+0x30>
    3f56:	4018                	lw	a4,0(s0)
    3f58:	c398                	sw	a4,0(a5)
    3f5a:	00347793          	andi	a5,s0,3
    3f5e:	cf81                	beqz	a5,3f76 <do_memp_malloc_pool.isra.0+0x30>
    3f60:	0000d5b7          	lui	a1,0xd
    3f64:	0000c537          	lui	a0,0xc
    3f68:	ccc58593          	addi	a1,a1,-820 # cccc <_read+0x98c>
    3f6c:	49050513          	addi	a0,a0,1168 # c490 <_read+0x150>
    3f70:	13a070ef          	jal	ra,b0aa <iprintf>
    3f74:	a001                	j	3f74 <do_memp_malloc_pool.isra.0+0x2e>
    3f76:	ffbfc0ef          	jal	ra,f70 <sys_arch_unprotect>
    3f7a:	8522                	mv	a0,s0
    3f7c:	db6fc06f          	j	532 <__riscv_restore_0>

00003f80 <memp_init_pool>:
    3f80:	451c                	lw	a5,8(a0)
    3f82:	4554                	lw	a3,12(a0)
    3f84:	2172                	lhu	a2,6(a0)
    3f86:	078d                	addi	a5,a5,3
    3f88:	0006a023          	sw	zero,0(a3)
    3f8c:	9bf1                	andi	a5,a5,-4
    3f8e:	4701                	li	a4,0
    3f90:	00c74363          	blt	a4,a2,3f96 <memp_init_pool+0x16>
    3f94:	8082                	ret
    3f96:	428c                	lw	a1,0(a3)
    3f98:	0705                	addi	a4,a4,1
    3f9a:	c38c                	sw	a1,0(a5)
    3f9c:	214e                	lhu	a1,4(a0)
    3f9e:	c29c                	sw	a5,0(a3)
    3fa0:	97ae                	add	a5,a5,a1
    3fa2:	b7fd                	j	3f90 <memp_init_pool+0x10>

00003fa4 <memp_init>:
    3fa4:	d6afc2ef          	jal	t0,50e <__riscv_save_0>
    3fa8:	6435                	lui	s0,0xd
    3faa:	e0c40413          	addi	s0,s0,-500 # ce0c <memp_pools>
    3fae:	03040493          	addi	s1,s0,48
    3fb2:	4008                	lw	a0,0(s0)
    3fb4:	0411                	addi	s0,s0,4
    3fb6:	fcbff0ef          	jal	ra,3f80 <memp_init_pool>
    3fba:	fe941ce3          	bne	s0,s1,3fb2 <memp_init+0xe>
    3fbe:	d74fc06f          	j	532 <__riscv_restore_0>

00003fc2 <memp_malloc>:
    3fc2:	d4cfc2ef          	jal	t0,50e <__riscv_save_0>
    3fc6:	47ad                	li	a5,11
    3fc8:	00a7fb63          	bgeu	a5,a0,3fde <memp_malloc+0x1c>
    3fcc:	0000d537          	lui	a0,0xd
    3fd0:	dec50513          	addi	a0,a0,-532 # cdec <memp_UDP_PCB+0x4c>
    3fd4:	0d6070ef          	jal	ra,b0aa <iprintf>
    3fd8:	4501                	li	a0,0
    3fda:	d58fc06f          	j	532 <__riscv_restore_0>
    3fde:	00251793          	slli	a5,a0,0x2
    3fe2:	6535                	lui	a0,0xd
    3fe4:	e0c50513          	addi	a0,a0,-500 # ce0c <memp_pools>
    3fe8:	953e                	add	a0,a0,a5
    3fea:	4108                	lw	a0,0(a0)
    3fec:	0531                	addi	a0,a0,12
    3fee:	f59ff0ef          	jal	ra,3f46 <do_memp_malloc_pool.isra.0>
    3ff2:	b7e5                	j	3fda <memp_malloc+0x18>

00003ff4 <memp_free>:
    3ff4:	d1afc2ef          	jal	t0,50e <__riscv_save_0>
    3ff8:	47ad                	li	a5,11
    3ffa:	1141                	addi	sp,sp,-16
    3ffc:	00a7fb63          	bgeu	a5,a0,4012 <memp_free+0x1e>
    4000:	0000d537          	lui	a0,0xd
    4004:	db050513          	addi	a0,a0,-592 # cdb0 <memp_UDP_PCB+0x10>
    4008:	0a2070ef          	jal	ra,b0aa <iprintf>
    400c:	0141                	addi	sp,sp,16
    400e:	d24fc06f          	j	532 <__riscv_restore_0>
    4012:	dded                	beqz	a1,400c <memp_free+0x18>
    4014:	0035f793          	andi	a5,a1,3
    4018:	cf81                	beqz	a5,4030 <memp_free+0x3c>
    401a:	0000d5b7          	lui	a1,0xd
    401e:	0000c537          	lui	a0,0xc
    4022:	dcc58593          	addi	a1,a1,-564 # cdcc <memp_UDP_PCB+0x2c>
    4026:	49050513          	addi	a0,a0,1168 # c490 <_read+0x150>
    402a:	080070ef          	jal	ra,b0aa <iprintf>
    402e:	a001                	j	402e <memp_free+0x3a>
    4030:	00251793          	slli	a5,a0,0x2
    4034:	6535                	lui	a0,0xd
    4036:	e0c50513          	addi	a0,a0,-500 # ce0c <memp_pools>
    403a:	953e                	add	a0,a0,a5
    403c:	4100                	lw	s0,0(a0)
    403e:	c62e                	sw	a1,12(sp)
    4040:	f23fc0ef          	jal	ra,f62 <sys_arch_protect>
    4044:	445c                	lw	a5,12(s0)
    4046:	45b2                	lw	a1,12(sp)
    4048:	4398                	lw	a4,0(a5)
    404a:	c198                	sw	a4,0(a1)
    404c:	c38c                	sw	a1,0(a5)
    404e:	f23fc0ef          	jal	ra,f70 <sys_arch_unprotect>
    4052:	bf6d                	j	400c <memp_free+0x18>

00004054 <netif_null_output_ip4>:
    4054:	5551                	li	a0,-12
    4056:	8082                	ret

00004058 <netif_issue_reports>:
    4058:	cb6fc2ef          	jal	t0,50e <__riscv_save_0>
    405c:	ed01                	bnez	a0,4074 <netif_issue_reports+0x1c>
    405e:	0000d5b7          	lui	a1,0xd
    4062:	0000c537          	lui	a0,0xc
    4066:	f5c58593          	addi	a1,a1,-164 # cf5c <memp_pools+0x150>
    406a:	49050513          	addi	a0,a0,1168 # c490 <_read+0x150>
    406e:	03c070ef          	jal	ra,b0aa <iprintf>
    4072:	a001                	j	4072 <netif_issue_reports+0x1a>
    4074:	02f54703          	lbu	a4,47(a0)
    4078:	4695                	li	a3,5
    407a:	00577613          	andi	a2,a4,5
    407e:	00d61c63          	bne	a2,a3,4096 <netif_issue_reports+0x3e>
    4082:	8985                	andi	a1,a1,1
    4084:	c989                	beqz	a1,4096 <netif_issue_reports+0x3e>
    4086:	4154                	lw	a3,4(a0)
    4088:	c699                	beqz	a3,4096 <netif_issue_reports+0x3e>
    408a:	8b21                	andi	a4,a4,8
    408c:	c709                	beqz	a4,4096 <netif_issue_reports+0x3e>
    408e:	00450593          	addi	a1,a0,4
    4092:	c73fe0ef          	jal	ra,2d04 <etharp_request>
    4096:	c9cfc06f          	j	532 <__riscv_restore_0>

0000409a <netif_do_set_ipaddr>:
    409a:	c74fc2ef          	jal	t0,50e <__riscv_save_0>
    409e:	1101                	addi	sp,sp,-32
    40a0:	ed81                	bnez	a1,40b8 <netif_do_set_ipaddr+0x1e>
    40a2:	0000d5b7          	lui	a1,0xd
    40a6:	0000c537          	lui	a0,0xc
    40aa:	f4c58593          	addi	a1,a1,-180 # cf4c <memp_pools+0x140>
    40ae:	49050513          	addi	a0,a0,1168 # c490 <_read+0x150>
    40b2:	7f9060ef          	jal	ra,b0aa <iprintf>
    40b6:	a001                	j	40b6 <netif_do_set_ipaddr+0x1c>
    40b8:	415c                	lw	a5,4(a0)
    40ba:	4198                	lw	a4,0(a1)
    40bc:	842a                	mv	s0,a0
    40be:	84ae                	mv	s1,a1
    40c0:	4501                	li	a0,0
    40c2:	02f70563          	beq	a4,a5,40ec <netif_do_set_ipaddr+0x52>
    40c6:	c21c                	sw	a5,0(a2)
    40c8:	8532                	mv	a0,a2
    40ca:	086c                	addi	a1,sp,28
    40cc:	ce3a                	sw	a4,28(sp)
    40ce:	c632                	sw	a2,12(sp)
    40d0:	6e1000ef          	jal	ra,4fb0 <tcp_netif_ip_addr_changed>
    40d4:	4632                	lw	a2,12(sp)
    40d6:	086c                	addi	a1,sp,28
    40d8:	8532                	mv	a0,a2
    40da:	716040ef          	jal	ra,87f0 <udp_netif_ip_addr_changed>
    40de:	409c                	lw	a5,0(s1)
    40e0:	8522                	mv	a0,s0
    40e2:	4585                	li	a1,1
    40e4:	c05c                	sw	a5,4(s0)
    40e6:	f73ff0ef          	jal	ra,4058 <netif_issue_reports>
    40ea:	4505                	li	a0,1
    40ec:	6105                	addi	sp,sp,32
    40ee:	c44fc06f          	j	532 <__riscv_restore_0>

000040f2 <netif_init>:
    40f2:	8082                	ret

000040f4 <netif_set_addr>:
    40f4:	c1afc2ef          	jal	t0,50e <__riscv_save_0>
    40f8:	1101                	addi	sp,sp,-32
    40fa:	84aa                	mv	s1,a0
    40fc:	8932                	mv	s2,a2
    40fe:	842e                	mv	s0,a1
    4100:	e199                	bnez	a1,4106 <netif_set_addr+0x12>
    4102:	83418413          	addi	s0,gp,-1996 # 200000b4 <ip_addr_any>
    4106:	00091463          	bnez	s2,410e <netif_set_addr+0x1a>
    410a:	83418913          	addi	s2,gp,-1996 # 200000b4 <ip_addr_any>
    410e:	e299                	bnez	a3,4114 <netif_set_addr+0x20>
    4110:	83418693          	addi	a3,gp,-1996 # 200000b4 <ip_addr_any>
    4114:	401c                	lw	a5,0(s0)
    4116:	c399                	beqz	a5,411c <netif_set_addr+0x28>
    4118:	4781                	li	a5,0
    411a:	a809                	j	412c <netif_set_addr+0x38>
    411c:	0870                	addi	a2,sp,28
    411e:	85a2                	mv	a1,s0
    4120:	8526                	mv	a0,s1
    4122:	c636                	sw	a3,12(sp)
    4124:	f77ff0ef          	jal	ra,409a <netif_do_set_ipaddr>
    4128:	46b2                	lw	a3,12(sp)
    412a:	4785                	li	a5,1
    412c:	00092703          	lw	a4,0(s2)
    4130:	4490                	lw	a2,8(s1)
    4132:	00c70363          	beq	a4,a2,4138 <netif_set_addr+0x44>
    4136:	c498                	sw	a4,8(s1)
    4138:	4298                	lw	a4,0(a3)
    413a:	44d4                	lw	a3,12(s1)
    413c:	00d70363          	beq	a4,a3,4142 <netif_set_addr+0x4e>
    4140:	c4d8                	sw	a4,12(s1)
    4142:	e791                	bnez	a5,414e <netif_set_addr+0x5a>
    4144:	0870                	addi	a2,sp,28
    4146:	85a2                	mv	a1,s0
    4148:	8526                	mv	a0,s1
    414a:	f51ff0ef          	jal	ra,409a <netif_do_set_ipaddr>
    414e:	6105                	addi	sp,sp,32
    4150:	be2fc06f          	j	532 <__riscv_restore_0>

00004154 <netif_add>:
    4154:	bbafc2ef          	jal	t0,50e <__riscv_save_0>
    4158:	1141                	addi	sp,sp,-16
    415a:	842a                	mv	s0,a0
    415c:	e919                	bnez	a0,4172 <netif_add+0x1e>
    415e:	0000d537          	lui	a0,0xd
    4162:	ec850513          	addi	a0,a0,-312 # cec8 <memp_pools+0xbc>
    4166:	745060ef          	jal	ra,b0aa <iprintf>
    416a:	8522                	mv	a0,s0
    416c:	0141                	addi	sp,sp,16
    416e:	bc4fc06f          	j	532 <__riscv_restore_0>
    4172:	eb89                	bnez	a5,4184 <netif_add+0x30>
    4174:	0000d537          	lui	a0,0xd
    4178:	ee450513          	addi	a0,a0,-284 # cee4 <memp_pools+0xd8>
    417c:	72f060ef          	jal	ra,b0aa <iprintf>
    4180:	4401                	li	s0,0
    4182:	b7e5                	j	416a <netif_add+0x16>
    4184:	e199                	bnez	a1,418a <netif_add+0x36>
    4186:	83418593          	addi	a1,gp,-1996 # 200000b4 <ip_addr_any>
    418a:	e219                	bnez	a2,4190 <netif_add+0x3c>
    418c:	83418613          	addi	a2,gp,-1996 # 200000b4 <ip_addr_any>
    4190:	e299                	bnez	a3,4196 <netif_add+0x42>
    4192:	83418693          	addi	a3,gp,-1996 # 200000b4 <ip_addr_any>
    4196:	200004b7          	lui	s1,0x20000
    419a:	00004537          	lui	a0,0x4
    419e:	05450513          	addi	a0,a0,84 # 4054 <netif_null_output_ip4>
    41a2:	cc58                	sw	a4,28(s0)
    41a4:	1504c703          	lbu	a4,336(s1) # 20000150 <netif_num>
    41a8:	c848                	sw	a0,20(s0)
    41aa:	6541                	lui	a0,0x10
    41ac:	157d                	addi	a0,a0,-1
    41ae:	d048                	sw	a0,36(s0)
    41b0:	02e40923          	sb	a4,50(s0)
    41b4:	01042823          	sw	a6,16(s0)
    41b8:	8522                	mv	a0,s0
    41ba:	00042223          	sw	zero,4(s0)
    41be:	00042423          	sw	zero,8(s0)
    41c2:	00042623          	sw	zero,12(s0)
    41c6:	020407a3          	sb	zero,47(s0)
    41ca:	02040023          	sb	zero,32(s0)
    41ce:	020400a3          	sb	zero,33(s0)
    41d2:	02040123          	sb	zero,34(s0)
    41d6:	020401a3          	sb	zero,35(s0)
    41da:	c63e                	sw	a5,12(sp)
    41dc:	f19ff0ef          	jal	ra,40f4 <netif_set_addr>
    41e0:	47b2                	lw	a5,12(sp)
    41e2:	8522                	mv	a0,s0
    41e4:	15048493          	addi	s1,s1,336
    41e8:	9782                	jalr	a5
    41ea:	f959                	bnez	a0,4180 <netif_add+0x2c>
    41ec:	200007b7          	lui	a5,0x20000
    41f0:	14c7a583          	lw	a1,332(a5) # 2000014c <netif_list>
    41f4:	14c78713          	addi	a4,a5,332
    41f8:	0ff00513          	li	a0,255
    41fc:	03244783          	lbu	a5,50(s0)
    4200:	00a79463          	bne	a5,a0,4208 <netif_add+0xb4>
    4204:	02040923          	sb	zero,50(s0)
    4208:	87ae                	mv	a5,a1
    420a:	10000613          	li	a2,256
    420e:	ef99                	bnez	a5,422c <netif_add+0xd8>
    4210:	03244783          	lbu	a5,50(s0)
    4214:	0fe00613          	li	a2,254
    4218:	4681                	li	a3,0
    421a:	00c78563          	beq	a5,a2,4224 <netif_add+0xd0>
    421e:	0785                	addi	a5,a5,1
    4220:	0ff7f693          	andi	a3,a5,255
    4224:	c00c                	sw	a1,0(s0)
    4226:	a094                	sb	a3,0(s1)
    4228:	c300                	sw	s0,0(a4)
    422a:	b781                	j	416a <netif_add+0x16>
    422c:	00f41d63          	bne	s0,a5,4246 <netif_add+0xf2>
    4230:	0000d5b7          	lui	a1,0xd
    4234:	0000c537          	lui	a0,0xc
    4238:	f0858593          	addi	a1,a1,-248 # cf08 <memp_pools+0xfc>
    423c:	49050513          	addi	a0,a0,1168 # c490 <_read+0x150>
    4240:	66b060ef          	jal	ra,b0aa <iprintf>
    4244:	a001                	j	4244 <netif_add+0xf0>
    4246:	167d                	addi	a2,a2,-1
    4248:	ee01                	bnez	a2,4260 <netif_add+0x10c>
    424a:	0000d5b7          	lui	a1,0xd
    424e:	0000c537          	lui	a0,0xc
    4252:	f1c58593          	addi	a1,a1,-228 # cf1c <memp_pools+0x110>
    4256:	49050513          	addi	a0,a0,1168 # c490 <_read+0x150>
    425a:	651060ef          	jal	ra,b0aa <iprintf>
    425e:	a001                	j	425e <netif_add+0x10a>
    4260:	03244803          	lbu	a6,50(s0)
    4264:	0327c683          	lbu	a3,50(a5)
    4268:	01069663          	bne	a3,a6,4274 <netif_add+0x120>
    426c:	0685                	addi	a3,a3,1
    426e:	02d40923          	sb	a3,50(s0)
    4272:	b769                	j	41fc <netif_add+0xa8>
    4274:	439c                	lw	a5,0(a5)
    4276:	bf61                	j	420e <netif_add+0xba>

00004278 <netif_set_default>:
    4278:	200007b7          	lui	a5,0x20000
    427c:	14a7a423          	sw	a0,328(a5) # 20000148 <netif_default>
    4280:	8082                	ret

00004282 <netif_set_up>:
    4282:	a8cfc2ef          	jal	t0,50e <__riscv_save_0>
    4286:	e909                	bnez	a0,4298 <netif_set_up+0x16>
    4288:	0000d537          	lui	a0,0xd
    428c:	fc850513          	addi	a0,a0,-56 # cfc8 <memp_pools+0x1bc>
    4290:	61b060ef          	jal	ra,b0aa <iprintf>
    4294:	a9efc06f          	j	532 <__riscv_restore_0>
    4298:	02f54783          	lbu	a5,47(a0)
    429c:	0017f693          	andi	a3,a5,1
    42a0:	faf5                	bnez	a3,4294 <netif_set_up+0x12>
    42a2:	0017e793          	ori	a5,a5,1
    42a6:	02f507a3          	sb	a5,47(a0)
    42aa:	458d                	li	a1,3
    42ac:	dadff0ef          	jal	ra,4058 <netif_issue_reports>
    42b0:	b7d5                	j	4294 <netif_set_up+0x12>

000042b2 <netif_set_link_up>:
    42b2:	a5cfc2ef          	jal	t0,50e <__riscv_save_0>
    42b6:	e909                	bnez	a0,42c8 <netif_set_link_up+0x16>
    42b8:	0000d537          	lui	a0,0xd
    42bc:	fa450513          	addi	a0,a0,-92 # cfa4 <memp_pools+0x198>
    42c0:	5eb060ef          	jal	ra,b0aa <iprintf>
    42c4:	a6efc06f          	j	532 <__riscv_restore_0>
    42c8:	02f54783          	lbu	a5,47(a0)
    42cc:	842a                	mv	s0,a0
    42ce:	0047f713          	andi	a4,a5,4
    42d2:	fb6d                	bnez	a4,42c4 <netif_set_link_up+0x12>
    42d4:	0047e793          	ori	a5,a5,4
    42d8:	02f507a3          	sb	a5,47(a0)
    42dc:	880fe0ef          	jal	ra,235c <dhcp_network_changed>
    42e0:	458d                	li	a1,3
    42e2:	8522                	mv	a0,s0
    42e4:	d75ff0ef          	jal	ra,4058 <netif_issue_reports>
    42e8:	bff1                	j	42c4 <netif_set_link_up+0x12>

000042ea <netif_set_link_down>:
    42ea:	e919                	bnez	a0,4300 <netif_set_link_down+0x16>
    42ec:	a22fc2ef          	jal	t0,50e <__riscv_save_0>
    42f0:	0000d537          	lui	a0,0xd
    42f4:	f8050513          	addi	a0,a0,-128 # cf80 <memp_pools+0x174>
    42f8:	5b3060ef          	jal	ra,b0aa <iprintf>
    42fc:	a36fc06f          	j	532 <__riscv_restore_0>
    4300:	02f54783          	lbu	a5,47(a0)
    4304:	0047f713          	andi	a4,a5,4
    4308:	c709                	beqz	a4,4312 <netif_set_link_down+0x28>
    430a:	9bed                	andi	a5,a5,-5
    430c:	02f507a3          	sb	a5,47(a0)
    4310:	8082                	ret
    4312:	8082                	ret

00004314 <netif_get_by_index>:
    4314:	4781                	li	a5,0
    4316:	c511                	beqz	a0,4322 <netif_get_by_index+0xe>
    4318:	200007b7          	lui	a5,0x20000
    431c:	14c7a783          	lw	a5,332(a5) # 2000014c <netif_list>
    4320:	e399                	bnez	a5,4326 <netif_get_by_index+0x12>
    4322:	853e                	mv	a0,a5
    4324:	8082                	ret
    4326:	0327c703          	lbu	a4,50(a5)
    432a:	0705                	addi	a4,a4,1
    432c:	0ff77713          	andi	a4,a4,255
    4330:	fea709e3          	beq	a4,a0,4322 <netif_get_by_index+0xe>
    4334:	439c                	lw	a5,0(a5)
    4336:	b7ed                	j	4320 <netif_get_by_index+0xc>

00004338 <pbuf_free_ooseq_callback>:
    4338:	9d6fc2ef          	jal	t0,50e <__riscv_save_0>
    433c:	c27fc0ef          	jal	ra,f62 <sys_arch_protect>
    4340:	200007b7          	lui	a5,0x20000
    4344:	140788a3          	sb	zero,337(a5) # 20000151 <pbuf_free_ooseq_pending>
    4348:	c29fc0ef          	jal	ra,f70 <sys_arch_unprotect>
    434c:	200007b7          	lui	a5,0x20000
    4350:	1547a503          	lw	a0,340(a5) # 20000154 <tcp_active_pcbs>
    4354:	c509                	beqz	a0,435e <pbuf_free_ooseq_callback+0x26>
    4356:	5d3c                	lw	a5,120(a0)
    4358:	c789                	beqz	a5,4362 <pbuf_free_ooseq_callback+0x2a>
    435a:	1d1000ef          	jal	ra,4d2a <tcp_free_ooseq>
    435e:	9d4fc06f          	j	532 <__riscv_restore_0>
    4362:	4548                	lw	a0,12(a0)
    4364:	bfc5                	j	4354 <pbuf_free_ooseq_callback+0x1c>

00004366 <pbuf_add_header_impl>:
    4366:	ed11                	bnez	a0,4382 <pbuf_add_header_impl+0x1c>
    4368:	9a6fc2ef          	jal	t0,50e <__riscv_save_0>
    436c:	0000c5b7          	lui	a1,0xc
    4370:	0000c537          	lui	a0,0xc
    4374:	68858593          	addi	a1,a1,1672 # c688 <_read+0x348>
    4378:	49050513          	addi	a0,a0,1168 # c490 <_read+0x150>
    437c:	52f060ef          	jal	ra,b0aa <iprintf>
    4380:	a001                	j	4380 <pbuf_add_header_impl+0x1a>
    4382:	6741                	lui	a4,0x10
    4384:	87aa                	mv	a5,a0
    4386:	4505                	li	a0,1
    4388:	04e5f663          	bgeu	a1,a4,43d4 <pbuf_add_header_impl+0x6e>
    438c:	4501                	li	a0,0
    438e:	c1b9                	beqz	a1,43d4 <pbuf_add_header_impl+0x6e>
    4390:	279a                	lhu	a4,8(a5)
    4392:	01059693          	slli	a3,a1,0x10
    4396:	82c1                	srli	a3,a3,0x10
    4398:	9736                	add	a4,a4,a3
    439a:	0742                	slli	a4,a4,0x10
    439c:	8341                	srli	a4,a4,0x10
    439e:	4505                	li	a0,1
    43a0:	02d76a63          	bltu	a4,a3,43d4 <pbuf_add_header_impl+0x6e>
    43a4:	00c78503          	lb	a0,12(a5)
    43a8:	00055b63          	bgez	a0,43be <pbuf_add_header_impl+0x58>
    43ac:	43d0                	lw	a2,4(a5)
    43ae:	4505                	li	a0,1
    43b0:	40b605b3          	sub	a1,a2,a1
    43b4:	01078613          	addi	a2,a5,16
    43b8:	00c5f863          	bgeu	a1,a2,43c8 <pbuf_add_header_impl+0x62>
    43bc:	8082                	ret
    43be:	4505                	li	a0,1
    43c0:	ca11                	beqz	a2,43d4 <pbuf_add_header_impl+0x6e>
    43c2:	43d0                	lw	a2,4(a5)
    43c4:	40b605b3          	sub	a1,a2,a1
    43c8:	27b2                	lhu	a2,10(a5)
    43ca:	c3cc                	sw	a1,4(a5)
    43cc:	a79a                	sh	a4,8(a5)
    43ce:	96b2                	add	a3,a3,a2
    43d0:	a7b6                	sh	a3,10(a5)
    43d2:	4501                	li	a0,0
    43d4:	8082                	ret

000043d6 <pbuf_alloc_reference>:
    43d6:	938fc2ef          	jal	t0,50e <__riscv_save_0>
    43da:	fbf67413          	andi	s0,a2,-65
    43de:	4785                	li	a5,1
    43e0:	1141                	addi	sp,sp,-16
    43e2:	00f40d63          	beq	s0,a5,43fc <pbuf_alloc_reference+0x26>
    43e6:	0000d5b7          	lui	a1,0xd
    43ea:	0000c537          	lui	a0,0xc
    43ee:	03458593          	addi	a1,a1,52 # d034 <memp_pools+0x228>
    43f2:	49050513          	addi	a0,a0,1168 # c490 <_read+0x150>
    43f6:	4b5060ef          	jal	ra,b0aa <iprintf>
    43fa:	a001                	j	43fa <pbuf_alloc_reference+0x24>
    43fc:	84aa                	mv	s1,a0
    43fe:	4529                	li	a0,10
    4400:	c632                	sw	a2,12(sp)
    4402:	c42e                	sw	a1,8(sp)
    4404:	bbfff0ef          	jal	ra,3fc2 <memp_malloc>
    4408:	cd01                	beqz	a0,4420 <pbuf_alloc_reference+0x4a>
    440a:	45a2                	lw	a1,8(sp)
    440c:	4632                	lw	a2,12(sp)
    440e:	00052023          	sw	zero,0(a0)
    4412:	c144                	sw	s1,4(a0)
    4414:	a50e                	sh	a1,8(a0)
    4416:	a52e                	sh	a1,10(a0)
    4418:	a550                	sb	a2,12(a0)
    441a:	000506a3          	sb	zero,13(a0)
    441e:	a562                	sh	s0,14(a0)
    4420:	0141                	addi	sp,sp,16
    4422:	910fc06f          	j	532 <__riscv_restore_0>

00004426 <pbuf_add_header>:
    4426:	8e8fc2ef          	jal	t0,50e <__riscv_save_0>
    442a:	4601                	li	a2,0
    442c:	f3bff0ef          	jal	ra,4366 <pbuf_add_header_impl>
    4430:	902fc06f          	j	532 <__riscv_restore_0>

00004434 <pbuf_remove_header>:
    4434:	8dafc2ef          	jal	t0,50e <__riscv_save_0>
    4438:	ed01                	bnez	a0,4450 <pbuf_remove_header+0x1c>
    443a:	0000c5b7          	lui	a1,0xc
    443e:	0000c537          	lui	a0,0xc
    4442:	68858593          	addi	a1,a1,1672 # c688 <_read+0x348>
    4446:	49050513          	addi	a0,a0,1168 # c490 <_read+0x150>
    444a:	461060ef          	jal	ra,b0aa <iprintf>
    444e:	a001                	j	444e <pbuf_remove_header+0x1a>
    4450:	6741                	lui	a4,0x10
    4452:	87aa                	mv	a5,a0
    4454:	4505                	li	a0,1
    4456:	02e5f163          	bgeu	a1,a4,4478 <pbuf_remove_header+0x44>
    445a:	4501                	li	a0,0
    445c:	cd91                	beqz	a1,4478 <pbuf_remove_header+0x44>
    445e:	27ba                	lhu	a4,10(a5)
    4460:	01059693          	slli	a3,a1,0x10
    4464:	82c1                	srli	a3,a3,0x10
    4466:	00d77b63          	bgeu	a4,a3,447c <pbuf_remove_header+0x48>
    446a:	0000d537          	lui	a0,0xd
    446e:	2a050513          	addi	a0,a0,672 # d2a0 <memp_pools+0x494>
    4472:	439060ef          	jal	ra,b0aa <iprintf>
    4476:	4505                	li	a0,1
    4478:	8bafc06f          	j	532 <__riscv_restore_0>
    447c:	8f15                	sub	a4,a4,a3
    447e:	43d0                	lw	a2,4(a5)
    4480:	a7ba                	sh	a4,10(a5)
    4482:	279a                	lhu	a4,8(a5)
    4484:	95b2                	add	a1,a1,a2
    4486:	c3cc                	sw	a1,4(a5)
    4488:	8f15                	sub	a4,a4,a3
    448a:	a79a                	sh	a4,8(a5)
    448c:	4501                	li	a0,0
    448e:	b7ed                	j	4478 <pbuf_remove_header+0x44>

00004490 <pbuf_header_force>:
    4490:	87efc2ef          	jal	t0,50e <__riscv_save_0>
    4494:	0005d863          	bgez	a1,44a4 <pbuf_header_force+0x14>
    4498:	40b005b3          	neg	a1,a1
    449c:	f99ff0ef          	jal	ra,4434 <pbuf_remove_header>
    44a0:	892fc06f          	j	532 <__riscv_restore_0>
    44a4:	4605                	li	a2,1
    44a6:	ec1ff0ef          	jal	ra,4366 <pbuf_add_header_impl>
    44aa:	bfdd                	j	44a0 <pbuf_header_force+0x10>

000044ac <pbuf_free>:
    44ac:	848fc2ef          	jal	t0,4f4 <__riscv_save_4>
    44b0:	1141                	addi	sp,sp,-16
    44b2:	c515                	beqz	a0,44de <pbuf_free+0x32>
    44b4:	85aa                	mv	a1,a0
    44b6:	4481                	li	s1,0
    44b8:	4909                	li	s2,2
    44ba:	4985                	li	s3,1
    44bc:	c62e                	sw	a1,12(sp)
    44be:	aa5fc0ef          	jal	ra,f62 <sys_arch_protect>
    44c2:	45b2                	lw	a1,12(sp)
    44c4:	25e0                	lbu	s0,14(a1)
    44c6:	e41d                	bnez	s0,44f4 <pbuf_free+0x48>
    44c8:	0000d5b7          	lui	a1,0xd
    44cc:	0000c537          	lui	a0,0xc
    44d0:	21458593          	addi	a1,a1,532 # d214 <memp_pools+0x408>
    44d4:	49050513          	addi	a0,a0,1168 # c490 <_read+0x150>
    44d8:	3d3060ef          	jal	ra,b0aa <iprintf>
    44dc:	a001                	j	44dc <pbuf_free+0x30>
    44de:	0000c5b7          	lui	a1,0xc
    44e2:	0000c537          	lui	a0,0xc
    44e6:	68858593          	addi	a1,a1,1672 # c688 <_read+0x348>
    44ea:	49050513          	addi	a0,a0,1168 # c490 <_read+0x150>
    44ee:	3bd060ef          	jal	ra,b0aa <iprintf>
    44f2:	a001                	j	44f2 <pbuf_free+0x46>
    44f4:	147d                	addi	s0,s0,-1
    44f6:	0ff47413          	andi	s0,s0,255
    44fa:	a5e0                	sb	s0,14(a1)
    44fc:	c62e                	sw	a1,12(sp)
    44fe:	a73fc0ef          	jal	ra,f70 <sys_arch_unprotect>
    4502:	e015                	bnez	s0,4526 <pbuf_free+0x7a>
    4504:	45b2                	lw	a1,12(sp)
    4506:	452d                	li	a0,11
    4508:	25dc                	lbu	a5,12(a1)
    450a:	4180                	lw	s0,0(a1)
    450c:	8bbd                	andi	a5,a5,15
    450e:	01278563          	beq	a5,s2,4518 <pbuf_free+0x6c>
    4512:	01379e63          	bne	a5,s3,452e <pbuf_free+0x82>
    4516:	4529                	li	a0,10
    4518:	addff0ef          	jal	ra,3ff4 <memp_free>
    451c:	0485                	addi	s1,s1,1
    451e:	0ff4f493          	andi	s1,s1,255
    4522:	85a2                	mv	a1,s0
    4524:	fc41                	bnez	s0,44bc <pbuf_free+0x10>
    4526:	8526                	mv	a0,s1
    4528:	0141                	addi	sp,sp,16
    452a:	ffffb06f          	j	528 <__riscv_restore_4>
    452e:	e789                	bnez	a5,4538 <pbuf_free+0x8c>
    4530:	852e                	mv	a0,a1
    4532:	d90ff0ef          	jal	ra,3ac2 <mem_free>
    4536:	b7dd                	j	451c <pbuf_free+0x70>
    4538:	0000d5b7          	lui	a1,0xd
    453c:	0000c537          	lui	a0,0xc
    4540:	22c58593          	addi	a1,a1,556 # d22c <memp_pools+0x420>
    4544:	49050513          	addi	a0,a0,1168 # c490 <_read+0x150>
    4548:	363060ef          	jal	ra,b0aa <iprintf>
    454c:	a001                	j	454c <pbuf_free+0xa0>

0000454e <pbuf_alloc>:
    454e:	fa7fb2ef          	jal	t0,4f4 <__riscv_save_4>
    4552:	04100793          	li	a5,65
    4556:	1141                	addi	sp,sp,-16
    4558:	08f60663          	beq	a2,a5,45e4 <pbuf_alloc+0x96>
    455c:	02c7e063          	bltu	a5,a2,457c <pbuf_alloc+0x2e>
    4560:	4785                	li	a5,1
    4562:	08f60163          	beq	a2,a5,45e4 <pbuf_alloc+0x96>
    4566:	0000d5b7          	lui	a1,0xd
    456a:	0000c537          	lui	a0,0xc
    456e:	01858593          	addi	a1,a1,24 # d018 <memp_pools+0x20c>
    4572:	49050513          	addi	a0,a0,1168 # c490 <_read+0x150>
    4576:	335060ef          	jal	ra,b0aa <iprintf>
    457a:	a001                	j	457a <pbuf_alloc+0x2c>
    457c:	01051413          	slli	s0,a0,0x10
    4580:	18200793          	li	a5,386
    4584:	8041                	srli	s0,s0,0x10
    4586:	06f60763          	beq	a2,a5,45f4 <pbuf_alloc+0xa6>
    458a:	28000793          	li	a5,640
    458e:	fcf61ce3          	bne	a2,a5,4566 <pbuf_alloc+0x18>
    4592:	040d                	addi	s0,s0,3
    4594:	00358793          	addi	a5,a1,3
    4598:	9871                	andi	s0,s0,-4
    459a:	9bf1                	andi	a5,a5,-4
    459c:	943e                	add	s0,s0,a5
    459e:	0442                	slli	s0,s0,0x10
    45a0:	8041                	srli	s0,s0,0x10
    45a2:	892a                	mv	s2,a0
    45a4:	01040513          	addi	a0,s0,16
    45a8:	0542                	slli	a0,a0,0x10
    45aa:	c62e                	sw	a1,12(sp)
    45ac:	8141                	srli	a0,a0,0x10
    45ae:	0af46463          	bltu	s0,a5,4656 <pbuf_alloc+0x108>
    45b2:	0af56263          	bltu	a0,a5,4656 <pbuf_alloc+0x108>
    45b6:	827ff0ef          	jal	ra,3ddc <mem_malloc>
    45ba:	84aa                	mv	s1,a0
    45bc:	c905                	beqz	a0,45ec <pbuf_alloc+0x9e>
    45be:	0942                	slli	s2,s2,0x10
    45c0:	01095913          	srli	s2,s2,0x10
    45c4:	45b2                	lw	a1,12(sp)
    45c6:	992a                	add	s2,s2,a0
    45c8:	094d                	addi	s2,s2,19
    45ca:	67c1                	lui	a5,0x10
    45cc:	ffc97913          	andi	s2,s2,-4
    45d0:	08078793          	addi	a5,a5,128 # 10080 <_data_lma+0x1b68>
    45d4:	00052023          	sw	zero,0(a0)
    45d8:	01252223          	sw	s2,4(a0)
    45dc:	a50e                	sh	a1,8(a0)
    45de:	a52e                	sh	a1,10(a0)
    45e0:	c55c                	sw	a5,12(a0)
    45e2:	a029                	j	45ec <pbuf_alloc+0x9e>
    45e4:	4501                	li	a0,0
    45e6:	df1ff0ef          	jal	ra,43d6 <pbuf_alloc_reference>
    45ea:	84aa                	mv	s1,a0
    45ec:	8526                	mv	a0,s1
    45ee:	0141                	addi	sp,sp,16
    45f0:	f39fb06f          	j	528 <__riscv_restore_4>
    45f4:	6941                	lui	s2,0x10
    45f6:	4981                	li	s3,0
    45f8:	4481                	li	s1,0
    45fa:	20000a13          	li	s4,512
    45fe:	08290913          	addi	s2,s2,130 # 10082 <_data_lma+0x1b6a>
    4602:	20000a93          	li	s5,512
    4606:	452d                	li	a0,11
    4608:	c62e                	sw	a1,12(sp)
    460a:	9b9ff0ef          	jal	ra,3fc2 <memp_malloc>
    460e:	45b2                	lw	a1,12(sp)
    4610:	e529                	bnez	a0,465a <pbuf_alloc+0x10c>
    4612:	20000437          	lui	s0,0x20000
    4616:	15140413          	addi	s0,s0,337 # 20000151 <pbuf_free_ooseq_pending>
    461a:	949fc0ef          	jal	ra,f62 <sys_arch_protect>
    461e:	00044903          	lbu	s2,0(s0)
    4622:	4785                	li	a5,1
    4624:	a01c                	sb	a5,0(s0)
    4626:	0ff97913          	andi	s2,s2,255
    462a:	947fc0ef          	jal	ra,f70 <sys_arch_unprotect>
    462e:	02091063          	bnez	s2,464e <pbuf_alloc+0x100>
    4632:	00004537          	lui	a0,0x4
    4636:	4581                	li	a1,0
    4638:	33850513          	addi	a0,a0,824 # 4338 <pbuf_free_ooseq_callback>
    463c:	3ea040ef          	jal	ra,8a26 <tcpip_try_callback>
    4640:	c519                	beqz	a0,464e <pbuf_alloc+0x100>
    4642:	921fc0ef          	jal	ra,f62 <sys_arch_protect>
    4646:	00040023          	sb	zero,0(s0)
    464a:	927fc0ef          	jal	ra,f70 <sys_arch_unprotect>
    464e:	c481                	beqz	s1,4656 <pbuf_alloc+0x108>
    4650:	8526                	mv	a0,s1
    4652:	e5bff0ef          	jal	ra,44ac <pbuf_free>
    4656:	4481                	li	s1,0
    4658:	bf51                	j	45ec <pbuf_alloc+0x9e>
    465a:	00340713          	addi	a4,s0,3
    465e:	ffc77793          	andi	a5,a4,-4
    4662:	40fa07b3          	sub	a5,s4,a5
    4666:	86be                	mv	a3,a5
    4668:	07c2                	slli	a5,a5,0x10
    466a:	83c1                	srli	a5,a5,0x10
    466c:	00f5f363          	bgeu	a1,a5,4672 <pbuf_alloc+0x124>
    4670:	86ae                	mv	a3,a1
    4672:	942a                	add	s0,s0,a0
    4674:	044d                	addi	s0,s0,19
    4676:	9871                	andi	s0,s0,-4
    4678:	01069793          	slli	a5,a3,0x10
    467c:	00052023          	sw	zero,0(a0)
    4680:	c140                	sw	s0,4(a0)
    4682:	a50e                	sh	a1,8(a0)
    4684:	a536                	sh	a3,10(a0)
    4686:	01252623          	sw	s2,12(a0)
    468a:	9b71                	andi	a4,a4,-4
    468c:	83c1                	srli	a5,a5,0x10
    468e:	01571d63          	bne	a4,s5,46a8 <pbuf_alloc+0x15a>
    4692:	0000d5b7          	lui	a1,0xd
    4696:	0000c537          	lui	a0,0xc
    469a:	fe458593          	addi	a1,a1,-28 # cfe4 <memp_pools+0x1d8>
    469e:	49050513          	addi	a0,a0,1168 # c490 <_read+0x150>
    46a2:	209060ef          	jal	ra,b0aa <iprintf>
    46a6:	a001                	j	46a6 <pbuf_alloc+0x158>
    46a8:	c891                	beqz	s1,46bc <pbuf_alloc+0x16e>
    46aa:	00a9a023          	sw	a0,0(s3)
    46ae:	8d9d                	sub	a1,a1,a5
    46b0:	05c2                	slli	a1,a1,0x10
    46b2:	81c1                	srli	a1,a1,0x10
    46b4:	4401                	li	s0,0
    46b6:	89aa                	mv	s3,a0
    46b8:	f5b9                	bnez	a1,4606 <pbuf_alloc+0xb8>
    46ba:	bf0d                	j	45ec <pbuf_alloc+0x9e>
    46bc:	84aa                	mv	s1,a0
    46be:	bfc5                	j	46ae <pbuf_alloc+0x160>

000046c0 <pbuf_realloc>:
    46c0:	e4ffb2ef          	jal	t0,50e <__riscv_save_0>
    46c4:	ed01                	bnez	a0,46dc <pbuf_realloc+0x1c>
    46c6:	0000d5b7          	lui	a1,0xd
    46ca:	0000c537          	lui	a0,0xc
    46ce:	24058593          	addi	a1,a1,576 # d240 <memp_pools+0x434>
    46d2:	49050513          	addi	a0,a0,1168 # c490 <_read+0x150>
    46d6:	1d5060ef          	jal	ra,b0aa <iprintf>
    46da:	a001                	j	46da <pbuf_realloc+0x1a>
    46dc:	251e                	lhu	a5,8(a0)
    46de:	842a                	mv	s0,a0
    46e0:	06f5fd63          	bgeu	a1,a5,475a <pbuf_realloc+0x9a>
    46e4:	84ae                	mv	s1,a1
    46e6:	40f587b3          	sub	a5,a1,a5
    46ea:	242e                	lhu	a1,10(s0)
    46ec:	0295ec63          	bltu	a1,s1,4724 <pbuf_realloc+0x64>
    46f0:	245c                	lbu	a5,12(s0)
    46f2:	8bbd                	andi	a5,a5,15
    46f4:	ebb9                	bnez	a5,474a <pbuf_realloc+0x8a>
    46f6:	04958a63          	beq	a1,s1,474a <pbuf_realloc+0x8a>
    46fa:	404c                	lw	a1,4(s0)
    46fc:	8522                	mv	a0,s0
    46fe:	8d81                	sub	a1,a1,s0
    4700:	95a6                	add	a1,a1,s1
    4702:	05c2                	slli	a1,a1,0x10
    4704:	81c1                	srli	a1,a1,0x10
    4706:	d4eff0ef          	jal	ra,3c54 <mem_trim>
    470a:	842a                	mv	s0,a0
    470c:	ed1d                	bnez	a0,474a <pbuf_realloc+0x8a>
    470e:	0000d5b7          	lui	a1,0xd
    4712:	0000c537          	lui	a0,0xc
    4716:	27058593          	addi	a1,a1,624 # d270 <memp_pools+0x464>
    471a:	49050513          	addi	a0,a0,1168 # c490 <_read+0x150>
    471e:	18d060ef          	jal	ra,b0aa <iprintf>
    4722:	a001                	j	4722 <pbuf_realloc+0x62>
    4724:	241a                	lhu	a4,8(s0)
    4726:	8c8d                	sub	s1,s1,a1
    4728:	04c2                	slli	s1,s1,0x10
    472a:	973e                	add	a4,a4,a5
    472c:	a41a                	sh	a4,8(s0)
    472e:	4000                	lw	s0,0(s0)
    4730:	80c1                	srli	s1,s1,0x10
    4732:	fc45                	bnez	s0,46ea <pbuf_realloc+0x2a>
    4734:	0000d5b7          	lui	a1,0xd
    4738:	0000c537          	lui	a0,0xc
    473c:	25858593          	addi	a1,a1,600 # d258 <memp_pools+0x44c>
    4740:	49050513          	addi	a0,a0,1168 # c490 <_read+0x150>
    4744:	167060ef          	jal	ra,b0aa <iprintf>
    4748:	a001                	j	4748 <pbuf_realloc+0x88>
    474a:	4008                	lw	a0,0(s0)
    474c:	a426                	sh	s1,10(s0)
    474e:	a406                	sh	s1,8(s0)
    4750:	c119                	beqz	a0,4756 <pbuf_realloc+0x96>
    4752:	d5bff0ef          	jal	ra,44ac <pbuf_free>
    4756:	00042023          	sw	zero,0(s0)
    475a:	dd9fb06f          	j	532 <__riscv_restore_0>

0000475e <pbuf_clen>:
    475e:	4781                	li	a5,0
    4760:	e119                	bnez	a0,4766 <pbuf_clen+0x8>
    4762:	853e                	mv	a0,a5
    4764:	8082                	ret
    4766:	0785                	addi	a5,a5,1
    4768:	07c2                	slli	a5,a5,0x10
    476a:	83c1                	srli	a5,a5,0x10
    476c:	4108                	lw	a0,0(a0)
    476e:	bfcd                	j	4760 <pbuf_clen+0x2>

00004770 <pbuf_ref>:
    4770:	c915                	beqz	a0,47a4 <pbuf_ref+0x34>
    4772:	d9dfb2ef          	jal	t0,50e <__riscv_save_0>
    4776:	842a                	mv	s0,a0
    4778:	feafc0ef          	jal	ra,f62 <sys_arch_protect>
    477c:	247c                	lbu	a5,14(s0)
    477e:	0785                	addi	a5,a5,1
    4780:	a47c                	sb	a5,14(s0)
    4782:	feefc0ef          	jal	ra,f70 <sys_arch_unprotect>
    4786:	247c                	lbu	a5,14(s0)
    4788:	ef81                	bnez	a5,47a0 <pbuf_ref+0x30>
    478a:	0000d5b7          	lui	a1,0xd
    478e:	0000c537          	lui	a0,0xc
    4792:	28c58593          	addi	a1,a1,652 # d28c <memp_pools+0x480>
    4796:	49050513          	addi	a0,a0,1168 # c490 <_read+0x150>
    479a:	111060ef          	jal	ra,b0aa <iprintf>
    479e:	a001                	j	479e <pbuf_ref+0x2e>
    47a0:	d93fb06f          	j	532 <__riscv_restore_0>
    47a4:	8082                	ret

000047a6 <pbuf_cat>:
    47a6:	d69fb2ef          	jal	t0,50e <__riscv_save_0>
    47aa:	c111                	beqz	a0,47ae <pbuf_cat+0x8>
    47ac:	ed89                	bnez	a1,47c6 <pbuf_cat+0x20>
    47ae:	0000d537          	lui	a0,0xd
    47b2:	04850513          	addi	a0,a0,72 # d048 <memp_pools+0x23c>
    47b6:	0f5060ef          	jal	ra,b0aa <iprintf>
    47ba:	d79fb06f          	j	532 <__riscv_restore_0>
    47be:	2596                	lhu	a3,8(a1)
    47c0:	9736                	add	a4,a4,a3
    47c2:	a51a                	sh	a4,8(a0)
    47c4:	853e                	mv	a0,a5
    47c6:	411c                	lw	a5,0(a0)
    47c8:	251a                	lhu	a4,8(a0)
    47ca:	fbf5                	bnez	a5,47be <pbuf_cat+0x18>
    47cc:	253e                	lhu	a5,10(a0)
    47ce:	00e78d63          	beq	a5,a4,47e8 <pbuf_cat+0x42>
    47d2:	0000d5b7          	lui	a1,0xd
    47d6:	0000c537          	lui	a0,0xc
    47da:	08058593          	addi	a1,a1,128 # d080 <memp_pools+0x274>
    47de:	49050513          	addi	a0,a0,1168 # c490 <_read+0x150>
    47e2:	0c9060ef          	jal	ra,b0aa <iprintf>
    47e6:	a001                	j	47e6 <pbuf_cat+0x40>
    47e8:	259a                	lhu	a4,8(a1)
    47ea:	c10c                	sw	a1,0(a0)
    47ec:	97ba                	add	a5,a5,a4
    47ee:	a51e                	sh	a5,8(a0)
    47f0:	b7e9                	j	47ba <pbuf_cat+0x14>

000047f2 <pbuf_chain>:
    47f2:	d1dfb2ef          	jal	t0,50e <__riscv_save_0>
    47f6:	842e                	mv	s0,a1
    47f8:	fafff0ef          	jal	ra,47a6 <pbuf_cat>
    47fc:	8522                	mv	a0,s0
    47fe:	f73ff0ef          	jal	ra,4770 <pbuf_ref>
    4802:	d31fb06f          	j	532 <__riscv_restore_0>

00004806 <pbuf_copy_partial_pbuf>:
    4806:	ceffb2ef          	jal	t0,4f4 <__riscv_save_4>
    480a:	1141                	addi	sp,sp,-16
    480c:	c591                	beqz	a1,4818 <pbuf_copy_partial_pbuf+0x12>
    480e:	259e                	lhu	a5,8(a1)
    4810:	842e                	mv	s0,a1
    4812:	8932                	mv	s2,a2
    4814:	00c7fc63          	bgeu	a5,a2,482c <pbuf_copy_partial_pbuf+0x26>
    4818:	0000d537          	lui	a0,0xd
    481c:	12450513          	addi	a0,a0,292 # d124 <memp_pools+0x318>
    4820:	08b060ef          	jal	ra,b0aa <iprintf>
    4824:	5541                	li	a0,-16
    4826:	0141                	addi	sp,sp,16
    4828:	d01fb06f          	j	528 <__riscv_restore_4>
    482c:	84aa                	mv	s1,a0
    482e:	c519                	beqz	a0,483c <pbuf_copy_partial_pbuf+0x36>
    4830:	251a                	lhu	a4,8(a0)
    4832:	00c687b3          	add	a5,a3,a2
    4836:	4981                	li	s3,0
    4838:	00f75763          	bge	a4,a5,4846 <pbuf_copy_partial_pbuf+0x40>
    483c:	0000d537          	lui	a0,0xd
    4840:	15850513          	addi	a0,a0,344 # d158 <memp_pools+0x34c>
    4844:	bff1                	j	4820 <pbuf_copy_partial_pbuf+0x1a>
    4846:	24be                	lhu	a5,10(s1)
    4848:	243a                	lhu	a4,10(s0)
    484a:	8f95                	sub	a5,a5,a3
    484c:	41370733          	sub	a4,a4,s3
    4850:	00f77363          	bgeu	a4,a5,4856 <pbuf_copy_partial_pbuf+0x50>
    4854:	87ba                	mv	a5,a4
    4856:	8a4a                	mv	s4,s2
    4858:	00f96663          	bltu	s2,a5,4864 <pbuf_copy_partial_pbuf+0x5e>
    485c:	01079a13          	slli	s4,a5,0x10
    4860:	010a5a13          	srli	s4,s4,0x10
    4864:	40c8                	lw	a0,4(s1)
    4866:	404c                	lw	a1,4(s0)
    4868:	8652                	mv	a2,s4
    486a:	9536                	add	a0,a0,a3
    486c:	95ce                	add	a1,a1,s3
    486e:	c636                	sw	a3,12(sp)
    4870:	788060ef          	jal	ra,aff8 <memcpy>
    4874:	46b2                	lw	a3,12(sp)
    4876:	24be                	lhu	a5,10(s1)
    4878:	41490933          	sub	s2,s2,s4
    487c:	0942                	slli	s2,s2,0x10
    487e:	96d2                	add	a3,a3,s4
    4880:	99d2                	add	s3,s3,s4
    4882:	01095913          	srli	s2,s2,0x10
    4886:	00d7fd63          	bgeu	a5,a3,48a0 <pbuf_copy_partial_pbuf+0x9a>
    488a:	0000d5b7          	lui	a1,0xd
    488e:	0000c537          	lui	a0,0xc
    4892:	18858593          	addi	a1,a1,392 # d188 <memp_pools+0x37c>
    4896:	49050513          	addi	a0,a0,1168 # c490 <_read+0x150>
    489a:	011060ef          	jal	ra,b0aa <iprintf>
    489e:	a001                	j	489e <pbuf_copy_partial_pbuf+0x98>
    48a0:	243a                	lhu	a4,10(s0)
    48a2:	01377d63          	bgeu	a4,s3,48bc <pbuf_copy_partial_pbuf+0xb6>
    48a6:	0000d5b7          	lui	a1,0xd
    48aa:	0000c537          	lui	a0,0xc
    48ae:	1a058593          	addi	a1,a1,416 # d1a0 <memp_pools+0x394>
    48b2:	49050513          	addi	a0,a0,1168 # c490 <_read+0x150>
    48b6:	7f4060ef          	jal	ra,b0aa <iprintf>
    48ba:	a001                	j	48ba <pbuf_copy_partial_pbuf+0xb4>
    48bc:	07371663          	bne	a4,s3,4928 <pbuf_copy_partial_pbuf+0x122>
    48c0:	4000                	lw	s0,0(s0)
    48c2:	4981                	li	s3,0
    48c4:	e035                	bnez	s0,4928 <pbuf_copy_partial_pbuf+0x122>
    48c6:	04090563          	beqz	s2,4910 <pbuf_copy_partial_pbuf+0x10a>
    48ca:	0000d537          	lui	a0,0xd
    48ce:	1bc50513          	addi	a0,a0,444 # d1bc <memp_pools+0x3b0>
    48d2:	b7b9                	j	4820 <pbuf_copy_partial_pbuf+0x1a>
    48d4:	c499                	beqz	s1,48e2 <pbuf_copy_partial_pbuf+0xdc>
    48d6:	24ba                	lhu	a4,10(s1)
    48d8:	249e                	lhu	a5,8(s1)
    48da:	00f71463          	bne	a4,a5,48e2 <pbuf_copy_partial_pbuf+0xdc>
    48de:	409c                	lw	a5,0(s1)
    48e0:	ef91                	bnez	a5,48fc <pbuf_copy_partial_pbuf+0xf6>
    48e2:	f60912e3          	bnez	s2,4846 <pbuf_copy_partial_pbuf+0x40>
    48e6:	4501                	li	a0,0
    48e8:	bf3d                	j	4826 <pbuf_copy_partial_pbuf+0x20>
    48ea:	4681                	li	a3,0
    48ec:	d46d                	beqz	s0,48d6 <pbuf_copy_partial_pbuf+0xd0>
    48ee:	4681                	li	a3,0
    48f0:	243a                	lhu	a4,10(s0)
    48f2:	241e                	lhu	a5,8(s0)
    48f4:	fef710e3          	bne	a4,a5,48d4 <pbuf_copy_partial_pbuf+0xce>
    48f8:	401c                	lw	a5,0(s0)
    48fa:	dfe9                	beqz	a5,48d4 <pbuf_copy_partial_pbuf+0xce>
    48fc:	0000d537          	lui	a0,0xd
    4900:	1dc50513          	addi	a0,a0,476 # d1dc <memp_pools+0x3d0>
    4904:	7a6060ef          	jal	ra,b0aa <iprintf>
    4908:	5569                	li	a0,-6
    490a:	bf31                	j	4826 <pbuf_copy_partial_pbuf+0x20>
    490c:	f06d                	bnez	s0,48ee <pbuf_copy_partial_pbuf+0xe8>
    490e:	bfe1                	j	48e6 <pbuf_copy_partial_pbuf+0xe0>
    4910:	89ca                	mv	s3,s2
    4912:	fcd792e3          	bne	a5,a3,48d6 <pbuf_copy_partial_pbuf+0xd0>
    4916:	4084                	lw	s1,0(s1)
    4918:	f8e9                	bnez	s1,48ea <pbuf_copy_partial_pbuf+0xe4>
    491a:	fe0909e3          	beqz	s2,490c <pbuf_copy_partial_pbuf+0x106>
    491e:	0000d537          	lui	a0,0xd
    4922:	1cc50513          	addi	a0,a0,460 # d1cc <memp_pools+0x3c0>
    4926:	bded                	j	4820 <pbuf_copy_partial_pbuf+0x1a>
    4928:	fcd794e3          	bne	a5,a3,48f0 <pbuf_copy_partial_pbuf+0xea>
    492c:	b7ed                	j	4916 <pbuf_copy_partial_pbuf+0x110>

0000492e <pbuf_copy>:
    492e:	be1fb2ef          	jal	t0,50e <__riscv_save_0>
    4932:	e991                	bnez	a1,4946 <pbuf_copy+0x18>
    4934:	0000d537          	lui	a0,0xd
    4938:	0c450513          	addi	a0,a0,196 # d0c4 <memp_pools+0x2b8>
    493c:	76e060ef          	jal	ra,b0aa <iprintf>
    4940:	5541                	li	a0,-16
    4942:	bf1fb06f          	j	532 <__riscv_restore_0>
    4946:	2592                	lhu	a2,8(a1)
    4948:	4681                	li	a3,0
    494a:	ebdff0ef          	jal	ra,4806 <pbuf_copy_partial_pbuf>
    494e:	bfd5                	j	4942 <pbuf_copy+0x14>

00004950 <pbuf_copy_partial>:
    4950:	ba5fb2ef          	jal	t0,4f4 <__riscv_save_4>
    4954:	e919                	bnez	a0,496a <pbuf_copy_partial+0x1a>
    4956:	0000d537          	lui	a0,0xd
    495a:	0e050513          	addi	a0,a0,224 # d0e0 <memp_pools+0x2d4>
    495e:	74c060ef          	jal	ra,b0aa <iprintf>
    4962:	4401                	li	s0,0
    4964:	8522                	mv	a0,s0
    4966:	bc3fb06f          	j	528 <__riscv_restore_4>
    496a:	892a                	mv	s2,a0
    496c:	8a2e                	mv	s4,a1
    496e:	84b2                	mv	s1,a2
    4970:	4401                	li	s0,0
    4972:	e195                	bnez	a1,4996 <pbuf_copy_partial+0x46>
    4974:	0000d537          	lui	a0,0xd
    4978:	10050513          	addi	a0,a0,256 # d100 <memp_pools+0x2f4>
    497c:	72e060ef          	jal	ra,b0aa <iprintf>
    4980:	b7d5                	j	4964 <pbuf_copy_partial+0x14>
    4982:	00a95583          	lhu	a1,10(s2)
    4986:	ce81                	beqz	a3,499e <pbuf_copy_partial+0x4e>
    4988:	00b6eb63          	bltu	a3,a1,499e <pbuf_copy_partial+0x4e>
    498c:	8e8d                	sub	a3,a3,a1
    498e:	06c2                	slli	a3,a3,0x10
    4990:	82c1                	srli	a3,a3,0x10
    4992:	00092903          	lw	s2,0(s2)
    4996:	d4f9                	beqz	s1,4964 <pbuf_copy_partial+0x14>
    4998:	fe0915e3          	bnez	s2,4982 <pbuf_copy_partial+0x32>
    499c:	b7e1                	j	4964 <pbuf_copy_partial+0x14>
    499e:	8d95                	sub	a1,a1,a3
    49a0:	05c2                	slli	a1,a1,0x10
    49a2:	81c1                	srli	a1,a1,0x10
    49a4:	89ae                	mv	s3,a1
    49a6:	00b4f363          	bgeu	s1,a1,49ac <pbuf_copy_partial+0x5c>
    49aa:	89a6                	mv	s3,s1
    49ac:	00492583          	lw	a1,4(s2)
    49b0:	09c2                	slli	s3,s3,0x10
    49b2:	0109d993          	srli	s3,s3,0x10
    49b6:	95b6                	add	a1,a1,a3
    49b8:	008a0533          	add	a0,s4,s0
    49bc:	864e                	mv	a2,s3
    49be:	944e                	add	s0,s0,s3
    49c0:	413484b3          	sub	s1,s1,s3
    49c4:	634060ef          	jal	ra,aff8 <memcpy>
    49c8:	0442                	slli	s0,s0,0x10
    49ca:	04c2                	slli	s1,s1,0x10
    49cc:	8041                	srli	s0,s0,0x10
    49ce:	80c1                	srli	s1,s1,0x10
    49d0:	4681                	li	a3,0
    49d2:	b7c1                	j	4992 <pbuf_copy_partial+0x42>

000049d4 <pbuf_take>:
    49d4:	b21fb2ef          	jal	t0,4f4 <__riscv_save_4>
    49d8:	e911                	bnez	a0,49ec <pbuf_take+0x18>
    49da:	0000d537          	lui	a0,0xd
    49de:	2c050513          	addi	a0,a0,704 # d2c0 <memp_pools+0x4b4>
    49e2:	6c8060ef          	jal	ra,b0aa <iprintf>
    49e6:	5541                	li	a0,-16
    49e8:	b41fb06f          	j	528 <__riscv_restore_4>
    49ec:	8aae                	mv	s5,a1
    49ee:	e591                	bnez	a1,49fa <pbuf_take+0x26>
    49f0:	0000d537          	lui	a0,0xd
    49f4:	2d850513          	addi	a0,a0,728 # d2d8 <memp_pools+0x4cc>
    49f8:	b7ed                	j	49e2 <pbuf_take+0xe>
    49fa:	251e                	lhu	a5,8(a0)
    49fc:	842a                	mv	s0,a0
    49fe:	8a32                	mv	s4,a2
    4a00:	84b2                	mv	s1,a2
    4a02:	4981                	li	s3,0
    4a04:	04c7f563          	bgeu	a5,a2,4a4e <pbuf_take+0x7a>
    4a08:	0000d537          	lui	a0,0xd
    4a0c:	2f450513          	addi	a0,a0,756 # d2f4 <memp_pools+0x4e8>
    4a10:	69a060ef          	jal	ra,b0aa <iprintf>
    4a14:	557d                	li	a0,-1
    4a16:	bfc9                	j	49e8 <pbuf_take+0x14>
    4a18:	ec01                	bnez	s0,4a30 <pbuf_take+0x5c>
    4a1a:	0000d5b7          	lui	a1,0xd
    4a1e:	0000c537          	lui	a0,0xc
    4a22:	31458593          	addi	a1,a1,788 # d314 <memp_pools+0x508>
    4a26:	49050513          	addi	a0,a0,1168 # c490 <_read+0x150>
    4a2a:	680060ef          	jal	ra,b0aa <iprintf>
    4a2e:	a001                	j	4a2e <pbuf_take+0x5a>
    4a30:	00a45903          	lhu	s2,10(s0)
    4a34:	0124f363          	bgeu	s1,s2,4a3a <pbuf_take+0x66>
    4a38:	8926                	mv	s2,s1
    4a3a:	4048                	lw	a0,4(s0)
    4a3c:	013a85b3          	add	a1,s5,s3
    4a40:	864a                	mv	a2,s2
    4a42:	5b6060ef          	jal	ra,aff8 <memcpy>
    4a46:	4000                	lw	s0,0(s0)
    4a48:	412484b3          	sub	s1,s1,s2
    4a4c:	99ca                	add	s3,s3,s2
    4a4e:	f4e9                	bnez	s1,4a18 <pbuf_take+0x44>
    4a50:	4501                	li	a0,0
    4a52:	f9498be3          	beq	s3,s4,49e8 <pbuf_take+0x14>
    4a56:	0000d5b7          	lui	a1,0xd
    4a5a:	0000c537          	lui	a0,0xc
    4a5e:	32c58593          	addi	a1,a1,812 # d32c <memp_pools+0x520>
    4a62:	49050513          	addi	a0,a0,1168 # c490 <_read+0x150>
    4a66:	644060ef          	jal	ra,b0aa <iprintf>
    4a6a:	a001                	j	4a6a <pbuf_take+0x96>

00004a6c <pbuf_clone>:
    4a6c:	aa3fb2ef          	jal	t0,50e <__riscv_save_0>
    4a70:	84b2                	mv	s1,a2
    4a72:	862e                	mv	a2,a1
    4a74:	248e                	lhu	a1,8(s1)
    4a76:	ad9ff0ef          	jal	ra,454e <pbuf_alloc>
    4a7a:	842a                	mv	s0,a0
    4a7c:	c105                	beqz	a0,4a9c <pbuf_clone+0x30>
    4a7e:	85a6                	mv	a1,s1
    4a80:	eafff0ef          	jal	ra,492e <pbuf_copy>
    4a84:	cd01                	beqz	a0,4a9c <pbuf_clone+0x30>
    4a86:	0000d5b7          	lui	a1,0xd
    4a8a:	0000c537          	lui	a0,0xc
    4a8e:	0b058593          	addi	a1,a1,176 # d0b0 <memp_pools+0x2a4>
    4a92:	49050513          	addi	a0,a0,1168 # c490 <_read+0x150>
    4a96:	614060ef          	jal	ra,b0aa <iprintf>
    4a9a:	a001                	j	4a9a <pbuf_clone+0x2e>
    4a9c:	8522                	mv	a0,s0
    4a9e:	a95fb06f          	j	532 <__riscv_restore_0>

00004aa2 <tcp_close_shutdown_fin>:
    4aa2:	a6dfb2ef          	jal	t0,50e <__riscv_save_0>
    4aa6:	ed01                	bnez	a0,4abe <tcp_close_shutdown_fin+0x1c>
    4aa8:	0000d5b7          	lui	a1,0xd
    4aac:	0000c537          	lui	a0,0xc
    4ab0:	41458593          	addi	a1,a1,1044 # d414 <tcp_backoff+0x80>
    4ab4:	49050513          	addi	a0,a0,1168 # c490 <_read+0x150>
    4ab8:	5f2060ef          	jal	ra,b0aa <iprintf>
    4abc:	a001                	j	4abc <tcp_close_shutdown_fin+0x1a>
    4abe:	4958                	lw	a4,20(a0)
    4ac0:	4791                	li	a5,4
    4ac2:	842a                	mv	s0,a0
    4ac4:	00f70963          	beq	a4,a5,4ad6 <tcp_close_shutdown_fin+0x34>
    4ac8:	479d                	li	a5,7
    4aca:	02f70363          	beq	a4,a5,4af0 <tcp_close_shutdown_fin+0x4e>
    4ace:	468d                	li	a3,3
    4ad0:	4781                	li	a5,0
    4ad2:	00d71c63          	bne	a4,a3,4aea <tcp_close_shutdown_fin+0x48>
    4ad6:	4b7020ef          	jal	ra,778c <tcp_send_fin>
    4ada:	87aa                	mv	a5,a0
    4adc:	e105                	bnez	a0,4afc <tcp_close_shutdown_fin+0x5a>
    4ade:	4795                	li	a5,5
    4ae0:	c85c                	sw	a5,20(s0)
    4ae2:	8522                	mv	a0,s0
    4ae4:	7c9020ef          	jal	ra,7aac <tcp_output>
    4ae8:	4781                	li	a5,0
    4aea:	853e                	mv	a0,a5
    4aec:	a47fb06f          	j	532 <__riscv_restore_0>
    4af0:	49d020ef          	jal	ra,778c <tcp_send_fin>
    4af4:	87aa                	mv	a5,a0
    4af6:	e119                	bnez	a0,4afc <tcp_close_shutdown_fin+0x5a>
    4af8:	47a5                	li	a5,9
    4afa:	b7dd                	j	4ae0 <tcp_close_shutdown_fin+0x3e>
    4afc:	577d                	li	a4,-1
    4afe:	fee796e3          	bne	a5,a4,4aea <tcp_close_shutdown_fin+0x48>
    4b02:	2c7e                	lhu	a5,30(s0)
    4b04:	0087e793          	ori	a5,a5,8
    4b08:	ac7e                	sh	a5,30(s0)
    4b0a:	bff9                	j	4ae8 <tcp_close_shutdown_fin+0x46>

00004b0c <tcp_init>:
    4b0c:	a03fb2ef          	jal	t0,50e <__riscv_save_0>
    4b10:	6ba060ef          	jal	ra,b1ca <rand>
    4b14:	054a                	slli	a0,a0,0x12
    4b16:	77f1                	lui	a5,0xffffc
    4b18:	8149                	srli	a0,a0,0x12
    4b1a:	953e                	add	a0,a0,a5
    4b1c:	80a19623          	sh	a0,-2036(gp) # 2000008c <tcp_port>
    4b20:	a13fb06f          	j	532 <__riscv_restore_0>

00004b24 <tcp_free>:
    4b24:	9ebfb2ef          	jal	t0,50e <__riscv_save_0>
    4b28:	4958                	lw	a4,20(a0)
    4b2a:	4785                	li	a5,1
    4b2c:	00f71d63          	bne	a4,a5,4b46 <tcp_free+0x22>
    4b30:	0000d5b7          	lui	a1,0xd
    4b34:	0000c537          	lui	a0,0xc
    4b38:	44858593          	addi	a1,a1,1096 # d448 <tcp_backoff+0xb4>
    4b3c:	49050513          	addi	a0,a0,1168 # c490 <_read+0x150>
    4b40:	56a060ef          	jal	ra,b0aa <iprintf>
    4b44:	a001                	j	4b44 <tcp_free+0x20>
    4b46:	85aa                	mv	a1,a0
    4b48:	4505                	li	a0,1
    4b4a:	caaff0ef          	jal	ra,3ff4 <memp_free>
    4b4e:	9e5fb06f          	j	532 <__riscv_restore_0>

00004b52 <tcp_update_rcv_ann_wnd>:
    4b52:	9bdfb2ef          	jal	t0,50e <__riscv_save_0>
    4b56:	ed01                	bnez	a0,4b6e <tcp_update_rcv_ann_wnd+0x1c>
    4b58:	0000d5b7          	lui	a1,0xd
    4b5c:	0000c537          	lui	a0,0xc
    4b60:	7cc58593          	addi	a1,a1,1996 # d7cc <tcp_pcb_lists+0x320>
    4b64:	49050513          	addi	a0,a0,1168 # c490 <_read+0x150>
    4b68:	542060ef          	jal	ra,b0aa <iprintf>
    4b6c:	a001                	j	4b6c <tcp_update_rcv_ann_wnd+0x1a>
    4b6e:	87aa                	mv	a5,a0
    4b70:	354e                	lhu	a1,44(a0)
    4b72:	5914                	lw	a3,48(a0)
    4b74:	5510                	lw	a2,40(a0)
    4b76:	3bfa                	lhu	a4,54(a5)
    4b78:	40d58533          	sub	a0,a1,a3
    4b7c:	40000813          	li	a6,1024
    4b80:	9532                	add	a0,a0,a2
    4b82:	00e87463          	bgeu	a6,a4,4b8a <tcp_update_rcv_ann_wnd+0x38>
    4b86:	40000713          	li	a4,1024
    4b8a:	0742                	slli	a4,a4,0x10
    4b8c:	8341                	srli	a4,a4,0x10
    4b8e:	40e50733          	sub	a4,a0,a4
    4b92:	00074563          	bltz	a4,4b9c <tcp_update_rcv_ann_wnd+0x4a>
    4b96:	b7ee                	sh	a1,46(a5)
    4b98:	99bfb06f          	j	532 <__riscv_restore_0>
    4b9c:	40d60733          	sub	a4,a2,a3
    4ba0:	00e05663          	blez	a4,4bac <tcp_update_rcv_ann_wnd+0x5a>
    4ba4:	02079723          	sh	zero,46(a5) # ffffc02e <__freertos_irq_stack_top+0xdffec02e>
    4ba8:	4501                	li	a0,0
    4baa:	b7fd                	j	4b98 <tcp_update_rcv_ann_wnd+0x46>
    4bac:	8e91                	sub	a3,a3,a2
    4bae:	6741                	lui	a4,0x10
    4bb0:	00e6ed63          	bltu	a3,a4,4bca <tcp_update_rcv_ann_wnd+0x78>
    4bb4:	0000d5b7          	lui	a1,0xd
    4bb8:	0000c537          	lui	a0,0xc
    4bbc:	7f058593          	addi	a1,a1,2032 # d7f0 <tcp_pcb_lists+0x344>
    4bc0:	49050513          	addi	a0,a0,1168 # c490 <_read+0x150>
    4bc4:	4e6060ef          	jal	ra,b0aa <iprintf>
    4bc8:	a001                	j	4bc8 <tcp_update_rcv_ann_wnd+0x76>
    4bca:	b7f6                	sh	a3,46(a5)
    4bcc:	bff1                	j	4ba8 <tcp_update_rcv_ann_wnd+0x56>

00004bce <tcp_recved>:
    4bce:	941fb2ef          	jal	t0,50e <__riscv_save_0>
    4bd2:	e909                	bnez	a0,4be4 <tcp_recved+0x16>
    4bd4:	0000d537          	lui	a0,0xd
    4bd8:	5a450513          	addi	a0,a0,1444 # d5a4 <tcp_pcb_lists+0xf8>
    4bdc:	4ce060ef          	jal	ra,b0aa <iprintf>
    4be0:	953fb06f          	j	532 <__riscv_restore_0>
    4be4:	4958                	lw	a4,20(a0)
    4be6:	4785                	li	a5,1
    4be8:	842a                	mv	s0,a0
    4bea:	00f71d63          	bne	a4,a5,4c04 <tcp_recved+0x36>
    4bee:	0000d5b7          	lui	a1,0xd
    4bf2:	0000c537          	lui	a0,0xc
    4bf6:	5bc58593          	addi	a1,a1,1468 # d5bc <tcp_pcb_lists+0x110>
    4bfa:	49050513          	addi	a0,a0,1168 # c490 <_read+0x150>
    4bfe:	4ac060ef          	jal	ra,b0aa <iprintf>
    4c02:	a001                	j	4c02 <tcp_recved+0x34>
    4c04:	355a                	lhu	a4,44(a0)
    4c06:	6785                	lui	a5,0x1
    4c08:	80078793          	addi	a5,a5,-2048 # 800 <__stack_size>
    4c0c:	95ba                	add	a1,a1,a4
    4c0e:	05c2                	slli	a1,a1,0x10
    4c10:	81c1                	srli	a1,a1,0x10
    4c12:	00b7e463          	bltu	a5,a1,4c1a <tcp_recved+0x4c>
    4c16:	00e5f363          	bgeu	a1,a4,4c1c <tcp_recved+0x4e>
    4c1a:	85be                	mv	a1,a5
    4c1c:	b44e                	sh	a1,44(s0)
    4c1e:	8522                	mv	a0,s0
    4c20:	f33ff0ef          	jal	ra,4b52 <tcp_update_rcv_ann_wnd>
    4c24:	1ff00793          	li	a5,511
    4c28:	faa7fce3          	bgeu	a5,a0,4be0 <tcp_recved+0x12>
    4c2c:	2c7e                	lhu	a5,30(s0)
    4c2e:	8522                	mv	a0,s0
    4c30:	0027e793          	ori	a5,a5,2
    4c34:	ac7e                	sh	a5,30(s0)
    4c36:	677020ef          	jal	ra,7aac <tcp_output>
    4c3a:	b75d                	j	4be0 <tcp_recved+0x12>

00004c3c <tcp_seg_free>:
    4c3c:	c10d                	beqz	a0,4c5e <tcp_seg_free+0x22>
    4c3e:	8d1fb2ef          	jal	t0,50e <__riscv_save_0>
    4c42:	85aa                	mv	a1,a0
    4c44:	4148                	lw	a0,4(a0)
    4c46:	1141                	addi	sp,sp,-16
    4c48:	c509                	beqz	a0,4c52 <tcp_seg_free+0x16>
    4c4a:	c62e                	sw	a1,12(sp)
    4c4c:	861ff0ef          	jal	ra,44ac <pbuf_free>
    4c50:	45b2                	lw	a1,12(sp)
    4c52:	450d                	li	a0,3
    4c54:	ba0ff0ef          	jal	ra,3ff4 <memp_free>
    4c58:	0141                	addi	sp,sp,16
    4c5a:	8d9fb06f          	j	532 <__riscv_restore_0>
    4c5e:	8082                	ret

00004c60 <tcp_segs_free>:
    4c60:	e111                	bnez	a0,4c64 <tcp_segs_free+0x4>
    4c62:	8082                	ret
    4c64:	8abfb2ef          	jal	t0,50e <__riscv_save_0>
    4c68:	4100                	lw	s0,0(a0)
    4c6a:	fd3ff0ef          	jal	ra,4c3c <tcp_seg_free>
    4c6e:	8522                	mv	a0,s0
    4c70:	fc65                	bnez	s0,4c68 <tcp_segs_free+0x8>
    4c72:	8c1fb06f          	j	532 <__riscv_restore_0>

00004c76 <tcp_seg_copy>:
    4c76:	899fb2ef          	jal	t0,50e <__riscv_save_0>
    4c7a:	1141                	addi	sp,sp,-16
    4c7c:	ed01                	bnez	a0,4c94 <tcp_seg_copy+0x1e>
    4c7e:	0000d5b7          	lui	a1,0xd
    4c82:	0000c537          	lui	a0,0xc
    4c86:	5e458593          	addi	a1,a1,1508 # d5e4 <tcp_pcb_lists+0x138>
    4c8a:	49050513          	addi	a0,a0,1168 # c490 <_read+0x150>
    4c8e:	41c060ef          	jal	ra,b0aa <iprintf>
    4c92:	a001                	j	4c92 <tcp_seg_copy+0x1c>
    4c94:	c62a                	sw	a0,12(sp)
    4c96:	450d                	li	a0,3
    4c98:	b2aff0ef          	jal	ra,3fc2 <memp_malloc>
    4c9c:	842a                	mv	s0,a0
    4c9e:	c901                	beqz	a0,4cae <tcp_seg_copy+0x38>
    4ca0:	45b2                	lw	a1,12(sp)
    4ca2:	4651                	li	a2,20
    4ca4:	354060ef          	jal	ra,aff8 <memcpy>
    4ca8:	4048                	lw	a0,4(s0)
    4caa:	ac7ff0ef          	jal	ra,4770 <pbuf_ref>
    4cae:	8522                	mv	a0,s0
    4cb0:	0141                	addi	sp,sp,16
    4cb2:	881fb06f          	j	532 <__riscv_restore_0>

00004cb6 <tcp_next_iss>:
    4cb6:	ed11                	bnez	a0,4cd2 <tcp_next_iss+0x1c>
    4cb8:	857fb2ef          	jal	t0,50e <__riscv_save_0>
    4cbc:	0000d5b7          	lui	a1,0xd
    4cc0:	0000c537          	lui	a0,0xc
    4cc4:	49058593          	addi	a1,a1,1168 # d490 <tcp_backoff+0xfc>
    4cc8:	49050513          	addi	a0,a0,1168 # c490 <_read+0x150>
    4ccc:	3de060ef          	jal	ra,b0aa <iprintf>
    4cd0:	a001                	j	4cd0 <tcp_next_iss+0x1a>
    4cd2:	80818793          	addi	a5,gp,-2040 # 20000088 <iss.4529>
    4cd6:	20000737          	lui	a4,0x20000
    4cda:	4388                	lw	a0,0(a5)
    4cdc:	16472703          	lw	a4,356(a4) # 20000164 <tcp_ticks>
    4ce0:	953a                	add	a0,a0,a4
    4ce2:	c388                	sw	a0,0(a5)
    4ce4:	8082                	ret

00004ce6 <tcp_eff_send_mss_netif>:
    4ce6:	ee11                	bnez	a2,4d02 <tcp_eff_send_mss_netif+0x1c>
    4ce8:	827fb2ef          	jal	t0,50e <__riscv_save_0>
    4cec:	0000d5b7          	lui	a1,0xd
    4cf0:	0000c537          	lui	a0,0xc
    4cf4:	42058593          	addi	a1,a1,1056 # d420 <tcp_backoff+0x8c>
    4cf8:	49050513          	addi	a0,a0,1168 # c490 <_read+0x150>
    4cfc:	3ae060ef          	jal	ra,b0aa <iprintf>
    4d00:	a001                	j	4d00 <tcp_eff_send_mss_netif+0x1a>
    4d02:	c19d                	beqz	a1,4d28 <tcp_eff_send_mss_netif+0x42>
    4d04:	31fe                	lhu	a5,38(a1)
    4d06:	c38d                	beqz	a5,4d28 <tcp_eff_send_mss_netif+0x42>
    4d08:	02800693          	li	a3,40
    4d0c:	4701                	li	a4,0
    4d0e:	00f6fa63          	bgeu	a3,a5,4d22 <tcp_eff_send_mss_netif+0x3c>
    4d12:	fd878793          	addi	a5,a5,-40
    4d16:	07c2                	slli	a5,a5,0x10
    4d18:	83c1                	srli	a5,a5,0x10
    4d1a:	873e                	mv	a4,a5
    4d1c:	00f57363          	bgeu	a0,a5,4d22 <tcp_eff_send_mss_netif+0x3c>
    4d20:	872a                	mv	a4,a0
    4d22:	01071513          	slli	a0,a4,0x10
    4d26:	8141                	srli	a0,a0,0x10
    4d28:	8082                	ret

00004d2a <tcp_free_ooseq>:
    4d2a:	5d3c                	lw	a5,120(a0)
    4d2c:	cb99                	beqz	a5,4d42 <tcp_free_ooseq+0x18>
    4d2e:	fe0fb2ef          	jal	t0,50e <__riscv_save_0>
    4d32:	842a                	mv	s0,a0
    4d34:	853e                	mv	a0,a5
    4d36:	f2bff0ef          	jal	ra,4c60 <tcp_segs_free>
    4d3a:	06042c23          	sw	zero,120(s0)
    4d3e:	ff4fb06f          	j	532 <__riscv_restore_0>
    4d42:	8082                	ret

00004d44 <tcp_pcb_purge>:
    4d44:	fcafb2ef          	jal	t0,50e <__riscv_save_0>
    4d48:	e909                	bnez	a0,4d5a <tcp_pcb_purge+0x16>
    4d4a:	0000d537          	lui	a0,0xd
    4d4e:	4bc50513          	addi	a0,a0,1212 # d4bc <tcp_pcb_lists+0x10>
    4d52:	358060ef          	jal	ra,b0aa <iprintf>
    4d56:	fdcfb06f          	j	532 <__riscv_restore_0>
    4d5a:	495c                	lw	a5,20(a0)
    4d5c:	4705                	li	a4,1
    4d5e:	842a                	mv	s0,a0
    4d60:	fef77be3          	bgeu	a4,a5,4d56 <tcp_pcb_purge+0x12>
    4d64:	4729                	li	a4,10
    4d66:	fee788e3          	beq	a5,a4,4d56 <tcp_pcb_purge+0x12>
    4d6a:	5d68                	lw	a0,124(a0)
    4d6c:	c509                	beqz	a0,4d76 <tcp_pcb_purge+0x32>
    4d6e:	f3eff0ef          	jal	ra,44ac <pbuf_free>
    4d72:	06042e23          	sw	zero,124(s0)
    4d76:	5c3c                	lw	a5,120(s0)
    4d78:	c781                	beqz	a5,4d80 <tcp_pcb_purge+0x3c>
    4d7a:	8522                	mv	a0,s0
    4d7c:	fafff0ef          	jal	ra,4d2a <tcp_free_ooseq>
    4d80:	5828                	lw	a0,112(s0)
    4d82:	57fd                	li	a5,-1
    4d84:	b85e                	sh	a5,52(s0)
    4d86:	edbff0ef          	jal	ra,4c60 <tcp_segs_free>
    4d8a:	5868                	lw	a0,116(s0)
    4d8c:	ed5ff0ef          	jal	ra,4c60 <tcp_segs_free>
    4d90:	06042823          	sw	zero,112(s0)
    4d94:	06042a23          	sw	zero,116(s0)
    4d98:	06041623          	sh	zero,108(s0)
    4d9c:	bf6d                	j	4d56 <tcp_pcb_purge+0x12>

00004d9e <tcp_pcb_remove>:
    4d9e:	f70fb2ef          	jal	t0,50e <__riscv_save_0>
    4da2:	ed81                	bnez	a1,4dba <tcp_pcb_remove+0x1c>
    4da4:	0000d5b7          	lui	a1,0xd
    4da8:	0000c537          	lui	a0,0xc
    4dac:	4d858593          	addi	a1,a1,1240 # d4d8 <tcp_pcb_lists+0x2c>
    4db0:	49050513          	addi	a0,a0,1168 # c490 <_read+0x150>
    4db4:	2f6060ef          	jal	ra,b0aa <iprintf>
    4db8:	a001                	j	4db8 <tcp_pcb_remove+0x1a>
    4dba:	ed01                	bnez	a0,4dd2 <tcp_pcb_remove+0x34>
    4dbc:	0000d5b7          	lui	a1,0xd
    4dc0:	0000c537          	lui	a0,0xc
    4dc4:	4f458593          	addi	a1,a1,1268 # d4f4 <tcp_pcb_lists+0x48>
    4dc8:	49050513          	addi	a0,a0,1168 # c490 <_read+0x150>
    4dcc:	2de060ef          	jal	ra,b0aa <iprintf>
    4dd0:	a001                	j	4dd0 <tcp_pcb_remove+0x32>
    4dd2:	411c                	lw	a5,0(a0)
    4dd4:	842e                	mv	s0,a1
    4dd6:	02f59d63          	bne	a1,a5,4e10 <tcp_pcb_remove+0x72>
    4dda:	45dc                	lw	a5,12(a1)
    4ddc:	c11c                	sw	a5,0(a0)
    4dde:	00042623          	sw	zero,12(s0)
    4de2:	8522                	mv	a0,s0
    4de4:	f61ff0ef          	jal	ra,4d44 <tcp_pcb_purge>
    4de8:	485c                	lw	a5,20(s0)
    4dea:	4729                	li	a4,10
    4dec:	02e79963          	bne	a5,a4,4e1e <tcp_pcb_remove+0x80>
    4df0:	583c                	lw	a5,112(s0)
    4df2:	efa1                	bnez	a5,4e4a <tcp_pcb_remove+0xac>
    4df4:	587c                	lw	a5,116(s0)
    4df6:	c7ad                	beqz	a5,4e60 <tcp_pcb_remove+0xc2>
    4df8:	0000d5b7          	lui	a1,0xd
    4dfc:	0000c537          	lui	a0,0xc
    4e00:	52c58593          	addi	a1,a1,1324 # d52c <tcp_pcb_lists+0x80>
    4e04:	49050513          	addi	a0,a0,1168 # c490 <_read+0x150>
    4e08:	2a2060ef          	jal	ra,b0aa <iprintf>
    4e0c:	a001                	j	4e0c <tcp_pcb_remove+0x6e>
    4e0e:	87ba                	mv	a5,a4
    4e10:	d7f9                	beqz	a5,4dde <tcp_pcb_remove+0x40>
    4e12:	47d8                	lw	a4,12(a5)
    4e14:	fee41de3          	bne	s0,a4,4e0e <tcp_pcb_remove+0x70>
    4e18:	4458                	lw	a4,12(s0)
    4e1a:	c7d8                	sw	a4,12(a5)
    4e1c:	b7c9                	j	4dde <tcp_pcb_remove+0x40>
    4e1e:	4485                	li	s1,1
    4e20:	00978f63          	beq	a5,s1,4e3e <tcp_pcb_remove+0xa0>
    4e24:	2c7e                	lhu	a5,30(s0)
    4e26:	0017f713          	andi	a4,a5,1
    4e2a:	d379                	beqz	a4,4df0 <tcp_pcb_remove+0x52>
    4e2c:	0027e793          	ori	a5,a5,2
    4e30:	ac7e                	sh	a5,30(s0)
    4e32:	8522                	mv	a0,s0
    4e34:	479020ef          	jal	ra,7aac <tcp_output>
    4e38:	485c                	lw	a5,20(s0)
    4e3a:	fa979be3          	bne	a5,s1,4df0 <tcp_pcb_remove+0x52>
    4e3e:	00042a23          	sw	zero,20(s0)
    4e42:	00041d23          	sh	zero,26(s0)
    4e46:	eecfb06f          	j	532 <__riscv_restore_0>
    4e4a:	0000d5b7          	lui	a1,0xd
    4e4e:	0000c537          	lui	a0,0xc
    4e52:	51458593          	addi	a1,a1,1300 # d514 <tcp_pcb_lists+0x68>
    4e56:	49050513          	addi	a0,a0,1168 # c490 <_read+0x150>
    4e5a:	250060ef          	jal	ra,b0aa <iprintf>
    4e5e:	a001                	j	4e5e <tcp_pcb_remove+0xc0>
    4e60:	5c3c                	lw	a5,120(s0)
    4e62:	dff1                	beqz	a5,4e3e <tcp_pcb_remove+0xa0>
    4e64:	0000d5b7          	lui	a1,0xd
    4e68:	0000c537          	lui	a0,0xc
    4e6c:	54858593          	addi	a1,a1,1352 # d548 <tcp_pcb_lists+0x9c>
    4e70:	49050513          	addi	a0,a0,1168 # c490 <_read+0x150>
    4e74:	236060ef          	jal	ra,b0aa <iprintf>
    4e78:	a001                	j	4e78 <tcp_pcb_remove+0xda>

00004e7a <tcp_abandon>:
    4e7a:	e6cfb2ef          	jal	t0,4e6 <__riscv_save_10>
    4e7e:	e909                	bnez	a0,4e90 <tcp_abandon+0x16>
    4e80:	0000d537          	lui	a0,0xd
    4e84:	34450513          	addi	a0,a0,836 # d344 <memp_pools+0x538>
    4e88:	222060ef          	jal	ra,b0aa <iprintf>
    4e8c:	e92fb06f          	j	51e <__riscv_restore_10>
    4e90:	495c                	lw	a5,20(a0)
    4e92:	4b85                	li	s7,1
    4e94:	842a                	mv	s0,a0
    4e96:	01779d63          	bne	a5,s7,4eb0 <tcp_abandon+0x36>
    4e9a:	0000d5b7          	lui	a1,0xd
    4e9e:	0000c537          	lui	a0,0xc
    4ea2:	36058593          	addi	a1,a1,864 # d360 <memp_pools+0x554>
    4ea6:	49050513          	addi	a0,a0,1168 # c490 <_read+0x150>
    4eaa:	200060ef          	jal	ra,b0aa <iprintf>
    4eae:	a001                	j	4eae <tcp_abandon+0x34>
    4eb0:	4729                	li	a4,10
    4eb2:	00e79d63          	bne	a5,a4,4ecc <tcp_abandon+0x52>
    4eb6:	85aa                	mv	a1,a0
    4eb8:	20000537          	lui	a0,0x20000
    4ebc:	16c50513          	addi	a0,a0,364 # 2000016c <tcp_tw_pcbs>
    4ec0:	edfff0ef          	jal	ra,4d9e <tcp_pcb_remove>
    4ec4:	8522                	mv	a0,s0
    4ec6:	c5fff0ef          	jal	ra,4b24 <tcp_free>
    4eca:	b7c9                	j	4e8c <tcp_abandon+0x12>
    4ecc:	05452a83          	lw	s5,84(a0)
    4ed0:	02852b03          	lw	s6,40(a0)
    4ed4:	09452983          	lw	s3,148(a0)
    4ed8:	01052a03          	lw	s4,16(a0)
    4edc:	2d26                	lhu	s1,26(a0)
    4ede:	ebb5                	bnez	a5,4f52 <tcp_abandon+0xd8>
    4ee0:	4901                	li	s2,0
    4ee2:	cc91                	beqz	s1,4efe <tcp_abandon+0x84>
    4ee4:	20000737          	lui	a4,0x20000
    4ee8:	15c70713          	addi	a4,a4,348 # 2000015c <tcp_bound_pcbs>
    4eec:	431c                	lw	a5,0(a4)
    4eee:	04a79b63          	bne	a5,a0,4f44 <tcp_abandon+0xca>
    4ef2:	455c                	lw	a5,12(a0)
    4ef4:	c31c                	sw	a5,0(a4)
    4ef6:	00042623          	sw	zero,12(s0)
    4efa:	4481                	li	s1,0
    4efc:	4901                	li	s2,0
    4efe:	5868                	lw	a0,116(s0)
    4f00:	c119                	beqz	a0,4f06 <tcp_abandon+0x8c>
    4f02:	d5fff0ef          	jal	ra,4c60 <tcp_segs_free>
    4f06:	5828                	lw	a0,112(s0)
    4f08:	c119                	beqz	a0,4f0e <tcp_abandon+0x94>
    4f0a:	d57ff0ef          	jal	ra,4c60 <tcp_segs_free>
    4f0e:	5c28                	lw	a0,120(s0)
    4f10:	c119                	beqz	a0,4f16 <tcp_abandon+0x9c>
    4f12:	d4fff0ef          	jal	ra,4c60 <tcp_segs_free>
    4f16:	00090d63          	beqz	s2,4f30 <tcp_abandon+0xb6>
    4f1a:	01c45803          	lhu	a6,28(s0)
    4f1e:	87a6                	mv	a5,s1
    4f20:	00440713          	addi	a4,s0,4
    4f24:	86a2                	mv	a3,s0
    4f26:	865a                	mv	a2,s6
    4f28:	85d6                	mv	a1,s5
    4f2a:	8522                	mv	a0,s0
    4f2c:	2a7020ef          	jal	ra,79d2 <tcp_rst>
    4f30:	8522                	mv	a0,s0
    4f32:	bf3ff0ef          	jal	ra,4b24 <tcp_free>
    4f36:	f4098be3          	beqz	s3,4e8c <tcp_abandon+0x12>
    4f3a:	55cd                	li	a1,-13
    4f3c:	8552                	mv	a0,s4
    4f3e:	9982                	jalr	s3
    4f40:	b7b1                	j	4e8c <tcp_abandon+0x12>
    4f42:	87ba                	mv	a5,a4
    4f44:	dbcd                	beqz	a5,4ef6 <tcp_abandon+0x7c>
    4f46:	47d8                	lw	a4,12(a5)
    4f48:	fe871de3          	bne	a4,s0,4f42 <tcp_abandon+0xc8>
    4f4c:	4458                	lw	a4,12(s0)
    4f4e:	c7d8                	sw	a4,12(a5)
    4f50:	b75d                	j	4ef6 <tcp_abandon+0x7c>
    4f52:	892e                	mv	s2,a1
    4f54:	85aa                	mv	a1,a0
    4f56:	20000537          	lui	a0,0x20000
    4f5a:	15450513          	addi	a0,a0,340 # 20000154 <tcp_active_pcbs>
    4f5e:	e41ff0ef          	jal	ra,4d9e <tcp_pcb_remove>
    4f62:	200007b7          	lui	a5,0x20000
    4f66:	15778c23          	sb	s7,344(a5) # 20000158 <tcp_active_pcbs_changed>
    4f6a:	bf51                	j	4efe <tcp_abandon+0x84>

00004f6c <tcp_abort>:
    4f6c:	da2fb2ef          	jal	t0,50e <__riscv_save_0>
    4f70:	4585                	li	a1,1
    4f72:	f09ff0ef          	jal	ra,4e7a <tcp_abandon>
    4f76:	dbcfb06f          	j	532 <__riscv_restore_0>

00004f7a <tcp_netif_ip_addr_changed_pcblist>:
    4f7a:	d94fb2ef          	jal	t0,50e <__riscv_save_0>
    4f7e:	842a                	mv	s0,a0
    4f80:	e50d                	bnez	a0,4faa <tcp_netif_ip_addr_changed_pcblist+0x30>
    4f82:	0000d5b7          	lui	a1,0xd
    4f86:	0000c537          	lui	a0,0xc
    4f8a:	45c58593          	addi	a1,a1,1116 # d45c <tcp_backoff+0xc8>
    4f8e:	49050513          	addi	a0,a0,1168 # c490 <_read+0x150>
    4f92:	118060ef          	jal	ra,b0aa <iprintf>
    4f96:	a001                	j	4f96 <tcp_netif_ip_addr_changed_pcblist+0x1c>
    4f98:	4198                	lw	a4,0(a1)
    4f9a:	401c                	lw	a5,0(s0)
    4f9c:	45c4                	lw	s1,12(a1)
    4f9e:	00f71563          	bne	a4,a5,4fa8 <tcp_netif_ip_addr_changed_pcblist+0x2e>
    4fa2:	852e                	mv	a0,a1
    4fa4:	fc9ff0ef          	jal	ra,4f6c <tcp_abort>
    4fa8:	85a6                	mv	a1,s1
    4faa:	f5fd                	bnez	a1,4f98 <tcp_netif_ip_addr_changed_pcblist+0x1e>
    4fac:	d86fb06f          	j	532 <__riscv_restore_0>

00004fb0 <tcp_netif_ip_addr_changed>:
    4fb0:	c531                	beqz	a0,4ffc <tcp_netif_ip_addr_changed+0x4c>
    4fb2:	d5cfb2ef          	jal	t0,50e <__riscv_save_0>
    4fb6:	4118                	lw	a4,0(a0)
    4fb8:	842a                	mv	s0,a0
    4fba:	c71d                	beqz	a4,4fe8 <tcp_netif_ip_addr_changed+0x38>
    4fbc:	200007b7          	lui	a5,0x20000
    4fc0:	84ae                	mv	s1,a1
    4fc2:	1547a583          	lw	a1,340(a5) # 20000154 <tcp_active_pcbs>
    4fc6:	fb5ff0ef          	jal	ra,4f7a <tcp_netif_ip_addr_changed_pcblist>
    4fca:	200007b7          	lui	a5,0x20000
    4fce:	15c7a583          	lw	a1,348(a5) # 2000015c <tcp_bound_pcbs>
    4fd2:	8522                	mv	a0,s0
    4fd4:	fa7ff0ef          	jal	ra,4f7a <tcp_netif_ip_addr_changed_pcblist>
    4fd8:	c881                	beqz	s1,4fe8 <tcp_netif_ip_addr_changed+0x38>
    4fda:	409c                	lw	a5,0(s1)
    4fdc:	c791                	beqz	a5,4fe8 <tcp_netif_ip_addr_changed+0x38>
    4fde:	200007b7          	lui	a5,0x20000
    4fe2:	1607a783          	lw	a5,352(a5) # 20000160 <tcp_listen_pcbs>
    4fe6:	e399                	bnez	a5,4fec <tcp_netif_ip_addr_changed+0x3c>
    4fe8:	d4afb06f          	j	532 <__riscv_restore_0>
    4fec:	4394                	lw	a3,0(a5)
    4fee:	4018                	lw	a4,0(s0)
    4ff0:	00e69463          	bne	a3,a4,4ff8 <tcp_netif_ip_addr_changed+0x48>
    4ff4:	4098                	lw	a4,0(s1)
    4ff6:	c398                	sw	a4,0(a5)
    4ff8:	47dc                	lw	a5,12(a5)
    4ffa:	b7f5                	j	4fe6 <tcp_netif_ip_addr_changed+0x36>
    4ffc:	8082                	ret

00004ffe <tcp_kill_state>:
    4ffe:	200007b7          	lui	a5,0x20000
    5002:	20000737          	lui	a4,0x20000
    5006:	1547a783          	lw	a5,340(a5) # 20000154 <tcp_active_pcbs>
    500a:	16472583          	lw	a1,356(a4) # 20000164 <tcp_ticks>
    500e:	4601                	li	a2,0
    5010:	4681                	li	a3,0
    5012:	eb91                	bnez	a5,5026 <tcp_kill_state+0x28>
    5014:	c68d                	beqz	a3,503e <tcp_kill_state+0x40>
    5016:	cf8fb2ef          	jal	t0,50e <__riscv_save_0>
    501a:	4581                	li	a1,0
    501c:	8536                	mv	a0,a3
    501e:	e5dff0ef          	jal	ra,4e7a <tcp_abandon>
    5022:	d10fb06f          	j	532 <__riscv_restore_0>
    5026:	4bd8                	lw	a4,20(a5)
    5028:	00a71963          	bne	a4,a0,503a <tcp_kill_state+0x3c>
    502c:	53d8                	lw	a4,36(a5)
    502e:	40e58733          	sub	a4,a1,a4
    5032:	00c76463          	bltu	a4,a2,503a <tcp_kill_state+0x3c>
    5036:	863a                	mv	a2,a4
    5038:	86be                	mv	a3,a5
    503a:	47dc                	lw	a5,12(a5)
    503c:	bfd9                	j	5012 <tcp_kill_state+0x14>
    503e:	8082                	ret

00005040 <tcp_alloc>:
    5040:	ccefb2ef          	jal	t0,50e <__riscv_save_0>
    5044:	842a                	mv	s0,a0
    5046:	4505                	li	a0,1
    5048:	f7bfe0ef          	jal	ra,3fc2 <memp_malloc>
    504c:	87aa                	mv	a5,a0
    504e:	e92d                	bnez	a0,50c0 <tcp_alloc+0x80>
    5050:	20000937          	lui	s2,0x20000
    5054:	15492503          	lw	a0,340(s2) # 20000154 <tcp_active_pcbs>
    5058:	15490913          	addi	s2,s2,340
    505c:	ed69                	bnez	a0,5136 <tcp_alloc+0xf6>
    505e:	200007b7          	lui	a5,0x20000
    5062:	16c7a783          	lw	a5,364(a5) # 2000016c <tcp_tw_pcbs>
    5066:	200004b7          	lui	s1,0x20000
    506a:	1644a603          	lw	a2,356(s1) # 20000164 <tcp_ticks>
    506e:	4681                	li	a3,0
    5070:	16448493          	addi	s1,s1,356
    5074:	0c079c63          	bnez	a5,514c <tcp_alloc+0x10c>
    5078:	c119                	beqz	a0,507e <tcp_alloc+0x3e>
    507a:	ef3ff0ef          	jal	ra,4f6c <tcp_abort>
    507e:	4505                	li	a0,1
    5080:	f43fe0ef          	jal	ra,3fc2 <memp_malloc>
    5084:	87aa                	mv	a5,a0
    5086:	ed0d                	bnez	a0,50c0 <tcp_alloc+0x80>
    5088:	4525                	li	a0,9
    508a:	f75ff0ef          	jal	ra,4ffe <tcp_kill_state>
    508e:	4505                	li	a0,1
    5090:	f33fe0ef          	jal	ra,3fc2 <memp_malloc>
    5094:	87aa                	mv	a5,a0
    5096:	e50d                	bnez	a0,50c0 <tcp_alloc+0x80>
    5098:	4521                	li	a0,8
    509a:	f65ff0ef          	jal	ra,4ffe <tcp_kill_state>
    509e:	4505                	li	a0,1
    50a0:	f23fe0ef          	jal	ra,3fc2 <memp_malloc>
    50a4:	87aa                	mv	a5,a0
    50a6:	ed09                	bnez	a0,50c0 <tcp_alloc+0x80>
    50a8:	01841713          	slli	a4,s0,0x18
    50ac:	8761                	srai	a4,a4,0x18
    50ae:	0a074863          	bltz	a4,515e <tcp_alloc+0x11e>
    50b2:	8722                	mv	a4,s0
    50b4:	e45d                	bnez	s0,5162 <tcp_alloc+0x122>
    50b6:	4505                	li	a0,1
    50b8:	f0bfe0ef          	jal	ra,3fc2 <memp_malloc>
    50bc:	87aa                	mv	a5,a0
    50be:	c92d                	beqz	a0,5130 <tcp_alloc+0xf0>
    50c0:	853e                	mv	a0,a5
    50c2:	0a000613          	li	a2,160
    50c6:	4581                	li	a1,0
    50c8:	c76fb0ef          	jal	ra,53e <memset>
    50cc:	6705                	lui	a4,0x1
    50ce:	80070713          	addi	a4,a4,-2048 # 800 <__stack_size>
    50d2:	06e51423          	sh	a4,104(a0)
    50d6:	08001737          	lui	a4,0x8001
    50da:	80070713          	addi	a4,a4,-2048 # 8000800 <_data_lma+0x7ff22e8>
    50de:	d558                	sw	a4,44(a0)
    50e0:	577d                	li	a4,-1
    50e2:	b538                	sb	a4,11(a0)
    50e4:	4719                	li	a4,6
    50e6:	04e51223          	sh	a4,68(a0)
    50ea:	04e51123          	sh	a4,66(a0)
    50ee:	02010737          	lui	a4,0x2010
    50f2:	177d                	addi	a4,a4,-1
    50f4:	d958                	sw	a4,52(a0)
    50f6:	20000737          	lui	a4,0x20000
    50fa:	16472703          	lw	a4,356(a4) # 20000164 <tcp_ticks>
    50fe:	87aa                	mv	a5,a0
    5100:	ad00                	sb	s0,24(a0)
    5102:	d158                	sw	a4,36(a0)
    5104:	20000737          	lui	a4,0x20000
    5108:	16974703          	lbu	a4,361(a4) # 20000169 <tcp_timer_ctr>
    510c:	02e50123          	sb	a4,34(a0)
    5110:	08000737          	lui	a4,0x8000
    5114:	0705                	addi	a4,a4,1
    5116:	c578                	sw	a4,76(a0)
    5118:	00005737          	lui	a4,0x5
    511c:	34070713          	addi	a4,a4,832 # 5340 <tcp_recv_null>
    5120:	08e52423          	sw	a4,136(a0)
    5124:	006de737          	lui	a4,0x6de
    5128:	d0070713          	addi	a4,a4,-768 # 6ddd00 <_data_lma+0x6cf7e8>
    512c:	08e52c23          	sw	a4,152(a0)
    5130:	853e                	mv	a0,a5
    5132:	c00fb06f          	j	532 <__riscv_restore_0>
    5136:	2d7e                	lhu	a5,30(a0)
    5138:	4544                	lw	s1,12(a0)
    513a:	0087f713          	andi	a4,a5,8
    513e:	c709                	beqz	a4,5148 <tcp_alloc+0x108>
    5140:	9bdd                	andi	a5,a5,-9
    5142:	ad7e                	sh	a5,30(a0)
    5144:	95fff0ef          	jal	ra,4aa2 <tcp_close_shutdown_fin>
    5148:	8526                	mv	a0,s1
    514a:	bf09                	j	505c <tcp_alloc+0x1c>
    514c:	53d8                	lw	a4,36(a5)
    514e:	40e60733          	sub	a4,a2,a4
    5152:	00d76463          	bltu	a4,a3,515a <tcp_alloc+0x11a>
    5156:	86ba                	mv	a3,a4
    5158:	853e                	mv	a0,a5
    515a:	47dc                	lw	a5,12(a5)
    515c:	bf21                	j	5074 <tcp_alloc+0x34>
    515e:	07f00713          	li	a4,127
    5162:	00092683          	lw	a3,0(s2)
    5166:	0004a803          	lw	a6,0(s1)
    516a:	177d                	addi	a4,a4,-1
    516c:	0ff77713          	andi	a4,a4,255
    5170:	4601                	li	a2,0
    5172:	e691                	bnez	a3,517e <tcp_alloc+0x13e>
    5174:	d3a9                	beqz	a5,50b6 <tcp_alloc+0x76>
    5176:	853e                	mv	a0,a5
    5178:	df5ff0ef          	jal	ra,4f6c <tcp_abort>
    517c:	bf2d                	j	50b6 <tcp_alloc+0x76>
    517e:	2e8c                	lbu	a1,24(a3)
    5180:	00e5e963          	bltu	a1,a4,5192 <tcp_alloc+0x152>
    5184:	00e59c63          	bne	a1,a4,519c <tcp_alloc+0x15c>
    5188:	52c8                	lw	a0,36(a3)
    518a:	40a80533          	sub	a0,a6,a0
    518e:	00c56763          	bltu	a0,a2,519c <tcp_alloc+0x15c>
    5192:	52d0                	lw	a2,36(a3)
    5194:	872e                	mv	a4,a1
    5196:	87b6                	mv	a5,a3
    5198:	40c80633          	sub	a2,a6,a2
    519c:	46d4                	lw	a3,12(a3)
    519e:	bfd1                	j	5172 <tcp_alloc+0x132>

000051a0 <tcp_close_shutdown>:
    51a0:	b6efb2ef          	jal	t0,50e <__riscv_save_0>
    51a4:	ed01                	bnez	a0,51bc <tcp_close_shutdown+0x1c>
    51a6:	0000d5b7          	lui	a1,0xd
    51aa:	0000c537          	lui	a0,0xc
    51ae:	3bc58593          	addi	a1,a1,956 # d3bc <tcp_backoff+0x28>
    51b2:	49050513          	addi	a0,a0,1168 # c490 <_read+0x150>
    51b6:	6f5050ef          	jal	ra,b0aa <iprintf>
    51ba:	a001                	j	51ba <tcp_close_shutdown+0x1a>
    51bc:	842a                	mv	s0,a0
    51be:	495c                	lw	a5,20(a0)
    51c0:	c9d1                	beqz	a1,5254 <tcp_close_shutdown+0xb4>
    51c2:	4711                	li	a4,4
    51c4:	00e78563          	beq	a5,a4,51ce <tcp_close_shutdown+0x2e>
    51c8:	471d                	li	a4,7
    51ca:	08e79563          	bne	a5,a4,5254 <tcp_close_shutdown+0xb4>
    51ce:	5c78                	lw	a4,124(s0)
    51d0:	e709                	bnez	a4,51da <tcp_close_shutdown+0x3a>
    51d2:	345a                	lhu	a4,44(s0)
    51d4:	80070713          	addi	a4,a4,-2048
    51d8:	cf35                	beqz	a4,5254 <tcp_close_shutdown+0xb4>
    51da:	2c7e                	lhu	a5,30(s0)
    51dc:	8bc1                	andi	a5,a5,16
    51de:	ef81                	bnez	a5,51f6 <tcp_close_shutdown+0x56>
    51e0:	0000d5b7          	lui	a1,0xd
    51e4:	0000c537          	lui	a0,0xc
    51e8:	3dc58593          	addi	a1,a1,988 # d3dc <tcp_backoff+0x48>
    51ec:	49050513          	addi	a0,a0,1168 # c490 <_read+0x150>
    51f0:	6bb050ef          	jal	ra,b0aa <iprintf>
    51f4:	a001                	j	51f4 <tcp_close_shutdown+0x54>
    51f6:	2c3e                	lhu	a5,26(s0)
    51f8:	01c45803          	lhu	a6,28(s0)
    51fc:	5410                	lw	a2,40(s0)
    51fe:	486c                	lw	a1,84(s0)
    5200:	00440713          	addi	a4,s0,4
    5204:	86a2                	mv	a3,s0
    5206:	8522                	mv	a0,s0
    5208:	7ca020ef          	jal	ra,79d2 <tcp_rst>
    520c:	8522                	mv	a0,s0
    520e:	b37ff0ef          	jal	ra,4d44 <tcp_pcb_purge>
    5212:	20000737          	lui	a4,0x20000
    5216:	15470713          	addi	a4,a4,340 # 20000154 <tcp_active_pcbs>
    521a:	431c                	lw	a5,0(a4)
    521c:	02879563          	bne	a5,s0,5246 <tcp_close_shutdown+0xa6>
    5220:	445c                	lw	a5,12(s0)
    5222:	c31c                	sw	a5,0(a4)
    5224:	200007b7          	lui	a5,0x20000
    5228:	4705                	li	a4,1
    522a:	14e78c23          	sb	a4,344(a5) # 20000158 <tcp_active_pcbs_changed>
    522e:	9041a783          	lw	a5,-1788(gp) # 20000184 <tcp_input_pcb>
    5232:	00042623          	sw	zero,12(s0)
    5236:	04879763          	bne	a5,s0,5284 <tcp_close_shutdown+0xe4>
    523a:	74d010ef          	jal	ra,7186 <tcp_trigger_input_pcb_close>
    523e:	4501                	li	a0,0
    5240:	af2fb06f          	j	532 <__riscv_restore_0>
    5244:	87ba                	mv	a5,a4
    5246:	dff9                	beqz	a5,5224 <tcp_close_shutdown+0x84>
    5248:	47d8                	lw	a4,12(a5)
    524a:	fe871de3          	bne	a4,s0,5244 <tcp_close_shutdown+0xa4>
    524e:	4458                	lw	a4,12(s0)
    5250:	c7d8                	sw	a4,12(a5)
    5252:	bfc9                	j	5224 <tcp_close_shutdown+0x84>
    5254:	4485                	li	s1,1
    5256:	04978363          	beq	a5,s1,529c <tcp_close_shutdown+0xfc>
    525a:	cb81                	beqz	a5,526a <tcp_close_shutdown+0xca>
    525c:	4709                	li	a4,2
    525e:	08e78d63          	beq	a5,a4,52f8 <tcp_close_shutdown+0x158>
    5262:	8522                	mv	a0,s0
    5264:	83fff0ef          	jal	ra,4aa2 <tcp_close_shutdown_fin>
    5268:	bfe1                	j	5240 <tcp_close_shutdown+0xa0>
    526a:	2c3e                	lhu	a5,26(s0)
    526c:	cf81                	beqz	a5,5284 <tcp_close_shutdown+0xe4>
    526e:	20000737          	lui	a4,0x20000
    5272:	15c70713          	addi	a4,a4,348 # 2000015c <tcp_bound_pcbs>
    5276:	431c                	lw	a5,0(a4)
    5278:	00879b63          	bne	a5,s0,528e <tcp_close_shutdown+0xee>
    527c:	445c                	lw	a5,12(s0)
    527e:	c31c                	sw	a5,0(a4)
    5280:	00042623          	sw	zero,12(s0)
    5284:	8522                	mv	a0,s0
    5286:	89fff0ef          	jal	ra,4b24 <tcp_free>
    528a:	bf55                	j	523e <tcp_close_shutdown+0x9e>
    528c:	87ba                	mv	a5,a4
    528e:	dbed                	beqz	a5,5280 <tcp_close_shutdown+0xe0>
    5290:	47d8                	lw	a4,12(a5)
    5292:	fe871de3          	bne	a4,s0,528c <tcp_close_shutdown+0xec>
    5296:	4458                	lw	a4,12(s0)
    5298:	c7d8                	sw	a4,12(a5)
    529a:	b7dd                	j	5280 <tcp_close_shutdown+0xe0>
    529c:	67b5                	lui	a5,0xd
    529e:	4ac78793          	addi	a5,a5,1196 # d4ac <tcp_pcb_lists>
    52a2:	00c78693          	addi	a3,a5,12
    52a6:	43d8                	lw	a4,4(a5)
    52a8:	4318                	lw	a4,0(a4)
    52aa:	eb15                	bnez	a4,52de <tcp_close_shutdown+0x13e>
    52ac:	0791                	addi	a5,a5,4
    52ae:	fed79ce3          	bne	a5,a3,52a6 <tcp_close_shutdown+0x106>
    52b2:	20000537          	lui	a0,0x20000
    52b6:	85a2                	mv	a1,s0
    52b8:	16050513          	addi	a0,a0,352 # 20000160 <tcp_listen_pcbs>
    52bc:	ae3ff0ef          	jal	ra,4d9e <tcp_pcb_remove>
    52c0:	4858                	lw	a4,20(s0)
    52c2:	4785                	li	a5,1
    52c4:	02f71563          	bne	a4,a5,52ee <tcp_close_shutdown+0x14e>
    52c8:	0000d5b7          	lui	a1,0xd
    52cc:	0000c537          	lui	a0,0xc
    52d0:	3f858593          	addi	a1,a1,1016 # d3f8 <tcp_backoff+0x64>
    52d4:	49050513          	addi	a0,a0,1168 # c490 <_read+0x150>
    52d8:	5d3050ef          	jal	ra,b0aa <iprintf>
    52dc:	a001                	j	52dc <tcp_close_shutdown+0x13c>
    52de:	08072603          	lw	a2,128(a4)
    52e2:	00c41463          	bne	s0,a2,52ea <tcp_close_shutdown+0x14a>
    52e6:	08072023          	sw	zero,128(a4)
    52ea:	4758                	lw	a4,12(a4)
    52ec:	bf7d                	j	52aa <tcp_close_shutdown+0x10a>
    52ee:	85a2                	mv	a1,s0
    52f0:	4509                	li	a0,2
    52f2:	d03fe0ef          	jal	ra,3ff4 <memp_free>
    52f6:	b7a1                	j	523e <tcp_close_shutdown+0x9e>
    52f8:	20000537          	lui	a0,0x20000
    52fc:	85a2                	mv	a1,s0
    52fe:	15450513          	addi	a0,a0,340 # 20000154 <tcp_active_pcbs>
    5302:	a9dff0ef          	jal	ra,4d9e <tcp_pcb_remove>
    5306:	200007b7          	lui	a5,0x20000
    530a:	14978c23          	sb	s1,344(a5) # 20000158 <tcp_active_pcbs_changed>
    530e:	bf9d                	j	5284 <tcp_close_shutdown+0xe4>

00005310 <tcp_close>:
    5310:	9fefb2ef          	jal	t0,50e <__riscv_save_0>
    5314:	e911                	bnez	a0,5328 <tcp_close+0x18>
    5316:	0000d537          	lui	a0,0xd
    531a:	3a450513          	addi	a0,a0,932 # d3a4 <tcp_backoff+0x10>
    531e:	58d050ef          	jal	ra,b0aa <iprintf>
    5322:	5541                	li	a0,-16
    5324:	a0efb06f          	j	532 <__riscv_restore_0>
    5328:	4958                	lw	a4,20(a0)
    532a:	4785                	li	a5,1
    532c:	00f70663          	beq	a4,a5,5338 <tcp_close+0x28>
    5330:	2d7e                	lhu	a5,30(a0)
    5332:	0107e793          	ori	a5,a5,16
    5336:	ad7e                	sh	a5,30(a0)
    5338:	4585                	li	a1,1
    533a:	e67ff0ef          	jal	ra,51a0 <tcp_close_shutdown>
    533e:	b7dd                	j	5324 <tcp_close+0x14>

00005340 <tcp_recv_null>:
    5340:	9cefb2ef          	jal	t0,50e <__riscv_save_0>
    5344:	1141                	addi	sp,sp,-16
    5346:	ed81                	bnez	a1,535e <tcp_recv_null+0x1e>
    5348:	0000d537          	lui	a0,0xd
    534c:	58850513          	addi	a0,a0,1416 # d588 <tcp_pcb_lists+0xdc>
    5350:	55b050ef          	jal	ra,b0aa <iprintf>
    5354:	57c1                	li	a5,-16
    5356:	853e                	mv	a0,a5
    5358:	0141                	addi	sp,sp,16
    535a:	9d8fb06f          	j	532 <__riscv_restore_0>
    535e:	852e                	mv	a0,a1
    5360:	ca19                	beqz	a2,5376 <tcp_recv_null+0x36>
    5362:	260e                	lhu	a1,8(a2)
    5364:	c632                	sw	a2,12(sp)
    5366:	869ff0ef          	jal	ra,4bce <tcp_recved>
    536a:	4632                	lw	a2,12(sp)
    536c:	8532                	mv	a0,a2
    536e:	93eff0ef          	jal	ra,44ac <pbuf_free>
    5372:	4781                	li	a5,0
    5374:	b7cd                	j	5356 <tcp_recv_null+0x16>
    5376:	4781                	li	a5,0
    5378:	fef9                	bnez	a3,5356 <tcp_recv_null+0x16>
    537a:	f97ff0ef          	jal	ra,5310 <tcp_close>
    537e:	87aa                	mv	a5,a0
    5380:	bfd9                	j	5356 <tcp_recv_null+0x16>

00005382 <tcp_process_refused_data>:
    5382:	972fb2ef          	jal	t0,4f4 <__riscv_save_4>
    5386:	e919                	bnez	a0,539c <tcp_process_refused_data+0x1a>
    5388:	0000d537          	lui	a0,0xd
    538c:	56050513          	addi	a0,a0,1376 # d560 <tcp_pcb_lists+0xb4>
    5390:	51b050ef          	jal	ra,b0aa <iprintf>
    5394:	54c1                	li	s1,-16
    5396:	8526                	mv	a0,s1
    5398:	990fb06f          	j	528 <__riscv_restore_4>
    539c:	07c52903          	lw	s2,124(a0)
    53a0:	08852783          	lw	a5,136(a0)
    53a4:	842a                	mv	s0,a0
    53a6:	00d94983          	lbu	s3,13(s2)
    53aa:	06052e23          	sw	zero,124(a0)
    53ae:	4681                	li	a3,0
    53b0:	864a                	mv	a2,s2
    53b2:	85aa                	mv	a1,a0
    53b4:	cf85                	beqz	a5,53ec <tcp_process_refused_data+0x6a>
    53b6:	4908                	lw	a0,16(a0)
    53b8:	9782                	jalr	a5
    53ba:	84aa                	mv	s1,a0
    53bc:	ed05                	bnez	a0,53f4 <tcp_process_refused_data+0x72>
    53be:	0209f993          	andi	s3,s3,32
    53c2:	fc098ae3          	beqz	s3,5396 <tcp_process_refused_data+0x14>
    53c6:	345e                	lhu	a5,44(s0)
    53c8:	80078713          	addi	a4,a5,-2048
    53cc:	c319                	beqz	a4,53d2 <tcp_process_refused_data+0x50>
    53ce:	0785                	addi	a5,a5,1
    53d0:	b45e                	sh	a5,44(s0)
    53d2:	08842783          	lw	a5,136(s0)
    53d6:	d3e1                	beqz	a5,5396 <tcp_process_refused_data+0x14>
    53d8:	4808                	lw	a0,16(s0)
    53da:	4681                	li	a3,0
    53dc:	4601                	li	a2,0
    53de:	85a2                	mv	a1,s0
    53e0:	9782                	jalr	a5
    53e2:	57cd                	li	a5,-13
    53e4:	faf519e3          	bne	a0,a5,5396 <tcp_process_refused_data+0x14>
    53e8:	54cd                	li	s1,-13
    53ea:	b775                	j	5396 <tcp_process_refused_data+0x14>
    53ec:	4501                	li	a0,0
    53ee:	f53ff0ef          	jal	ra,5340 <tcp_recv_null>
    53f2:	b7e1                	j	53ba <tcp_process_refused_data+0x38>
    53f4:	57cd                	li	a5,-13
    53f6:	fef509e3          	beq	a0,a5,53e8 <tcp_process_refused_data+0x66>
    53fa:	07242e23          	sw	s2,124(s0)
    53fe:	54ed                	li	s1,-5
    5400:	bf59                	j	5396 <tcp_process_refused_data+0x14>

00005402 <tcp_fasttmr>:
    5402:	8f2fb2ef          	jal	t0,4f4 <__riscv_save_4>
    5406:	200004b7          	lui	s1,0x20000
    540a:	16948713          	addi	a4,s1,361 # 20000169 <tcp_timer_ctr>
    540e:	231c                	lbu	a5,0(a4)
    5410:	16948493          	addi	s1,s1,361
    5414:	20000a37          	lui	s4,0x20000
    5418:	0785                	addi	a5,a5,1
    541a:	a31c                	sb	a5,0(a4)
    541c:	20000ab7          	lui	s5,0x20000
    5420:	154a2403          	lw	s0,340(s4) # 20000154 <tcp_active_pcbs>
    5424:	e019                	bnez	s0,542a <tcp_fasttmr+0x28>
    5426:	902fb06f          	j	528 <__riscv_restore_4>
    542a:	209c                	lbu	a5,0(s1)
    542c:	02244703          	lbu	a4,34(s0)
    5430:	04f70a63          	beq	a4,a5,5484 <tcp_fasttmr+0x82>
    5434:	02f40123          	sb	a5,34(s0)
    5438:	2c7e                	lhu	a5,30(s0)
    543a:	0017f713          	andi	a4,a5,1
    543e:	cb11                	beqz	a4,5452 <tcp_fasttmr+0x50>
    5440:	0027e793          	ori	a5,a5,2
    5444:	ac7e                	sh	a5,30(s0)
    5446:	8522                	mv	a0,s0
    5448:	664020ef          	jal	ra,7aac <tcp_output>
    544c:	2c7e                	lhu	a5,30(s0)
    544e:	9bf1                	andi	a5,a5,-4
    5450:	ac7e                	sh	a5,30(s0)
    5452:	2c7e                	lhu	a5,30(s0)
    5454:	0087f713          	andi	a4,a5,8
    5458:	c711                	beqz	a4,5464 <tcp_fasttmr+0x62>
    545a:	9bdd                	andi	a5,a5,-9
    545c:	ac7e                	sh	a5,30(s0)
    545e:	8522                	mv	a0,s0
    5460:	e42ff0ef          	jal	ra,4aa2 <tcp_close_shutdown_fin>
    5464:	5c7c                	lw	a5,124(s0)
    5466:	00c42903          	lw	s2,12(s0)
    546a:	cb99                	beqz	a5,5480 <tcp_fasttmr+0x7e>
    546c:	158a8993          	addi	s3,s5,344 # 20000158 <tcp_active_pcbs_changed>
    5470:	8522                	mv	a0,s0
    5472:	00098023          	sb	zero,0(s3)
    5476:	f0dff0ef          	jal	ra,5382 <tcp_process_refused_data>
    547a:	0009c783          	lbu	a5,0(s3)
    547e:	f3cd                	bnez	a5,5420 <tcp_fasttmr+0x1e>
    5480:	844a                	mv	s0,s2
    5482:	b74d                	j	5424 <tcp_fasttmr+0x22>
    5484:	00c42903          	lw	s2,12(s0)
    5488:	bfe5                	j	5480 <tcp_fasttmr+0x7e>

0000548a <tcp_slowtmr>:
    548a:	854fb2ef          	jal	t0,4de <__riscv_save_12>
    548e:	20000937          	lui	s2,0x20000
    5492:	16490713          	addi	a4,s2,356 # 20000164 <tcp_ticks>
    5496:	431c                	lw	a5,0(a4)
    5498:	20000ab7          	lui	s5,0x20000
    549c:	6bb5                	lui	s7,0xd
    549e:	0785                	addi	a5,a5,1
    54a0:	c31c                	sw	a5,0(a4)
    54a2:	169a8713          	addi	a4,s5,361 # 20000169 <tcp_timer_ctr>
    54a6:	231c                	lbu	a5,0(a4)
    54a8:	1141                	addi	sp,sp,-16
    54aa:	0785                	addi	a5,a5,1
    54ac:	a31c                	sb	a5,0(a4)
    54ae:	16490913          	addi	s2,s2,356
    54b2:	169a8a93          	addi	s5,s5,361
    54b6:	20000cb7          	lui	s9,0x20000
    54ba:	394b8b93          	addi	s7,s7,916 # d394 <tcp_backoff>
    54be:	83c18c13          	addi	s8,gp,-1988 # 200000bc <tcp_persist_backoff>
    54c2:	200009b7          	lui	s3,0x20000
    54c6:	000a5b37          	lui	s6,0xa5
    54ca:	1549a403          	lw	s0,340(s3) # 20000154 <tcp_active_pcbs>
    54ce:	4a01                	li	s4,0
    54d0:	15498993          	addi	s3,s3,340
    54d4:	4d05                	li	s10,1
    54d6:	cb8b0b13          	addi	s6,s6,-840 # a4cb8 <_data_lma+0x967a0>
    54da:	ec19                	bnez	s0,54f8 <tcp_slowtmr+0x6e>
    54dc:	200009b7          	lui	s3,0x20000
    54e0:	16c9a483          	lw	s1,364(s3) # 2000016c <tcp_tw_pcbs>
    54e4:	4a29                	li	s4,10
    54e6:	16c98993          	addi	s3,s3,364
    54ea:	0f000a93          	li	s5,240
    54ee:	38049963          	bnez	s1,5880 <tcp_slowtmr+0x3f6>
    54f2:	0141                	addi	sp,sp,16
    54f4:	826fb06f          	j	51a <__riscv_restore_12>
    54f8:	485c                	lw	a5,20(s0)
    54fa:	ef81                	bnez	a5,5512 <tcp_slowtmr+0x88>
    54fc:	0000d5b7          	lui	a1,0xd
    5500:	0000c537          	lui	a0,0xc
    5504:	60058593          	addi	a1,a1,1536 # d600 <tcp_pcb_lists+0x154>
    5508:	49050513          	addi	a0,a0,1168 # c490 <_read+0x150>
    550c:	39f050ef          	jal	ra,b0aa <iprintf>
    5510:	a001                	j	5510 <tcp_slowtmr+0x86>
    5512:	01a79d63          	bne	a5,s10,552c <tcp_slowtmr+0xa2>
    5516:	0000d5b7          	lui	a1,0xd
    551a:	0000c537          	lui	a0,0xc
    551e:	62c58593          	addi	a1,a1,1580 # d62c <tcp_pcb_lists+0x180>
    5522:	49050513          	addi	a0,a0,1168 # c490 <_read+0x150>
    5526:	385050ef          	jal	ra,b0aa <iprintf>
    552a:	a001                	j	552a <tcp_slowtmr+0xa0>
    552c:	4729                	li	a4,10
    552e:	00e79d63          	bne	a5,a4,5548 <tcp_slowtmr+0xbe>
    5532:	0000d5b7          	lui	a1,0xd
    5536:	0000c537          	lui	a0,0xc
    553a:	65858593          	addi	a1,a1,1624 # d658 <tcp_pcb_lists+0x1ac>
    553e:	49050513          	addi	a0,a0,1168 # c490 <_read+0x150>
    5542:	369050ef          	jal	ra,b0aa <iprintf>
    5546:	a001                	j	5546 <tcp_slowtmr+0xbc>
    5548:	000ac703          	lbu	a4,0(s5)
    554c:	02244683          	lbu	a3,34(s0)
    5550:	00e69763          	bne	a3,a4,555e <tcp_slowtmr+0xd4>
    5554:	00c42d83          	lw	s11,12(s0)
    5558:	8a22                	mv	s4,s0
    555a:	846e                	mv	s0,s11
    555c:	bfbd                	j	54da <tcp_slowtmr+0x50>
    555e:	02e40123          	sb	a4,34(s0)
    5562:	4689                	li	a3,2
    5564:	04644703          	lbu	a4,70(s0)
    5568:	00d79563          	bne	a5,a3,5572 <tcp_slowtmr+0xe8>
    556c:	4795                	li	a5,5
    556e:	20e7ec63          	bltu	a5,a4,5786 <tcp_slowtmr+0x2fc>
    5572:	478d                	li	a5,3
    5574:	20e7e963          	bltu	a5,a4,5786 <tcp_slowtmr+0x2fc>
    5578:	09d44483          	lbu	s1,157(s0)
    557c:	14048c63          	beqz	s1,56d4 <tcp_slowtmr+0x24a>
    5580:	5878                	lw	a4,116(s0)
    5582:	cf01                	beqz	a4,559a <tcp_slowtmr+0x110>
    5584:	0000d5b7          	lui	a1,0xd
    5588:	0000c537          	lui	a0,0xc
    558c:	68858593          	addi	a1,a1,1672 # d688 <tcp_pcb_lists+0x1dc>
    5590:	49050513          	addi	a0,a0,1168 # c490 <_read+0x150>
    5594:	317050ef          	jal	ra,b0aa <iprintf>
    5598:	a001                	j	5598 <tcp_slowtmr+0x10e>
    559a:	5838                	lw	a4,112(s0)
    559c:	ef01                	bnez	a4,55b4 <tcp_slowtmr+0x12a>
    559e:	0000d5b7          	lui	a1,0xd
    55a2:	0000c537          	lui	a0,0xc
    55a6:	6bc58593          	addi	a1,a1,1724 # d6bc <tcp_pcb_lists+0x210>
    55aa:	49050513          	addi	a0,a0,1168 # c490 <_read+0x150>
    55ae:	2fd050ef          	jal	ra,b0aa <iprintf>
    55b2:	a001                	j	55b2 <tcp_slowtmr+0x128>
    55b4:	09e44703          	lbu	a4,158(s0)
    55b8:	1ce7e763          	bltu	a5,a4,5786 <tcp_slowtmr+0x2fc>
    55bc:	94e2                	add	s1,s1,s8
    55be:	fff4c703          	lbu	a4,-1(s1)
    55c2:	09c44783          	lbu	a5,156(s0)
    55c6:	00e7ee63          	bltu	a5,a4,55e2 <tcp_slowtmr+0x158>
    55ca:	06445583          	lhu	a1,100(s0)
    55ce:	c5e5                	beqz	a1,56b6 <tcp_slowtmr+0x22c>
    55d0:	8522                	mv	a0,s0
    55d2:	6c1010ef          	jal	ra,7492 <tcp_split_unsent_seg>
    55d6:	e565                	bnez	a0,56be <tcp_slowtmr+0x234>
    55d8:	8522                	mv	a0,s0
    55da:	4d2020ef          	jal	ra,7aac <tcp_output>
    55de:	c909                	beqz	a0,55f0 <tcp_slowtmr+0x166>
    55e0:	a8f9                	j	56be <tcp_slowtmr+0x234>
    55e2:	0785                	addi	a5,a5,1
    55e4:	0ff7f793          	andi	a5,a5,255
    55e8:	08f40e23          	sb	a5,156(s0)
    55ec:	fce7ffe3          	bgeu	a5,a4,55ca <tcp_slowtmr+0x140>
    55f0:	4481                	li	s1,0
    55f2:	485c                	lw	a5,20(s0)
    55f4:	4719                	li	a4,6
    55f6:	02e79063          	bne	a5,a4,5616 <tcp_slowtmr+0x18c>
    55fa:	2c7a                	lhu	a4,30(s0)
    55fc:	8b41                	andi	a4,a4,16
    55fe:	cf01                	beqz	a4,5616 <tcp_slowtmr+0x18c>
    5600:	5054                	lw	a3,36(s0)
    5602:	00092703          	lw	a4,0(s2)
    5606:	8f15                	sub	a4,a4,a3
    5608:	02800693          	li	a3,40
    560c:	00e6f563          	bgeu	a3,a4,5616 <tcp_slowtmr+0x18c>
    5610:	0485                	addi	s1,s1,1
    5612:	0ff4f493          	andi	s1,s1,255
    5616:	3418                	lbu	a4,9(s0)
    5618:	4d81                	li	s11,0
    561a:	8b21                	andi	a4,a4,8
    561c:	cb0d                	beqz	a4,564e <tcp_slowtmr+0x1c4>
    561e:	4711                	li	a4,4
    5620:	00e78563          	beq	a5,a4,562a <tcp_slowtmr+0x1a0>
    5624:	471d                	li	a4,7
    5626:	02e79463          	bne	a5,a4,564e <tcp_slowtmr+0x1c4>
    562a:	09842583          	lw	a1,152(s0)
    562e:	1f400613          	li	a2,500
    5632:	00092703          	lw	a4,0(s2)
    5636:	016586b3          	add	a3,a1,s6
    563a:	02c6d6b3          	divu	a3,a3,a2
    563e:	505c                	lw	a5,36(s0)
    5640:	8f1d                	sub	a4,a4,a5
    5642:	14e6f463          	bgeu	a3,a4,578a <tcp_slowtmr+0x300>
    5646:	0485                	addi	s1,s1,1
    5648:	0ff4f493          	andi	s1,s1,255
    564c:	4d85                	li	s11,1
    564e:	5c3c                	lw	a5,120(s0)
    5650:	cf99                	beqz	a5,566e <tcp_slowtmr+0x1e4>
    5652:	505c                	lw	a5,36(s0)
    5654:	00092703          	lw	a4,0(s2)
    5658:	4699                	li	a3,6
    565a:	8f1d                	sub	a4,a4,a5
    565c:	04441783          	lh	a5,68(s0)
    5660:	02d787b3          	mul	a5,a5,a3
    5664:	00f76563          	bltu	a4,a5,566e <tcp_slowtmr+0x1e4>
    5668:	8522                	mv	a0,s0
    566a:	ec0ff0ef          	jal	ra,4d2a <tcp_free_ooseq>
    566e:	485c                	lw	a5,20(s0)
    5670:	470d                	li	a4,3
    5672:	14e79463          	bne	a5,a4,57ba <tcp_slowtmr+0x330>
    5676:	5058                	lw	a4,36(s0)
    5678:	00092783          	lw	a5,0(s2)
    567c:	8f99                	sub	a5,a5,a4
    567e:	02800713          	li	a4,40
    5682:	00f76463          	bltu	a4,a5,568a <tcp_slowtmr+0x200>
    5686:	1a048a63          	beqz	s1,583a <tcp_slowtmr+0x3b0>
    568a:	8522                	mv	a0,s0
    568c:	09442483          	lw	s1,148(s0)
    5690:	eb4ff0ef          	jal	ra,4d44 <tcp_pcb_purge>
    5694:	0009a783          	lw	a5,0(s3)
    5698:	180a0063          	beqz	s4,5818 <tcp_slowtmr+0x38e>
    569c:	12f41963          	bne	s0,a5,57ce <tcp_slowtmr+0x344>
    56a0:	0000d5b7          	lui	a1,0xd
    56a4:	0000c537          	lui	a0,0xc
    56a8:	6f458593          	addi	a1,a1,1780 # d6f4 <tcp_pcb_lists+0x248>
    56ac:	49050513          	addi	a0,a0,1168 # c490 <_read+0x150>
    56b0:	1fb050ef          	jal	ra,b0aa <iprintf>
    56b4:	a001                	j	56b4 <tcp_slowtmr+0x22a>
    56b6:	8522                	mv	a0,s0
    56b8:	0cf020ef          	jal	ra,7f86 <tcp_zero_window_probe>
    56bc:	f915                	bnez	a0,55f0 <tcp_slowtmr+0x166>
    56be:	09d44783          	lbu	a5,157(s0)
    56c2:	08040e23          	sb	zero,156(s0)
    56c6:	4719                	li	a4,6
    56c8:	f2f764e3          	bltu	a4,a5,55f0 <tcp_slowtmr+0x166>
    56cc:	0785                	addi	a5,a5,1
    56ce:	08f40ea3          	sb	a5,157(s0)
    56d2:	bf39                	j	55f0 <tcp_slowtmr+0x166>
    56d4:	03441783          	lh	a5,52(s0)
    56d8:	0a07c063          	bltz	a5,5778 <tcp_slowtmr+0x2ee>
    56dc:	6721                	lui	a4,0x8
    56de:	177d                	addi	a4,a4,-1
    56e0:	08e79a63          	bne	a5,a4,5774 <tcp_slowtmr+0x2ea>
    56e4:	8522                	mv	a0,s0
    56e6:	11a020ef          	jal	ra,7800 <tcp_rexmit_rto_prepare>
    56ea:	c519                	beqz	a0,56f8 <tcp_slowtmr+0x26e>
    56ec:	587c                	lw	a5,116(s0)
    56ee:	f00791e3          	bnez	a5,55f0 <tcp_slowtmr+0x166>
    56f2:	583c                	lw	a5,112(s0)
    56f4:	ee078ee3          	beqz	a5,55f0 <tcp_slowtmr+0x166>
    56f8:	4858                	lw	a4,20(s0)
    56fa:	4789                	li	a5,2
    56fc:	02f70d63          	beq	a4,a5,5736 <tcp_slowtmr+0x2ac>
    5700:	04041783          	lh	a5,64(s0)
    5704:	04241703          	lh	a4,66(s0)
    5708:	46b1                	li	a3,12
    570a:	878d                	srai	a5,a5,0x3
    570c:	97ba                	add	a5,a5,a4
    570e:	04644703          	lbu	a4,70(s0)
    5712:	00e6f363          	bgeu	a3,a4,5718 <tcp_slowtmr+0x28e>
    5716:	4731                	li	a4,12
    5718:	0ff77713          	andi	a4,a4,255
    571c:	975e                	add	a4,a4,s7
    571e:	2318                	lbu	a4,0(a4)
    5720:	00e797b3          	sll	a5,a5,a4
    5724:	6721                	lui	a4,0x8
    5726:	ffe70693          	addi	a3,a4,-2 # 7ffe <tcp_zero_window_probe+0x78>
    572a:	00f6d463          	bge	a3,a5,5732 <tcp_slowtmr+0x2a8>
    572e:	fff70793          	addi	a5,a4,-1
    5732:	04f41223          	sh	a5,68(s0)
    5736:	04c45703          	lhu	a4,76(s0)
    573a:	06445783          	lhu	a5,100(s0)
    573e:	02041a23          	sh	zero,52(s0)
    5742:	00f77363          	bgeu	a4,a5,5748 <tcp_slowtmr+0x2be>
    5746:	87ba                	mv	a5,a4
    5748:	3876                	lhu	a3,54(s0)
    574a:	07c2                	slli	a5,a5,0x10
    574c:	83c1                	srli	a5,a5,0x10
    574e:	00169713          	slli	a4,a3,0x1
    5752:	8385                	srli	a5,a5,0x1
    5754:	0742                	slli	a4,a4,0x10
    5756:	04f41723          	sh	a5,78(s0)
    575a:	8341                	srli	a4,a4,0x10
    575c:	00e7f463          	bgeu	a5,a4,5764 <tcp_slowtmr+0x2da>
    5760:	04e41723          	sh	a4,78(s0)
    5764:	04d41623          	sh	a3,76(s0)
    5768:	06041723          	sh	zero,110(s0)
    576c:	8522                	mv	a0,s0
    576e:	760020ef          	jal	ra,7ece <tcp_rexmit_rto_commit>
    5772:	b541                	j	55f2 <tcp_slowtmr+0x168>
    5774:	0785                	addi	a5,a5,1
    5776:	b85e                	sh	a5,52(s0)
    5778:	03441703          	lh	a4,52(s0)
    577c:	04441783          	lh	a5,68(s0)
    5780:	e6f748e3          	blt	a4,a5,55f0 <tcp_slowtmr+0x166>
    5784:	b785                	j	56e4 <tcp_slowtmr+0x25a>
    5786:	4485                	li	s1,1
    5788:	b5ad                	j	55f2 <tcp_slowtmr+0x168>
    578a:	09f44783          	lbu	a5,159(s0)
    578e:	66c9                	lui	a3,0x12
    5790:	4f868693          	addi	a3,a3,1272 # 124f8 <_data_lma+0x3fe0>
    5794:	02d787b3          	mul	a5,a5,a3
    5798:	4d81                	li	s11,0
    579a:	97ae                	add	a5,a5,a1
    579c:	02c7d7b3          	divu	a5,a5,a2
    57a0:	eae7f7e3          	bgeu	a5,a4,564e <tcp_slowtmr+0x1c4>
    57a4:	8522                	mv	a0,s0
    57a6:	78c020ef          	jal	ra,7f32 <tcp_keepalive>
    57aa:	ea0512e3          	bnez	a0,564e <tcp_slowtmr+0x1c4>
    57ae:	09f44783          	lbu	a5,159(s0)
    57b2:	0785                	addi	a5,a5,1
    57b4:	08f40fa3          	sb	a5,159(s0)
    57b8:	bd59                	j	564e <tcp_slowtmr+0x1c4>
    57ba:	4725                	li	a4,9
    57bc:	ece795e3          	bne	a5,a4,5686 <tcp_slowtmr+0x1fc>
    57c0:	5058                	lw	a4,36(s0)
    57c2:	00092783          	lw	a5,0(s2)
    57c6:	8f99                	sub	a5,a5,a4
    57c8:	0f000713          	li	a4,240
    57cc:	bd5d                	j	5682 <tcp_slowtmr+0x1f8>
    57ce:	445c                	lw	a5,12(s0)
    57d0:	00fa2623          	sw	a5,12(s4)
    57d4:	000d8d63          	beqz	s11,57ee <tcp_slowtmr+0x364>
    57d8:	01c45803          	lhu	a6,28(s0)
    57dc:	2c3e                	lhu	a5,26(s0)
    57de:	5410                	lw	a2,40(s0)
    57e0:	486c                	lw	a1,84(s0)
    57e2:	00440713          	addi	a4,s0,4
    57e6:	86a2                	mv	a3,s0
    57e8:	8522                	mv	a0,s0
    57ea:	1e8020ef          	jal	ra,79d2 <tcp_rst>
    57ee:	481c                	lw	a5,16(s0)
    57f0:	00c42d83          	lw	s11,12(s0)
    57f4:	8522                	mv	a0,s0
    57f6:	158c8413          	addi	s0,s9,344 # 20000158 <tcp_active_pcbs_changed>
    57fa:	c63e                	sw	a5,12(sp)
    57fc:	b28ff0ef          	jal	ra,4b24 <tcp_free>
    5800:	00040023          	sb	zero,0(s0)
    5804:	c881                	beqz	s1,5814 <tcp_slowtmr+0x38a>
    5806:	47b2                	lw	a5,12(sp)
    5808:	55cd                	li	a1,-13
    580a:	853e                	mv	a0,a5
    580c:	9482                	jalr	s1
    580e:	201c                	lbu	a5,0(s0)
    5810:	ca0799e3          	bnez	a5,54c2 <tcp_slowtmr+0x38>
    5814:	8452                	mv	s0,s4
    5816:	b389                	j	5558 <tcp_slowtmr+0xce>
    5818:	00f40d63          	beq	s0,a5,5832 <tcp_slowtmr+0x3a8>
    581c:	0000d5b7          	lui	a1,0xd
    5820:	0000c537          	lui	a0,0xc
    5824:	72058593          	addi	a1,a1,1824 # d720 <tcp_pcb_lists+0x274>
    5828:	49050513          	addi	a0,a0,1168 # c490 <_read+0x150>
    582c:	07f050ef          	jal	ra,b0aa <iprintf>
    5830:	a001                	j	5830 <tcp_slowtmr+0x3a6>
    5832:	445c                	lw	a5,12(s0)
    5834:	00f9a023          	sw	a5,0(s3)
    5838:	bf71                	j	57d4 <tcp_slowtmr+0x34a>
    583a:	02044783          	lbu	a5,32(s0)
    583e:	02144703          	lbu	a4,33(s0)
    5842:	00c42d83          	lw	s11,12(s0)
    5846:	0785                	addi	a5,a5,1
    5848:	0ff7f793          	andi	a5,a5,255
    584c:	02f40023          	sb	a5,32(s0)
    5850:	d0e7e4e3          	bltu	a5,a4,5558 <tcp_slowtmr+0xce>
    5854:	09042783          	lw	a5,144(s0)
    5858:	158c8493          	addi	s1,s9,344
    585c:	02040023          	sb	zero,32(s0)
    5860:	00048023          	sb	zero,0(s1)
    5864:	e789                	bnez	a5,586e <tcp_slowtmr+0x3e4>
    5866:	8522                	mv	a0,s0
    5868:	244020ef          	jal	ra,7aac <tcp_output>
    586c:	b1f5                	j	5558 <tcp_slowtmr+0xce>
    586e:	4808                	lw	a0,16(s0)
    5870:	85a2                	mv	a1,s0
    5872:	9782                	jalr	a5
    5874:	209c                	lbu	a5,0(s1)
    5876:	c40796e3          	bnez	a5,54c2 <tcp_slowtmr+0x38>
    587a:	cc051fe3          	bnez	a0,5558 <tcp_slowtmr+0xce>
    587e:	b7e5                	j	5866 <tcp_slowtmr+0x3dc>
    5880:	48dc                	lw	a5,20(s1)
    5882:	01478d63          	beq	a5,s4,589c <tcp_slowtmr+0x412>
    5886:	0000d5b7          	lui	a1,0xd
    588a:	0000c537          	lui	a0,0xc
    588e:	74c58593          	addi	a1,a1,1868 # d74c <tcp_pcb_lists+0x2a0>
    5892:	49050513          	addi	a0,a0,1168 # c490 <_read+0x150>
    5896:	015050ef          	jal	ra,b0aa <iprintf>
    589a:	a001                	j	589a <tcp_slowtmr+0x410>
    589c:	00092783          	lw	a5,0(s2)
    58a0:	50d8                	lw	a4,36(s1)
    58a2:	8f99                	sub	a5,a5,a4
    58a4:	02faf563          	bgeu	s5,a5,58ce <tcp_slowtmr+0x444>
    58a8:	8526                	mv	a0,s1
    58aa:	c9aff0ef          	jal	ra,4d44 <tcp_pcb_purge>
    58ae:	e01d                	bnez	s0,58d4 <tcp_slowtmr+0x44a>
    58b0:	0009a783          	lw	a5,0(s3)
    58b4:	04f48863          	beq	s1,a5,5904 <tcp_slowtmr+0x47a>
    58b8:	0000d5b7          	lui	a1,0xd
    58bc:	0000c537          	lui	a0,0xc
    58c0:	7a458593          	addi	a1,a1,1956 # d7a4 <tcp_pcb_lists+0x2f8>
    58c4:	49050513          	addi	a0,a0,1168 # c490 <_read+0x150>
    58c8:	7e2050ef          	jal	ra,b0aa <iprintf>
    58cc:	a001                	j	58cc <tcp_slowtmr+0x442>
    58ce:	8426                	mv	s0,s1
    58d0:	44c4                	lw	s1,12(s1)
    58d2:	b931                	j	54ee <tcp_slowtmr+0x64>
    58d4:	0009a783          	lw	a5,0(s3)
    58d8:	00f49d63          	bne	s1,a5,58f2 <tcp_slowtmr+0x468>
    58dc:	0000d5b7          	lui	a1,0xd
    58e0:	0000c537          	lui	a0,0xc
    58e4:	77c58593          	addi	a1,a1,1916 # d77c <tcp_pcb_lists+0x2d0>
    58e8:	49050513          	addi	a0,a0,1168 # c490 <_read+0x150>
    58ec:	7be050ef          	jal	ra,b0aa <iprintf>
    58f0:	a001                	j	58f0 <tcp_slowtmr+0x466>
    58f2:	44dc                	lw	a5,12(s1)
    58f4:	c45c                	sw	a5,12(s0)
    58f6:	00c4ab03          	lw	s6,12(s1)
    58fa:	8526                	mv	a0,s1
    58fc:	a28ff0ef          	jal	ra,4b24 <tcp_free>
    5900:	84da                	mv	s1,s6
    5902:	b6f5                	j	54ee <tcp_slowtmr+0x64>
    5904:	44dc                	lw	a5,12(s1)
    5906:	00f9a023          	sw	a5,0(s3)
    590a:	b7f5                	j	58f6 <tcp_slowtmr+0x46c>

0000590c <tcp_tmr>:
    590c:	c03fa2ef          	jal	t0,50e <__riscv_save_0>
    5910:	af3ff0ef          	jal	ra,5402 <tcp_fasttmr>
    5914:	20000737          	lui	a4,0x20000
    5918:	16870713          	addi	a4,a4,360 # 20000168 <tcp_timer>
    591c:	231c                	lbu	a5,0(a4)
    591e:	0785                	addi	a5,a5,1
    5920:	0ff7f793          	andi	a5,a5,255
    5924:	a31c                	sb	a5,0(a4)
    5926:	8b85                	andi	a5,a5,1
    5928:	c399                	beqz	a5,592e <tcp_tmr+0x22>
    592a:	b61ff0ef          	jal	ra,548a <tcp_slowtmr>
    592e:	c05fa06f          	j	532 <__riscv_restore_0>

00005932 <tcp_get_next_optbyte>:
    5932:	90818713          	addi	a4,gp,-1784 # 20000188 <tcp_optidx>
    5936:	231e                	lhu	a5,0(a4)
    5938:	00178693          	addi	a3,a5,1
    593c:	a316                	sh	a3,0(a4)
    593e:	9141a703          	lw	a4,-1772(gp) # 20000194 <tcphdr_opt2>
    5942:	c709                	beqz	a4,594c <tcp_get_next_optbyte+0x1a>
    5944:	9101d683          	lhu	a3,-1776(gp) # 20000190 <tcphdr_opt1len>
    5948:	00d7f763          	bgeu	a5,a3,5956 <tcp_get_next_optbyte+0x24>
    594c:	90c1a703          	lw	a4,-1780(gp) # 2000018c <tcphdr>
    5950:	97ba                	add	a5,a5,a4
    5952:	2bc8                	lbu	a0,20(a5)
    5954:	8082                	ret
    5956:	8f95                	sub	a5,a5,a3
    5958:	0ff7f793          	andi	a5,a5,255
    595c:	97ba                	add	a5,a5,a4
    595e:	2388                	lbu	a0,0(a5)
    5960:	8082                	ret

00005962 <tcp_oos_insert_segment>:
    5962:	b93fa2ef          	jal	t0,4f4 <__riscv_save_4>
    5966:	ed01                	bnez	a0,597e <tcp_oos_insert_segment+0x1c>
    5968:	0000e5b7          	lui	a1,0xe
    596c:	0000c537          	lui	a0,0xc
    5970:	a7c58593          	addi	a1,a1,-1412 # da7c <tcp_pcb_lists+0x5d0>
    5974:	49050513          	addi	a0,a0,1168 # c490 <_read+0x150>
    5978:	732050ef          	jal	ra,b0aa <iprintf>
    597c:	a001                	j	597c <tcp_oos_insert_segment+0x1a>
    597e:	491c                	lw	a5,16(a0)
    5980:	84aa                	mv	s1,a0
    5982:	892e                	mv	s2,a1
    5984:	27c8                	lbu	a0,12(a5)
    5986:	37dc                	lbu	a5,13(a5)
    5988:	07a2                	slli	a5,a5,0x8
    598a:	8d5d                	or	a0,a0,a5
    598c:	ed5fd0ef          	jal	ra,3860 <lwip_htons>
    5990:	8905                	andi	a0,a0,1
    5992:	e529                	bnez	a0,59dc <tcp_oos_insert_segment+0x7a>
    5994:	04090863          	beqz	s2,59e4 <tcp_oos_insert_segment+0x82>
    5998:	01092703          	lw	a4,16(s2)
    599c:	9001a603          	lw	a2,-1792(gp) # 20000180 <seqno>
    59a0:	249e                	lhu	a5,8(s1)
    59a2:	3354                	lbu	a3,5(a4)
    59a4:	234c                	lbu	a1,4(a4)
    59a6:	97b2                	add	a5,a5,a2
    59a8:	06a2                	slli	a3,a3,0x8
    59aa:	8dd5                	or	a1,a1,a3
    59ac:	2374                	lbu	a3,6(a4)
    59ae:	06c2                	slli	a3,a3,0x10
    59b0:	8ecd                	or	a3,a3,a1
    59b2:	336c                	lbu	a1,7(a4)
    59b4:	05e2                	slli	a1,a1,0x18
    59b6:	8dd5                	or	a1,a1,a3
    59b8:	00895683          	lhu	a3,8(s2)
    59bc:	96ae                	add	a3,a3,a1
    59be:	40d786b3          	sub	a3,a5,a3
    59c2:	0206d563          	bgez	a3,59ec <tcp_oos_insert_segment+0x8a>
    59c6:	8f8d                	sub	a5,a5,a1
    59c8:	00f05e63          	blez	a5,59e4 <tcp_oos_insert_segment+0x82>
    59cc:	8d91                	sub	a1,a1,a2
    59ce:	05c2                	slli	a1,a1,0x10
    59d0:	40c8                	lw	a0,4(s1)
    59d2:	81c1                	srli	a1,a1,0x10
    59d4:	a48e                	sh	a1,8(s1)
    59d6:	cebfe0ef          	jal	ra,46c0 <pbuf_realloc>
    59da:	a029                	j	59e4 <tcp_oos_insert_segment+0x82>
    59dc:	854a                	mv	a0,s2
    59de:	a82ff0ef          	jal	ra,4c60 <tcp_segs_free>
    59e2:	4901                	li	s2,0
    59e4:	0124a023          	sw	s2,0(s1)
    59e8:	b41fa06f          	j	528 <__riscv_restore_4>
    59ec:	375c                	lbu	a5,13(a4)
    59ee:	2748                	lbu	a0,12(a4)
    59f0:	07a2                	slli	a5,a5,0x8
    59f2:	8d5d                	or	a0,a0,a5
    59f4:	e6dfd0ef          	jal	ra,3860 <lwip_htons>
    59f8:	8905                	andi	a0,a0,1
    59fa:	c105                	beqz	a0,5a1a <tcp_oos_insert_segment+0xb8>
    59fc:	489c                	lw	a5,16(s1)
    59fe:	37c0                	lbu	s0,13(a5)
    5a00:	27c8                	lbu	a0,12(a5)
    5a02:	0422                	slli	s0,s0,0x8
    5a04:	8c49                	or	s0,s0,a0
    5a06:	4505                	li	a0,1
    5a08:	e59fd0ef          	jal	ra,3860 <lwip_htons>
    5a0c:	489c                	lw	a5,16(s1)
    5a0e:	8d41                	or	a0,a0,s0
    5a10:	0542                	slli	a0,a0,0x10
    5a12:	8141                	srli	a0,a0,0x10
    5a14:	a7c8                	sb	a0,12(a5)
    5a16:	8121                	srli	a0,a0,0x8
    5a18:	b7c8                	sb	a0,13(a5)
    5a1a:	00092403          	lw	s0,0(s2)
    5a1e:	854a                	mv	a0,s2
    5a20:	a1cff0ef          	jal	ra,4c3c <tcp_seg_free>
    5a24:	8922                	mv	s2,s0
    5a26:	b7bd                	j	5994 <tcp_oos_insert_segment+0x32>

00005a28 <tcp_parseopt>:
    5a28:	abffa2ef          	jal	t0,4e6 <__riscv_save_10>
    5a2c:	ed01                	bnez	a0,5a44 <tcp_parseopt+0x1c>
    5a2e:	0000e5b7          	lui	a1,0xe
    5a32:	0000c537          	lui	a0,0xc
    5a36:	aa458593          	addi	a1,a1,-1372 # daa4 <tcp_pcb_lists+0x5f8>
    5a3a:	49050513          	addi	a0,a0,1168 # c490 <_read+0x150>
    5a3e:	66c050ef          	jal	ra,b0aa <iprintf>
    5a42:	a001                	j	5a42 <tcp_parseopt+0x1a>
    5a44:	9181d903          	lhu	s2,-1768(gp) # 20000198 <tcphdr_optlen>
    5a48:	02090063          	beqz	s2,5a68 <tcp_parseopt+0x40>
    5a4c:	90019423          	sh	zero,-1784(gp) # 20000188 <tcp_optidx>
    5a50:	89aa                	mv	s3,a0
    5a52:	90818493          	addi	s1,gp,-1784 # 20000188 <tcp_optidx>
    5a56:	4a05                	li	s4,1
    5a58:	4a85                	li	s5,1
    5a5a:	4b09                	li	s6,2
    5a5c:	4b91                	li	s7,4
    5a5e:	1ff00c13          	li	s8,511
    5a62:	209e                	lhu	a5,0(s1)
    5a64:	0127e463          	bltu	a5,s2,5a6c <tcp_parseopt+0x44>
    5a68:	ab7fa06f          	j	51e <__riscv_restore_10>
    5a6c:	ec7ff0ef          	jal	ra,5932 <tcp_get_next_optbyte>
    5a70:	ff4509e3          	beq	a0,s4,5a62 <tcp_parseopt+0x3a>
    5a74:	01851793          	slli	a5,a0,0x18
    5a78:	87e1                	srai	a5,a5,0x18
    5a7a:	d7fd                	beqz	a5,5a68 <tcp_parseopt+0x40>
    5a7c:	05651063          	bne	a0,s6,5abc <tcp_parseopt+0x94>
    5a80:	eb3ff0ef          	jal	ra,5932 <tcp_get_next_optbyte>
    5a84:	ff7512e3          	bne	a0,s7,5a68 <tcp_parseopt+0x40>
    5a88:	209e                	lhu	a5,0(s1)
    5a8a:	0785                	addi	a5,a5,1
    5a8c:	fd27dee3          	bge	a5,s2,5a68 <tcp_parseopt+0x40>
    5a90:	ea3ff0ef          	jal	ra,5932 <tcp_get_next_optbyte>
    5a94:	0522                	slli	a0,a0,0x8
    5a96:	01051413          	slli	s0,a0,0x10
    5a9a:	8041                	srli	s0,s0,0x10
    5a9c:	e97ff0ef          	jal	ra,5932 <tcp_get_next_optbyte>
    5aa0:	8d41                	or	a0,a0,s0
    5aa2:	0542                	slli	a0,a0,0x10
    5aa4:	8141                	srli	a0,a0,0x10
    5aa6:	fff50793          	addi	a5,a0,-1
    5aaa:	07c2                	slli	a5,a5,0x10
    5aac:	83c1                	srli	a5,a5,0x10
    5aae:	00fc7463          	bgeu	s8,a5,5ab6 <tcp_parseopt+0x8e>
    5ab2:	20000513          	li	a0,512
    5ab6:	02a99b23          	sh	a0,54(s3)
    5aba:	b765                	j	5a62 <tcp_parseopt+0x3a>
    5abc:	e77ff0ef          	jal	ra,5932 <tcp_get_next_optbyte>
    5ac0:	faaaf4e3          	bgeu	s5,a0,5a68 <tcp_parseopt+0x40>
    5ac4:	209e                	lhu	a5,0(s1)
    5ac6:	17f9                	addi	a5,a5,-2
    5ac8:	97aa                	add	a5,a5,a0
    5aca:	a09e                	sh	a5,0(s1)
    5acc:	bf59                	j	5a62 <tcp_parseopt+0x3a>

00005ace <tcp_input_delayed_close>:
    5ace:	a41fa2ef          	jal	t0,50e <__riscv_save_0>
    5ad2:	ed01                	bnez	a0,5aea <tcp_input_delayed_close+0x1c>
    5ad4:	0000e5b7          	lui	a1,0xe
    5ad8:	0000c537          	lui	a0,0xc
    5adc:	a5458593          	addi	a1,a1,-1452 # da54 <tcp_pcb_lists+0x5a8>
    5ae0:	49050513          	addi	a0,a0,1168 # c490 <_read+0x150>
    5ae4:	5c6050ef          	jal	ra,b0aa <iprintf>
    5ae8:	a001                	j	5ae8 <tcp_input_delayed_close+0x1a>
    5aea:	200007b7          	lui	a5,0x20000
    5aee:	17c7c783          	lbu	a5,380(a5) # 2000017c <recv_flags>
    5af2:	842a                	mv	s0,a0
    5af4:	4501                	li	a0,0
    5af6:	8bc1                	andi	a5,a5,16
    5af8:	c78d                	beqz	a5,5b22 <tcp_input_delayed_close+0x54>
    5afa:	2c7e                	lhu	a5,30(s0)
    5afc:	8bc1                	andi	a5,a5,16
    5afe:	e799                	bnez	a5,5b0c <tcp_input_delayed_close+0x3e>
    5b00:	09442783          	lw	a5,148(s0)
    5b04:	c781                	beqz	a5,5b0c <tcp_input_delayed_close+0x3e>
    5b06:	4808                	lw	a0,16(s0)
    5b08:	55c5                	li	a1,-15
    5b0a:	9782                	jalr	a5
    5b0c:	20000537          	lui	a0,0x20000
    5b10:	85a2                	mv	a1,s0
    5b12:	15450513          	addi	a0,a0,340 # 20000154 <tcp_active_pcbs>
    5b16:	a88ff0ef          	jal	ra,4d9e <tcp_pcb_remove>
    5b1a:	8522                	mv	a0,s0
    5b1c:	808ff0ef          	jal	ra,4b24 <tcp_free>
    5b20:	4505                	li	a0,1
    5b22:	a11fa06f          	j	532 <__riscv_restore_0>

00005b26 <tcp_free_acked_segments.isra.2>:
    5b26:	9cffa2ef          	jal	t0,4f4 <__riscv_save_4>
    5b2a:	892a                	mv	s2,a0
    5b2c:	8a32                	mv	s4,a2
    5b2e:	842e                	mv	s0,a1
    5b30:	200009b7          	lui	s3,0x20000
    5b34:	20000ab7          	lui	s5,0x20000
    5b38:	c451                	beqz	s0,5bc4 <tcp_free_acked_segments.isra.2+0x9e>
    5b3a:	4818                	lw	a4,16(s0)
    5b3c:	3348                	lbu	a0,5(a4)
    5b3e:	235c                	lbu	a5,4(a4)
    5b40:	0522                	slli	a0,a0,0x8
    5b42:	8d5d                	or	a0,a0,a5
    5b44:	237c                	lbu	a5,6(a4)
    5b46:	07c2                	slli	a5,a5,0x10
    5b48:	8fc9                	or	a5,a5,a0
    5b4a:	3368                	lbu	a0,7(a4)
    5b4c:	0562                	slli	a0,a0,0x18
    5b4e:	8d5d                	or	a0,a0,a5
    5b50:	d1ffd0ef          	jal	ra,386e <lwip_htonl>
    5b54:	481c                	lw	a5,16(s0)
    5b56:	8b2a                	mv	s6,a0
    5b58:	2406                	lhu	s1,8(s0)
    5b5a:	27c8                	lbu	a0,12(a5)
    5b5c:	37dc                	lbu	a5,13(a5)
    5b5e:	07a2                	slli	a5,a5,0x8
    5b60:	8d5d                	or	a0,a0,a5
    5b62:	cfffd0ef          	jal	ra,3860 <lwip_htons>
    5b66:	1709a783          	lw	a5,368(s3) # 20000170 <ackno>
    5b6a:	890d                	andi	a0,a0,3
    5b6c:	00a03533          	snez	a0,a0
    5b70:	8c9d                	sub	s1,s1,a5
    5b72:	94da                	add	s1,s1,s6
    5b74:	94aa                	add	s1,s1,a0
    5b76:	04904863          	bgtz	s1,5bc6 <tcp_free_acked_segments.isra.2+0xa0>
    5b7a:	4048                	lw	a0,4(s0)
    5b7c:	4004                	lw	s1,0(s0)
    5b7e:	be1fe0ef          	jal	ra,475e <pbuf_clen>
    5b82:	00095783          	lhu	a5,0(s2)
    5b86:	00a7fd63          	bgeu	a5,a0,5ba0 <tcp_free_acked_segments.isra.2+0x7a>
    5b8a:	0000e5b7          	lui	a1,0xe
    5b8e:	0000c537          	lui	a0,0xc
    5b92:	82c58593          	addi	a1,a1,-2004 # d82c <tcp_pcb_lists+0x380>
    5b96:	49050513          	addi	a0,a0,1168 # c490 <_read+0x150>
    5b9a:	510050ef          	jal	ra,b0aa <iprintf>
    5b9e:	a001                	j	5b9e <tcp_free_acked_segments.isra.2+0x78>
    5ba0:	8f89                	sub	a5,a5,a0
    5ba2:	176a8713          	addi	a4,s5,374 # 20000176 <recv_acked>
    5ba6:	00f91023          	sh	a5,0(s2)
    5baa:	2316                	lhu	a3,0(a4)
    5bac:	241e                	lhu	a5,8(s0)
    5bae:	8522                	mv	a0,s0
    5bb0:	97b6                	add	a5,a5,a3
    5bb2:	a31e                	sh	a5,0(a4)
    5bb4:	888ff0ef          	jal	ra,4c3c <tcp_seg_free>
    5bb8:	00095783          	lhu	a5,0(s2)
    5bbc:	c39d                	beqz	a5,5be2 <tcp_free_acked_segments.isra.2+0xbc>
    5bbe:	e095                	bnez	s1,5be2 <tcp_free_acked_segments.isra.2+0xbc>
    5bc0:	000a0663          	beqz	s4,5bcc <tcp_free_acked_segments.isra.2+0xa6>
    5bc4:	4401                	li	s0,0
    5bc6:	8522                	mv	a0,s0
    5bc8:	961fa06f          	j	528 <__riscv_restore_4>
    5bcc:	0000e5b7          	lui	a1,0xe
    5bd0:	0000c537          	lui	a0,0xc
    5bd4:	85458593          	addi	a1,a1,-1964 # d854 <tcp_pcb_lists+0x3a8>
    5bd8:	49050513          	addi	a0,a0,1168 # c490 <_read+0x150>
    5bdc:	4ce050ef          	jal	ra,b0aa <iprintf>
    5be0:	a001                	j	5be0 <tcp_free_acked_segments.isra.2+0xba>
    5be2:	8426                	mv	s0,s1
    5be4:	bf91                	j	5b38 <tcp_free_acked_segments.isra.2+0x12>

00005be6 <tcp_receive>:
    5be6:	901fa2ef          	jal	t0,4e6 <__riscv_save_10>
    5bea:	ed01                	bnez	a0,5c02 <tcp_receive+0x1c>
    5bec:	0000e5b7          	lui	a1,0xe
    5bf0:	0000c537          	lui	a0,0xc
    5bf4:	ac058593          	addi	a1,a1,-1344 # dac0 <tcp_pcb_lists+0x614>
    5bf8:	49050513          	addi	a0,a0,1168 # c490 <_read+0x150>
    5bfc:	4ae050ef          	jal	ra,b0aa <iprintf>
    5c00:	a001                	j	5c00 <tcp_receive+0x1a>
    5c02:	4958                	lw	a4,20(a0)
    5c04:	478d                	li	a5,3
    5c06:	842a                	mv	s0,a0
    5c08:	00e7ed63          	bltu	a5,a4,5c22 <tcp_receive+0x3c>
    5c0c:	0000e5b7          	lui	a1,0xe
    5c10:	0000c537          	lui	a0,0xc
    5c14:	adc58593          	addi	a1,a1,-1316 # dadc <tcp_pcb_lists+0x630>
    5c18:	49050513          	addi	a0,a0,1168 # c490 <_read+0x150>
    5c1c:	48e050ef          	jal	ra,b0aa <iprintf>
    5c20:	a001                	j	5c20 <tcp_receive+0x3a>
    5c22:	200007b7          	lui	a5,0x20000
    5c26:	1747c783          	lbu	a5,372(a5) # 20000174 <flags>
    5c2a:	8bc1                	andi	a5,a5,16
    5c2c:	90018913          	addi	s2,gp,-1792 # 20000180 <seqno>
    5c30:	91a18a13          	addi	s4,gp,-1766 # 2000019a <tcplen>
    5c34:	14078463          	beqz	a5,5d7c <tcp_receive+0x196>
    5c38:	00092583          	lw	a1,0(s2)
    5c3c:	4d3c                	lw	a5,88(a0)
    5c3e:	200004b7          	lui	s1,0x20000
    5c42:	06455683          	lhu	a3,100(a0)
    5c46:	4d70                	lw	a2,92(a0)
    5c48:	40b78533          	sub	a0,a5,a1
    5c4c:	1704a703          	lw	a4,368(s1) # 20000170 <ackno>
    5c50:	17048493          	addi	s1,s1,368
    5c54:	02054463          	bltz	a0,5c7c <tcp_receive+0x96>
    5c58:	00b79663          	bne	a5,a1,5c64 <tcp_receive+0x7e>
    5c5c:	40e607b3          	sub	a5,a2,a4
    5c60:	0007ce63          	bltz	a5,5c7c <tcp_receive+0x96>
    5c64:	02e61e63          	bne	a2,a4,5ca0 <tcp_receive+0xba>
    5c68:	90c1a503          	lw	a0,-1780(gp) # 2000018c <tcphdr>
    5c6c:	357c                	lbu	a5,15(a0)
    5c6e:	00e54803          	lbu	a6,14(a0)
    5c72:	07a2                	slli	a5,a5,0x8
    5c74:	0107e7b3          	or	a5,a5,a6
    5c78:	02f6f463          	bgeu	a3,a5,5ca0 <tcp_receive+0xba>
    5c7c:	90c1a503          	lw	a0,-1780(gp) # 2000018c <tcphdr>
    5c80:	357c                	lbu	a5,15(a0)
    5c82:	00e54803          	lbu	a6,14(a0)
    5c86:	06645503          	lhu	a0,102(s0)
    5c8a:	07a2                	slli	a5,a5,0x8
    5c8c:	0107e7b3          	or	a5,a5,a6
    5c90:	06f41223          	sh	a5,100(s0)
    5c94:	00f57463          	bgeu	a0,a5,5c9c <tcp_receive+0xb6>
    5c98:	06f41323          	sh	a5,102(s0)
    5c9c:	cc2c                	sw	a1,88(s0)
    5c9e:	cc78                	sw	a4,92(s0)
    5ca0:	442c                	lw	a1,72(s0)
    5ca2:	40b707b3          	sub	a5,a4,a1
    5ca6:	12f04963          	bgtz	a5,5dd8 <tcp_receive+0x1f2>
    5caa:	000a5783          	lhu	a5,0(s4)
    5cae:	12079263          	bnez	a5,5dd2 <tcp_receive+0x1ec>
    5cb2:	96b2                	add	a3,a3,a2
    5cb4:	06445783          	lhu	a5,100(s0)
    5cb8:	4c70                	lw	a2,92(s0)
    5cba:	97b2                	add	a5,a5,a2
    5cbc:	10f69b63          	bne	a3,a5,5dd2 <tcp_receive+0x1ec>
    5cc0:	03441783          	lh	a5,52(s0)
    5cc4:	1007c763          	bltz	a5,5dd2 <tcp_receive+0x1ec>
    5cc8:	10e59563          	bne	a1,a4,5dd2 <tcp_receive+0x1ec>
    5ccc:	04744783          	lbu	a5,71(s0)
    5cd0:	0ff00713          	li	a4,255
    5cd4:	00e78563          	beq	a5,a4,5cde <tcp_receive+0xf8>
    5cd8:	0785                	addi	a5,a5,1
    5cda:	04f403a3          	sb	a5,71(s0)
    5cde:	04744703          	lbu	a4,71(s0)
    5ce2:	478d                	li	a5,3
    5ce4:	00e7ff63          	bgeu	a5,a4,5d02 <tcp_receive+0x11c>
    5ce8:	04c45703          	lhu	a4,76(s0)
    5cec:	387e                	lhu	a5,54(s0)
    5cee:	97ba                	add	a5,a5,a4
    5cf0:	07c2                	slli	a5,a5,0x10
    5cf2:	83c1                	srli	a5,a5,0x10
    5cf4:	00e7f463          	bgeu	a5,a4,5cfc <tcp_receive+0x116>
    5cf8:	67c1                	lui	a5,0x10
    5cfa:	17fd                	addi	a5,a5,-1
    5cfc:	04f41623          	sh	a5,76(s0)
    5d00:	a019                	j	5d06 <tcp_receive+0x120>
    5d02:	00f71563          	bne	a4,a5,5d0c <tcp_receive+0x126>
    5d06:	8522                	mv	a0,s0
    5d08:	457010ef          	jal	ra,795e <tcp_rexmit_fast>
    5d0c:	5c10                	lw	a2,56(s0)
    5d0e:	c63d                	beqz	a2,5d7c <tcp_receive+0x196>
    5d10:	5c5c                	lw	a5,60(s0)
    5d12:	4098                	lw	a4,0(s1)
    5d14:	8f99                	sub	a5,a5,a4
    5d16:	0607d363          	bgez	a5,5d7c <tcp_receive+0x196>
    5d1a:	04041683          	lh	a3,64(s0)
    5d1e:	200007b7          	lui	a5,0x20000
    5d22:	1647d703          	lhu	a4,356(a5) # 20000164 <tcp_ticks>
    5d26:	0642                	slli	a2,a2,0x10
    5d28:	4036d593          	srai	a1,a3,0x3
    5d2c:	8241                	srli	a2,a2,0x10
    5d2e:	05c2                	slli	a1,a1,0x10
    5d30:	81c1                	srli	a1,a1,0x10
    5d32:	40c707b3          	sub	a5,a4,a2
    5d36:	8f8d                	sub	a5,a5,a1
    5d38:	07c2                	slli	a5,a5,0x10
    5d3a:	83c1                	srli	a5,a5,0x10
    5d3c:	01079513          	slli	a0,a5,0x10
    5d40:	97b6                	add	a5,a5,a3
    5d42:	07c2                	slli	a5,a5,0x10
    5d44:	87c1                	srai	a5,a5,0x10
    5d46:	8541                	srai	a0,a0,0x10
    5d48:	04f41023          	sh	a5,64(s0)
    5d4c:	00055763          	bgez	a0,5d5a <tcp_receive+0x174>
    5d50:	8e19                	sub	a2,a2,a4
    5d52:	962e                	add	a2,a2,a1
    5d54:	01061513          	slli	a0,a2,0x10
    5d58:	8541                	srai	a0,a0,0x10
    5d5a:	04241683          	lh	a3,66(s0)
    5d5e:	878d                	srai	a5,a5,0x3
    5d60:	02042c23          	sw	zero,56(s0)
    5d64:	4026d713          	srai	a4,a3,0x2
    5d68:	40e68733          	sub	a4,a3,a4
    5d6c:	972a                	add	a4,a4,a0
    5d6e:	0742                	slli	a4,a4,0x10
    5d70:	8341                	srli	a4,a4,0x10
    5d72:	97ba                	add	a5,a5,a4
    5d74:	04e41123          	sh	a4,66(s0)
    5d78:	04f41223          	sh	a5,68(s0)
    5d7c:	000a5603          	lhu	a2,0(s4)
    5d80:	5414                	lw	a3,40(s0)
    5d82:	00092783          	lw	a5,0(s2)
    5d86:	020601e3          	beqz	a2,65a8 <tcp_receive+0x9c2>
    5d8a:	484c                	lw	a1,20(s0)
    5d8c:	4719                	li	a4,6
    5d8e:	00b76de3          	bltu	a4,a1,65a8 <tcp_receive+0x9c2>
    5d92:	40f685b3          	sub	a1,a3,a5
    5d96:	fff58713          	addi	a4,a1,-1
    5d9a:	2e074f63          	bltz	a4,6098 <tcp_receive+0x4b2>
    5d9e:	4705                	li	a4,1
    5da0:	8f1d                	sub	a4,a4,a5
    5da2:	8f11                	sub	a4,a4,a2
    5da4:	9736                	add	a4,a4,a3
    5da6:	2ee04963          	bgtz	a4,6098 <tcp_receive+0x4b2>
    5daa:	200044b7          	lui	s1,0x20004
    5dae:	aa448793          	addi	a5,s1,-1372 # 20003aa4 <inseg>
    5db2:	43c8                	lw	a0,4(a5)
    5db4:	aa448493          	addi	s1,s1,-1372
    5db8:	14051c63          	bnez	a0,5f10 <tcp_receive+0x32a>
    5dbc:	0000e5b7          	lui	a1,0xe
    5dc0:	0000c537          	lui	a0,0xc
    5dc4:	af858593          	addi	a1,a1,-1288 # daf8 <tcp_pcb_lists+0x64c>
    5dc8:	49050513          	addi	a0,a0,1168 # c490 <_read+0x150>
    5dcc:	2de050ef          	jal	ra,b0aa <iprintf>
    5dd0:	a001                	j	5dd0 <tcp_receive+0x1ea>
    5dd2:	040403a3          	sb	zero,71(s0)
    5dd6:	bf1d                	j	5d0c <tcp_receive+0x126>
    5dd8:	4874                	lw	a3,84(s0)
    5dda:	40d706b3          	sub	a3,a4,a3
    5dde:	12d04563          	bgtz	a3,5f08 <tcp_receive+0x322>
    5de2:	2c76                	lhu	a3,30(s0)
    5de4:	04e45603          	lhu	a2,78(s0)
    5de8:	0046f593          	andi	a1,a3,4
    5dec:	c599                	beqz	a1,5dfa <tcp_receive+0x214>
    5dee:	9aed                	andi	a3,a3,-5
    5df0:	ac76                	sh	a3,30(s0)
    5df2:	04c41623          	sh	a2,76(s0)
    5df6:	06041723          	sh	zero,110(s0)
    5dfa:	04041683          	lh	a3,64(s0)
    5dfe:	04245583          	lhu	a1,66(s0)
    5e02:	07c2                	slli	a5,a5,0x10
    5e04:	868d                	srai	a3,a3,0x3
    5e06:	96ae                	add	a3,a3,a1
    5e08:	04d41223          	sh	a3,68(s0)
    5e0c:	04c45683          	lhu	a3,76(s0)
    5e10:	04041323          	sh	zero,70(s0)
    5e14:	c438                	sw	a4,72(s0)
    5e16:	83c1                	srli	a5,a5,0x10
    5e18:	02c6fd63          	bgeu	a3,a2,5e52 <tcp_receive+0x26c>
    5e1c:	2c72                	lhu	a2,30(s0)
    5e1e:	6705                	lui	a4,0x1
    5e20:	80070713          	addi	a4,a4,-2048 # 800 <__stack_size>
    5e24:	8f71                	and	a4,a4,a2
    5e26:	3872                	lhu	a2,54(s0)
    5e28:	00173713          	seqz	a4,a4
    5e2c:	0705                	addi	a4,a4,1
    5e2e:	02c70733          	mul	a4,a4,a2
    5e32:	863a                	mv	a2,a4
    5e34:	0742                	slli	a4,a4,0x10
    5e36:	8341                	srli	a4,a4,0x10
    5e38:	00e7f363          	bgeu	a5,a4,5e3e <tcp_receive+0x258>
    5e3c:	863e                	mv	a2,a5
    5e3e:	00c687b3          	add	a5,a3,a2
    5e42:	07c2                	slli	a5,a5,0x10
    5e44:	83c1                	srli	a5,a5,0x10
    5e46:	00d7f363          	bgeu	a5,a3,5e4c <tcp_receive+0x266>
    5e4a:	57fd                	li	a5,-1
    5e4c:	04f41623          	sh	a5,76(s0)
    5e50:	a821                	j	5e68 <tcp_receive+0x282>
    5e52:	06e45703          	lhu	a4,110(s0)
    5e56:	97ba                	add	a5,a5,a4
    5e58:	07c2                	slli	a5,a5,0x10
    5e5a:	83c1                	srli	a5,a5,0x10
    5e5c:	06e7e663          	bltu	a5,a4,5ec8 <tcp_receive+0x2e2>
    5e60:	06d7f663          	bgeu	a5,a3,5ecc <tcp_receive+0x2e6>
    5e64:	06f41723          	sh	a5,110(s0)
    5e68:	5830                	lw	a2,112(s0)
    5e6a:	586c                	lw	a1,116(s0)
    5e6c:	06a40993          	addi	s3,s0,106
    5e70:	854e                	mv	a0,s3
    5e72:	cb5ff0ef          	jal	ra,5b26 <tcp_free_acked_segments.isra.2>
    5e76:	582c                	lw	a1,112(s0)
    5e78:	862a                	mv	a2,a0
    5e7a:	d868                	sw	a0,116(s0)
    5e7c:	854e                	mv	a0,s3
    5e7e:	ca9ff0ef          	jal	ra,5b26 <tcp_free_acked_segments.isra.2>
    5e82:	587c                	lw	a5,116(s0)
    5e84:	d828                	sw	a0,112(s0)
    5e86:	02040023          	sb	zero,32(s0)
    5e8a:	0017b713          	seqz	a4,a5
    5e8e:	40e00733          	neg	a4,a4
    5e92:	b85a                	sh	a4,52(s0)
    5e94:	e119                	bnez	a0,5e9a <tcp_receive+0x2b4>
    5e96:	06041623          	sh	zero,108(s0)
    5e9a:	200006b7          	lui	a3,0x20000
    5e9e:	06845703          	lhu	a4,104(s0)
    5ea2:	1766d683          	lhu	a3,374(a3) # 20000176 <recv_acked>
    5ea6:	9736                	add	a4,a4,a3
    5ea8:	06e41423          	sh	a4,104(s0)
    5eac:	2c7a                	lhu	a4,30(s0)
    5eae:	01471693          	slli	a3,a4,0x14
    5eb2:	e406dde3          	bgez	a3,5d0c <tcp_receive+0x126>
    5eb6:	e7a9                	bnez	a5,5f00 <tcp_receive+0x31a>
    5eb8:	e105                	bnez	a0,5ed8 <tcp_receive+0x2f2>
    5eba:	2c7e                	lhu	a5,30(s0)
    5ebc:	777d                	lui	a4,0xfffff
    5ebe:	7ff70713          	addi	a4,a4,2047 # fffff7ff <__freertos_irq_stack_top+0xdffef7ff>
    5ec2:	8ff9                	and	a5,a5,a4
    5ec4:	ac7e                	sh	a5,30(s0)
    5ec6:	b599                	j	5d0c <tcp_receive+0x126>
    5ec8:	67c1                	lui	a5,0x10
    5eca:	17fd                	addi	a5,a5,-1
    5ecc:	8f95                	sub	a5,a5,a3
    5ece:	06f41723          	sh	a5,110(s0)
    5ed2:	387e                	lhu	a5,54(s0)
    5ed4:	97b6                	add	a5,a5,a3
    5ed6:	b7b5                	j	5e42 <tcp_receive+0x25c>
    5ed8:	05042983          	lw	s3,80(s0)
    5edc:	4918                	lw	a4,16(a0)
    5ede:	3348                	lbu	a0,5(a4)
    5ee0:	235c                	lbu	a5,4(a4)
    5ee2:	0522                	slli	a0,a0,0x8
    5ee4:	8d5d                	or	a0,a0,a5
    5ee6:	237c                	lbu	a5,6(a4)
    5ee8:	07c2                	slli	a5,a5,0x10
    5eea:	8fc9                	or	a5,a5,a0
    5eec:	3368                	lbu	a0,7(a4)
    5eee:	0562                	slli	a0,a0,0x18
    5ef0:	8d5d                	or	a0,a0,a5
    5ef2:	97dfd0ef          	jal	ra,386e <lwip_htonl>
    5ef6:	40a98533          	sub	a0,s3,a0
    5efa:	e0a049e3          	bgtz	a0,5d0c <tcp_receive+0x126>
    5efe:	bf75                	j	5eba <tcp_receive+0x2d4>
    5f00:	05042983          	lw	s3,80(s0)
    5f04:	4b98                	lw	a4,16(a5)
    5f06:	bfe1                	j	5ede <tcp_receive+0x2f8>
    5f08:	8522                	mv	a0,s0
    5f0a:	33d010ef          	jal	ra,7a46 <tcp_send_empty_ack>
    5f0e:	bbfd                	j	5d0c <tcp_receive+0x126>
    5f10:	67c1                	lui	a5,0x10
    5f12:	17f9                	addi	a5,a5,-2
    5f14:	00b7fd63          	bgeu	a5,a1,5f2e <tcp_receive+0x348>
    5f18:	0000e5b7          	lui	a1,0xe
    5f1c:	0000c537          	lui	a0,0xc
    5f20:	b0858593          	addi	a1,a1,-1272 # db08 <tcp_pcb_lists+0x65c>
    5f24:	49050513          	addi	a0,a0,1168 # c490 <_read+0x150>
    5f28:	182050ef          	jal	ra,b0aa <iprintf>
    5f2c:	a001                	j	5f2c <tcp_receive+0x346>
    5f2e:	251e                	lhu	a5,8(a0)
    5f30:	05c2                	slli	a1,a1,0x10
    5f32:	81c1                	srli	a1,a1,0x10
    5f34:	00b7fd63          	bgeu	a5,a1,5f4e <tcp_receive+0x368>
    5f38:	0000e5b7          	lui	a1,0xe
    5f3c:	0000c537          	lui	a0,0xc
    5f40:	b1858593          	addi	a1,a1,-1256 # db18 <tcp_pcb_lists+0x66c>
    5f44:	49050513          	addi	a0,a0,1168 # c490 <_read+0x150>
    5f48:	162050ef          	jal	ra,b0aa <iprintf>
    5f4c:	a001                	j	5f4c <tcp_receive+0x366>
    5f4e:	249a                	lhu	a4,8(s1)
    5f50:	8f8d                	sub	a5,a5,a1
    5f52:	07c2                	slli	a5,a5,0x10
    5f54:	8f0d                	sub	a4,a4,a1
    5f56:	a49a                	sh	a4,8(s1)
    5f58:	83c1                	srli	a5,a5,0x10
    5f5a:	253a                	lhu	a4,10(a0)
    5f5c:	12b76663          	bltu	a4,a1,6088 <tcp_receive+0x4a2>
    5f60:	cd4fe0ef          	jal	ra,4434 <pbuf_remove_header>
    5f64:	541c                	lw	a5,40(s0)
    5f66:	4898                	lw	a4,16(s1)
    5f68:	0087d693          	srli	a3,a5,0x8
    5f6c:	00f92023          	sw	a5,0(s2)
    5f70:	a35c                	sb	a5,4(a4)
    5f72:	b354                	sb	a3,5(a4)
    5f74:	0107d693          	srli	a3,a5,0x10
    5f78:	83e1                	srli	a5,a5,0x18
    5f7a:	a374                	sb	a3,6(a4)
    5f7c:	b37c                	sb	a5,7(a4)
    5f7e:	00092783          	lw	a5,0(s2)
    5f82:	5418                	lw	a4,40(s0)
    5f84:	40e786b3          	sub	a3,a5,a4
    5f88:	4006c163          	bltz	a3,638a <tcp_receive+0x7a4>
    5f8c:	3452                	lhu	a2,44(s0)
    5f8e:	00178513          	addi	a0,a5,1 # 10001 <_data_lma+0x1ae9>
    5f92:	40e506b3          	sub	a3,a0,a4
    5f96:	8e91                	sub	a3,a3,a2
    5f98:	3ed04963          	bgtz	a3,638a <tcp_receive+0x7a4>
    5f9c:	3ce79b63          	bne	a5,a4,6372 <tcp_receive+0x78c>
    5fa0:	200044b7          	lui	s1,0x20004
    5fa4:	aa448793          	addi	a5,s1,-1372 # 20003aa4 <inseg>
    5fa8:	0087d983          	lhu	s3,8(a5)
    5fac:	4b9c                	lw	a5,16(a5)
    5fae:	aa448493          	addi	s1,s1,-1372
    5fb2:	27c8                	lbu	a0,12(a5)
    5fb4:	37dc                	lbu	a5,13(a5)
    5fb6:	07a2                	slli	a5,a5,0x8
    5fb8:	8d5d                	or	a0,a0,a5
    5fba:	8a7fd0ef          	jal	ra,3860 <lwip_htons>
    5fbe:	890d                	andi	a0,a0,3
    5fc0:	00a03533          	snez	a0,a0
    5fc4:	954e                	add	a0,a0,s3
    5fc6:	0542                	slli	a0,a0,0x10
    5fc8:	345e                	lhu	a5,44(s0)
    5fca:	8141                	srli	a0,a0,0x10
    5fcc:	00aa1023          	sh	a0,0(s4)
    5fd0:	0ca7fc63          	bgeu	a5,a0,60a8 <tcp_receive+0x4c2>
    5fd4:	489c                	lw	a5,16(s1)
    5fd6:	27c8                	lbu	a0,12(a5)
    5fd8:	37dc                	lbu	a5,13(a5)
    5fda:	07a2                	slli	a5,a5,0x8
    5fdc:	8d5d                	or	a0,a0,a5
    5fde:	883fd0ef          	jal	ra,3860 <lwip_htons>
    5fe2:	8905                	andi	a0,a0,1
    5fe4:	cd05                	beqz	a0,601c <tcp_receive+0x436>
    5fe6:	489c                	lw	a5,16(s1)
    5fe8:	00d7c983          	lbu	s3,13(a5)
    5fec:	27c8                	lbu	a0,12(a5)
    5fee:	09a2                	slli	s3,s3,0x8
    5ff0:	00a9e9b3          	or	s3,s3,a0
    5ff4:	854e                	mv	a0,s3
    5ff6:	86bfd0ef          	jal	ra,3860 <lwip_htons>
    5ffa:	03e57513          	andi	a0,a0,62
    5ffe:	863fd0ef          	jal	ra,3860 <lwip_htons>
    6002:	77f1                	lui	a5,0xffffc
    6004:	0ff78793          	addi	a5,a5,255 # ffffc0ff <__freertos_irq_stack_top+0xdffec0ff>
    6008:	00f9f9b3          	and	s3,s3,a5
    600c:	4898                	lw	a4,16(s1)
    600e:	00a9e533          	or	a0,s3,a0
    6012:	0542                	slli	a0,a0,0x10
    6014:	8141                	srli	a0,a0,0x10
    6016:	a748                	sb	a0,12(a4)
    6018:	8121                	srli	a0,a0,0x8
    601a:	b748                	sb	a0,13(a4)
    601c:	345e                	lhu	a5,44(s0)
    601e:	a49e                	sh	a5,8(s1)
    6020:	489c                	lw	a5,16(s1)
    6022:	27c8                	lbu	a0,12(a5)
    6024:	37dc                	lbu	a5,13(a5)
    6026:	07a2                	slli	a5,a5,0x8
    6028:	8d5d                	or	a0,a0,a5
    602a:	837fd0ef          	jal	ra,3860 <lwip_htons>
    602e:	8909                	andi	a0,a0,2
    6030:	c501                	beqz	a0,6038 <tcp_receive+0x452>
    6032:	249e                	lhu	a5,8(s1)
    6034:	17fd                	addi	a5,a5,-1
    6036:	a49e                	sh	a5,8(s1)
    6038:	248e                	lhu	a1,8(s1)
    603a:	40c8                	lw	a0,4(s1)
    603c:	e84fe0ef          	jal	ra,46c0 <pbuf_realloc>
    6040:	489c                	lw	a5,16(s1)
    6042:	0084d983          	lhu	s3,8(s1)
    6046:	27c8                	lbu	a0,12(a5)
    6048:	37dc                	lbu	a5,13(a5)
    604a:	07a2                	slli	a5,a5,0x8
    604c:	8d5d                	or	a0,a0,a5
    604e:	813fd0ef          	jal	ra,3860 <lwip_htons>
    6052:	890d                	andi	a0,a0,3
    6054:	00a03533          	snez	a0,a0
    6058:	00092783          	lw	a5,0(s2)
    605c:	954e                	add	a0,a0,s3
    605e:	0542                	slli	a0,a0,0x10
    6060:	8141                	srli	a0,a0,0x10
    6062:	00aa1023          	sh	a0,0(s4)
    6066:	5418                	lw	a4,40(s0)
    6068:	953e                	add	a0,a0,a5
    606a:	345e                	lhu	a5,44(s0)
    606c:	97ba                	add	a5,a5,a4
    606e:	02f50d63          	beq	a0,a5,60a8 <tcp_receive+0x4c2>
    6072:	0000e5b7          	lui	a1,0xe
    6076:	0000c537          	lui	a0,0xc
    607a:	b2858593          	addi	a1,a1,-1240 # db28 <tcp_pcb_lists+0x67c>
    607e:	49050513          	addi	a0,a0,1168 # c490 <_read+0x150>
    6082:	028050ef          	jal	ra,b0aa <iprintf>
    6086:	a001                	j	6086 <tcp_receive+0x4a0>
    6088:	8d99                	sub	a1,a1,a4
    608a:	05c2                	slli	a1,a1,0x10
    608c:	a51e                	sh	a5,8(a0)
    608e:	00051523          	sh	zero,10(a0)
    6092:	81c1                	srli	a1,a1,0x10
    6094:	4108                	lw	a0,0(a0)
    6096:	b5d1                	j	5f5a <tcp_receive+0x374>
    6098:	8f95                	sub	a5,a5,a3
    609a:	ee07d2e3          	bgez	a5,5f7e <tcp_receive+0x398>
    609e:	2c7e                	lhu	a5,30(s0)
    60a0:	0027e793          	ori	a5,a5,2
    60a4:	ac7e                	sh	a5,30(s0)
    60a6:	bde1                	j	5f7e <tcp_receive+0x398>
    60a8:	5c3c                	lw	a5,120(s0)
    60aa:	cff1                	beqz	a5,6186 <tcp_receive+0x5a0>
    60ac:	489c                	lw	a5,16(s1)
    60ae:	27c8                	lbu	a0,12(a5)
    60b0:	37dc                	lbu	a5,13(a5)
    60b2:	07a2                	slli	a5,a5,0x8
    60b4:	8d5d                	or	a0,a0,a5
    60b6:	faafd0ef          	jal	ra,3860 <lwip_htons>
    60ba:	8905                	andi	a0,a0,1
    60bc:	e179                	bnez	a0,6182 <tcp_receive+0x59c>
    60be:	07842a83          	lw	s5,120(s0)
    60c2:	00092583          	lw	a1,0(s2)
    60c6:	000a5703          	lhu	a4,0(s4)
    60ca:	972e                	add	a4,a4,a1
    60cc:	140a8663          	beqz	s5,6218 <tcp_receive+0x632>
    60d0:	010aa683          	lw	a3,16(s5)
    60d4:	32d0                	lbu	a2,5(a3)
    60d6:	22dc                	lbu	a5,4(a3)
    60d8:	0622                	slli	a2,a2,0x8
    60da:	8fd1                	or	a5,a5,a2
    60dc:	22f0                	lbu	a2,6(a3)
    60de:	0642                	slli	a2,a2,0x10
    60e0:	8e5d                	or	a2,a2,a5
    60e2:	32fc                	lbu	a5,7(a3)
    60e4:	07e2                	slli	a5,a5,0x18
    60e6:	8fd1                	or	a5,a5,a2
    60e8:	008ad603          	lhu	a2,8(s5)
    60ec:	963e                	add	a2,a2,a5
    60ee:	40c70633          	sub	a2,a4,a2
    60f2:	0a065e63          	bgez	a2,61ae <tcp_receive+0x5c8>
    60f6:	8f1d                	sub	a4,a4,a5
    60f8:	12e05063          	blez	a4,6218 <tcp_receive+0x632>
    60fc:	8f8d                	sub	a5,a5,a1
    60fe:	a49e                	sh	a5,8(s1)
    6100:	489c                	lw	a5,16(s1)
    6102:	27c8                	lbu	a0,12(a5)
    6104:	37dc                	lbu	a5,13(a5)
    6106:	07a2                	slli	a5,a5,0x8
    6108:	8d5d                	or	a0,a0,a5
    610a:	f56fd0ef          	jal	ra,3860 <lwip_htons>
    610e:	8909                	andi	a0,a0,2
    6110:	c501                	beqz	a0,6118 <tcp_receive+0x532>
    6112:	249e                	lhu	a5,8(s1)
    6114:	17fd                	addi	a5,a5,-1
    6116:	a49e                	sh	a5,8(s1)
    6118:	248e                	lhu	a1,8(s1)
    611a:	40c8                	lw	a0,4(s1)
    611c:	da4fe0ef          	jal	ra,46c0 <pbuf_realloc>
    6120:	489c                	lw	a5,16(s1)
    6122:	0084d983          	lhu	s3,8(s1)
    6126:	27c8                	lbu	a0,12(a5)
    6128:	37dc                	lbu	a5,13(a5)
    612a:	07a2                	slli	a5,a5,0x8
    612c:	8d5d                	or	a0,a0,a5
    612e:	f32fd0ef          	jal	ra,3860 <lwip_htons>
    6132:	890d                	andi	a0,a0,3
    6134:	00a03533          	snez	a0,a0
    6138:	954e                	add	a0,a0,s3
    613a:	010aa683          	lw	a3,16(s5)
    613e:	0542                	slli	a0,a0,0x10
    6140:	8141                	srli	a0,a0,0x10
    6142:	00092783          	lw	a5,0(s2)
    6146:	00aa1023          	sh	a0,0(s4)
    614a:	32d8                	lbu	a4,5(a3)
    614c:	953e                	add	a0,a0,a5
    614e:	22dc                	lbu	a5,4(a3)
    6150:	0722                	slli	a4,a4,0x8
    6152:	8f5d                	or	a4,a4,a5
    6154:	22fc                	lbu	a5,6(a3)
    6156:	07c2                	slli	a5,a5,0x10
    6158:	8f5d                	or	a4,a4,a5
    615a:	32fc                	lbu	a5,7(a3)
    615c:	07e2                	slli	a5,a5,0x18
    615e:	8fd9                	or	a5,a5,a4
    6160:	0af50c63          	beq	a0,a5,6218 <tcp_receive+0x632>
    6164:	0000e5b7          	lui	a1,0xe
    6168:	0000c537          	lui	a0,0xc
    616c:	b6058593          	addi	a1,a1,-1184 # db60 <tcp_pcb_lists+0x6b4>
    6170:	49050513          	addi	a0,a0,1168 # c490 <_read+0x150>
    6174:	737040ef          	jal	ra,b0aa <iprintf>
    6178:	a001                	j	6178 <tcp_receive+0x592>
    617a:	411c                	lw	a5,0(a0)
    617c:	dc3c                	sw	a5,120(s0)
    617e:	abffe0ef          	jal	ra,4c3c <tcp_seg_free>
    6182:	5c28                	lw	a0,120(s0)
    6184:	f97d                	bnez	a0,617a <tcp_receive+0x594>
    6186:	000a5703          	lhu	a4,0(s4)
    618a:	00092783          	lw	a5,0(s2)
    618e:	97ba                	add	a5,a5,a4
    6190:	d41c                	sw	a5,40(s0)
    6192:	345e                	lhu	a5,44(s0)
    6194:	08e7f563          	bgeu	a5,a4,621e <tcp_receive+0x638>
    6198:	0000e5b7          	lui	a1,0xe
    619c:	0000c537          	lui	a0,0xc
    61a0:	b9c58593          	addi	a1,a1,-1124 # db9c <tcp_pcb_lists+0x6f0>
    61a4:	49050513          	addi	a0,a0,1168 # c490 <_read+0x150>
    61a8:	703040ef          	jal	ra,b0aa <iprintf>
    61ac:	a001                	j	61ac <tcp_receive+0x5c6>
    61ae:	36dc                	lbu	a5,13(a3)
    61b0:	26c8                	lbu	a0,12(a3)
    61b2:	07a2                	slli	a5,a5,0x8
    61b4:	8d5d                	or	a0,a0,a5
    61b6:	eaafd0ef          	jal	ra,3860 <lwip_htons>
    61ba:	8905                	andi	a0,a0,1
    61bc:	c539                	beqz	a0,620a <tcp_receive+0x624>
    61be:	489c                	lw	a5,16(s1)
    61c0:	27c8                	lbu	a0,12(a5)
    61c2:	37dc                	lbu	a5,13(a5)
    61c4:	07a2                	slli	a5,a5,0x8
    61c6:	8d5d                	or	a0,a0,a5
    61c8:	e98fd0ef          	jal	ra,3860 <lwip_htons>
    61cc:	8909                	andi	a0,a0,2
    61ce:	ed15                	bnez	a0,620a <tcp_receive+0x624>
    61d0:	489c                	lw	a5,16(s1)
    61d2:	00d7c983          	lbu	s3,13(a5)
    61d6:	27c8                	lbu	a0,12(a5)
    61d8:	09a2                	slli	s3,s3,0x8
    61da:	00a9e9b3          	or	s3,s3,a0
    61de:	4505                	li	a0,1
    61e0:	e80fd0ef          	jal	ra,3860 <lwip_htons>
    61e4:	00a9e533          	or	a0,s3,a0
    61e8:	489c                	lw	a5,16(s1)
    61ea:	0542                	slli	a0,a0,0x10
    61ec:	8141                	srli	a0,a0,0x10
    61ee:	00855713          	srli	a4,a0,0x8
    61f2:	a7c8                	sb	a0,12(a5)
    61f4:	b7d8                	sb	a4,13(a5)
    61f6:	0084d983          	lhu	s3,8(s1)
    61fa:	e66fd0ef          	jal	ra,3860 <lwip_htons>
    61fe:	890d                	andi	a0,a0,3
    6200:	00a03533          	snez	a0,a0
    6204:	99aa                	add	s3,s3,a0
    6206:	013a1023          	sh	s3,0(s4)
    620a:	000aa983          	lw	s3,0(s5)
    620e:	8556                	mv	a0,s5
    6210:	a2dfe0ef          	jal	ra,4c3c <tcp_seg_free>
    6214:	8ace                	mv	s5,s3
    6216:	b575                	j	60c2 <tcp_receive+0x4dc>
    6218:	07542c23          	sw	s5,120(s0)
    621c:	b7ad                	j	6186 <tcp_receive+0x5a0>
    621e:	8f99                	sub	a5,a5,a4
    6220:	b45e                	sh	a5,44(s0)
    6222:	8522                	mv	a0,s0
    6224:	92ffe0ef          	jal	ra,4b52 <tcp_update_rcv_ann_wnd>
    6228:	40dc                	lw	a5,4(s1)
    622a:	279a                	lhu	a4,8(a5)
    622c:	c719                	beqz	a4,623a <tcp_receive+0x654>
    622e:	20000737          	lui	a4,0x20000
    6232:	16f72c23          	sw	a5,376(a4) # 20000178 <recv_data>
    6236:	0004a223          	sw	zero,4(s1)
    623a:	489c                	lw	a5,16(s1)
    623c:	27c8                	lbu	a0,12(a5)
    623e:	37dc                	lbu	a5,13(a5)
    6240:	07a2                	slli	a5,a5,0x8
    6242:	8d5d                	or	a0,a0,a5
    6244:	e1cfd0ef          	jal	ra,3860 <lwip_htons>
    6248:	8905                	andi	a0,a0,1
    624a:	c909                	beqz	a0,625c <tcp_receive+0x676>
    624c:	200007b7          	lui	a5,0x20000
    6250:	17c78793          	addi	a5,a5,380 # 2000017c <recv_flags>
    6254:	2398                	lbu	a4,0(a5)
    6256:	02076713          	ori	a4,a4,32
    625a:	a398                	sb	a4,0(a5)
    625c:	200009b7          	lui	s3,0x20000
    6260:	20000a37          	lui	s4,0x20000
    6264:	4a91                	li	s5,4
    6266:	4b1d                	li	s6,7
    6268:	a0f1                	j	6334 <tcp_receive+0x74e>
    626a:	00f92023          	sw	a5,0(s2)
    626e:	375c                	lbu	a5,13(a4)
    6270:	2748                	lbu	a0,12(a4)
    6272:	0084db83          	lhu	s7,8(s1)
    6276:	07a2                	slli	a5,a5,0x8
    6278:	8d5d                	or	a0,a0,a5
    627a:	de6fd0ef          	jal	ra,3860 <lwip_htons>
    627e:	541c                	lw	a5,40(s0)
    6280:	890d                	andi	a0,a0,3
    6282:	00a03533          	snez	a0,a0
    6286:	9bbe                	add	s7,s7,a5
    6288:	489c                	lw	a5,16(s1)
    628a:	955e                	add	a0,a0,s7
    628c:	d408                	sw	a0,40(s0)
    628e:	27c8                	lbu	a0,12(a5)
    6290:	37dc                	lbu	a5,13(a5)
    6292:	0084dc03          	lhu	s8,8(s1)
    6296:	02c45b83          	lhu	s7,44(s0)
    629a:	07a2                	slli	a5,a5,0x8
    629c:	8d5d                	or	a0,a0,a5
    629e:	dc2fd0ef          	jal	ra,3860 <lwip_htons>
    62a2:	890d                	andi	a0,a0,3
    62a4:	00a03533          	snez	a0,a0
    62a8:	9562                	add	a0,a0,s8
    62aa:	00abfd63          	bgeu	s7,a0,62c4 <tcp_receive+0x6de>
    62ae:	0000e5b7          	lui	a1,0xe
    62b2:	0000c537          	lui	a0,0xc
    62b6:	bbc58593          	addi	a1,a1,-1092 # dbbc <tcp_pcb_lists+0x710>
    62ba:	49050513          	addi	a0,a0,1168 # c490 <_read+0x150>
    62be:	5ed040ef          	jal	ra,b0aa <iprintf>
    62c2:	a001                	j	62c2 <tcp_receive+0x6dc>
    62c4:	489c                	lw	a5,16(s1)
    62c6:	0084db83          	lhu	s7,8(s1)
    62ca:	27c8                	lbu	a0,12(a5)
    62cc:	37dc                	lbu	a5,13(a5)
    62ce:	07a2                	slli	a5,a5,0x8
    62d0:	8d5d                	or	a0,a0,a5
    62d2:	d8efd0ef          	jal	ra,3860 <lwip_htons>
    62d6:	345e                	lhu	a5,44(s0)
    62d8:	890d                	andi	a0,a0,3
    62da:	00a03533          	snez	a0,a0
    62de:	955e                	add	a0,a0,s7
    62e0:	40a78533          	sub	a0,a5,a0
    62e4:	b44a                	sh	a0,44(s0)
    62e6:	8522                	mv	a0,s0
    62e8:	86bfe0ef          	jal	ra,4b52 <tcp_update_rcv_ann_wnd>
    62ec:	40cc                	lw	a1,4(s1)
    62ee:	259e                	lhu	a5,8(a1)
    62f0:	cb89                	beqz	a5,6302 <tcp_receive+0x71c>
    62f2:	17898793          	addi	a5,s3,376 # 20000178 <recv_data>
    62f6:	4388                	lw	a0,0(a5)
    62f8:	c535                	beqz	a0,6364 <tcp_receive+0x77e>
    62fa:	cacfe0ef          	jal	ra,47a6 <pbuf_cat>
    62fe:	0004a223          	sw	zero,4(s1)
    6302:	489c                	lw	a5,16(s1)
    6304:	27c8                	lbu	a0,12(a5)
    6306:	37dc                	lbu	a5,13(a5)
    6308:	07a2                	slli	a5,a5,0x8
    630a:	8d5d                	or	a0,a0,a5
    630c:	d54fd0ef          	jal	ra,3860 <lwip_htons>
    6310:	8905                	andi	a0,a0,1
    6312:	cd01                	beqz	a0,632a <tcp_receive+0x744>
    6314:	17ca0713          	addi	a4,s4,380 # 2000017c <recv_flags>
    6318:	231c                	lbu	a5,0(a4)
    631a:	0207e793          	ori	a5,a5,32
    631e:	a31c                	sb	a5,0(a4)
    6320:	485c                	lw	a5,20(s0)
    6322:	01579463          	bne	a5,s5,632a <tcp_receive+0x744>
    6326:	01642a23          	sw	s6,20(s0)
    632a:	409c                	lw	a5,0(s1)
    632c:	8526                	mv	a0,s1
    632e:	dc3c                	sw	a5,120(s0)
    6330:	90dfe0ef          	jal	ra,4c3c <tcp_seg_free>
    6334:	5c24                	lw	s1,120(s0)
    6336:	cc99                	beqz	s1,6354 <tcp_receive+0x76e>
    6338:	4898                	lw	a4,16(s1)
    633a:	3354                	lbu	a3,5(a4)
    633c:	235c                	lbu	a5,4(a4)
    633e:	06a2                	slli	a3,a3,0x8
    6340:	8edd                	or	a3,a3,a5
    6342:	237c                	lbu	a5,6(a4)
    6344:	07c2                	slli	a5,a5,0x10
    6346:	8edd                	or	a3,a3,a5
    6348:	337c                	lbu	a5,7(a4)
    634a:	07e2                	slli	a5,a5,0x18
    634c:	8fd5                	or	a5,a5,a3
    634e:	5414                	lw	a3,40(s0)
    6350:	f0d78de3          	beq	a5,a3,626a <tcp_receive+0x684>
    6354:	2c7e                	lhu	a5,30(s0)
    6356:	0017f713          	andi	a4,a5,1
    635a:	c719                	beqz	a4,6368 <tcp_receive+0x782>
    635c:	9bf9                	andi	a5,a5,-2
    635e:	0027e793          	ori	a5,a5,2
    6362:	a029                	j	636c <tcp_receive+0x786>
    6364:	c38c                	sw	a1,0(a5)
    6366:	bf61                	j	62fe <tcp_receive+0x718>
    6368:	0017e793          	ori	a5,a5,1
    636c:	ac7e                	sh	a5,30(s0)
    636e:	9b0fa06f          	j	51e <__riscv_restore_10>
    6372:	5c24                	lw	s1,120(s0)
    6374:	4981                	li	s3,0
    6376:	fff78813          	addi	a6,a5,-1
    637a:	ec89                	bnez	s1,6394 <tcp_receive+0x7ae>
    637c:	20004537          	lui	a0,0x20004
    6380:	aa450513          	addi	a0,a0,-1372 # 20003aa4 <inseg>
    6384:	8f3fe0ef          	jal	ra,4c76 <tcp_seg_copy>
    6388:	dc28                	sw	a0,120(s0)
    638a:	8522                	mv	a0,s0
    638c:	6ba010ef          	jal	ra,7a46 <tcp_send_empty_ack>
    6390:	bff9                	j	636e <tcp_receive+0x788>
    6392:	84b6                	mv	s1,a3
    6394:	4890                	lw	a2,16(s1)
    6396:	3254                	lbu	a3,5(a2)
    6398:	2258                	lbu	a4,4(a2)
    639a:	06a2                	slli	a3,a3,0x8
    639c:	8ed9                	or	a3,a3,a4
    639e:	2278                	lbu	a4,6(a2)
    63a0:	0742                	slli	a4,a4,0x10
    63a2:	8ed9                	or	a3,a3,a4
    63a4:	3278                	lbu	a4,7(a2)
    63a6:	0762                	slli	a4,a4,0x18
    63a8:	8f55                	or	a4,a4,a3
    63aa:	02e79963          	bne	a5,a4,63dc <tcp_receive+0x7f6>
    63ae:	20004537          	lui	a0,0x20004
    63b2:	aa450793          	addi	a5,a0,-1372 # 20003aa4 <inseg>
    63b6:	279a                	lhu	a4,8(a5)
    63b8:	249e                	lhu	a5,8(s1)
    63ba:	fce7f8e3          	bgeu	a5,a4,638a <tcp_receive+0x7a4>
    63be:	aa450513          	addi	a0,a0,-1372
    63c2:	8b5fe0ef          	jal	ra,4c76 <tcp_seg_copy>
    63c6:	d171                	beqz	a0,638a <tcp_receive+0x7a4>
    63c8:	00098863          	beqz	s3,63d8 <tcp_receive+0x7f2>
    63cc:	00a9a023          	sw	a0,0(s3)
    63d0:	85a6                	mv	a1,s1
    63d2:	d90ff0ef          	jal	ra,5962 <tcp_oos_insert_segment>
    63d6:	bf55                	j	638a <tcp_receive+0x7a4>
    63d8:	dc28                	sw	a0,120(s0)
    63da:	bfdd                	j	63d0 <tcp_receive+0x7ea>
    63dc:	00099f63          	bnez	s3,63fa <tcp_receive+0x814>
    63e0:	40e786b3          	sub	a3,a5,a4
    63e4:	0806dd63          	bgez	a3,647e <tcp_receive+0x898>
    63e8:	20004537          	lui	a0,0x20004
    63ec:	aa450513          	addi	a0,a0,-1372 # 20003aa4 <inseg>
    63f0:	887fe0ef          	jal	ra,4c76 <tcp_seg_copy>
    63f4:	d959                	beqz	a0,638a <tcp_receive+0x7a4>
    63f6:	dc28                	sw	a0,120(s0)
    63f8:	bfe1                	j	63d0 <tcp_receive+0x7ea>
    63fa:	0109a883          	lw	a7,16(s3)
    63fe:	0058c583          	lbu	a1,5(a7)
    6402:	0048c683          	lbu	a3,4(a7)
    6406:	05a2                	slli	a1,a1,0x8
    6408:	8dd5                	or	a1,a1,a3
    640a:	0068c683          	lbu	a3,6(a7)
    640e:	06c2                	slli	a3,a3,0x10
    6410:	8dd5                	or	a1,a1,a3
    6412:	0078c683          	lbu	a3,7(a7)
    6416:	06e2                	slli	a3,a3,0x18
    6418:	8ecd                	or	a3,a3,a1
    641a:	40d806b3          	sub	a3,a6,a3
    641e:	0606c063          	bltz	a3,647e <tcp_receive+0x898>
    6422:	40e506b3          	sub	a3,a0,a4
    6426:	04d04c63          	bgtz	a3,647e <tcp_receive+0x898>
    642a:	20004537          	lui	a0,0x20004
    642e:	aa450513          	addi	a0,a0,-1372 # 20003aa4 <inseg>
    6432:	845fe0ef          	jal	ra,4c76 <tcp_seg_copy>
    6436:	8a2a                	mv	s4,a0
    6438:	d929                	beqz	a0,638a <tcp_receive+0x7a4>
    643a:	0109a703          	lw	a4,16(s3)
    643e:	335c                	lbu	a5,5(a4)
    6440:	234c                	lbu	a1,4(a4)
    6442:	07a2                	slli	a5,a5,0x8
    6444:	8ddd                	or	a1,a1,a5
    6446:	237c                	lbu	a5,6(a4)
    6448:	07c2                	slli	a5,a5,0x10
    644a:	8fcd                	or	a5,a5,a1
    644c:	336c                	lbu	a1,7(a4)
    644e:	0089d703          	lhu	a4,8(s3)
    6452:	05e2                	slli	a1,a1,0x18
    6454:	8fcd                	or	a5,a5,a1
    6456:	00092583          	lw	a1,0(s2)
    645a:	973e                	add	a4,a4,a5
    645c:	8f0d                	sub	a4,a4,a1
    645e:	00e05b63          	blez	a4,6474 <tcp_receive+0x88e>
    6462:	8d9d                	sub	a1,a1,a5
    6464:	05c2                	slli	a1,a1,0x10
    6466:	0049a503          	lw	a0,4(s3)
    646a:	81c1                	srli	a1,a1,0x10
    646c:	00b99423          	sh	a1,8(s3)
    6470:	a50fe0ef          	jal	ra,46c0 <pbuf_realloc>
    6474:	0149a023          	sw	s4,0(s3)
    6478:	85a6                	mv	a1,s1
    647a:	8552                	mv	a0,s4
    647c:	bf99                	j	63d2 <tcp_receive+0x7ec>
    647e:	4094                	lw	a3,0(s1)
    6480:	89a6                	mv	s3,s1
    6482:	f00698e3          	bnez	a3,6392 <tcp_receive+0x7ac>
    6486:	8f99                	sub	a5,a5,a4
    6488:	f0f051e3          	blez	a5,638a <tcp_receive+0x7a4>
    648c:	365c                	lbu	a5,13(a2)
    648e:	2648                	lbu	a0,12(a2)
    6490:	07a2                	slli	a5,a5,0x8
    6492:	8d5d                	or	a0,a0,a5
    6494:	bccfd0ef          	jal	ra,3860 <lwip_htons>
    6498:	8905                	andi	a0,a0,1
    649a:	ee0518e3          	bnez	a0,638a <tcp_receive+0x7a4>
    649e:	20004537          	lui	a0,0x20004
    64a2:	aa450513          	addi	a0,a0,-1372 # 20003aa4 <inseg>
    64a6:	fd0fe0ef          	jal	ra,4c76 <tcp_seg_copy>
    64aa:	c088                	sw	a0,0(s1)
    64ac:	ec050fe3          	beqz	a0,638a <tcp_receive+0x7a4>
    64b0:	4898                	lw	a4,16(s1)
    64b2:	335c                	lbu	a5,5(a4)
    64b4:	234c                	lbu	a1,4(a4)
    64b6:	07a2                	slli	a5,a5,0x8
    64b8:	8ddd                	or	a1,a1,a5
    64ba:	237c                	lbu	a5,6(a4)
    64bc:	07c2                	slli	a5,a5,0x10
    64be:	8fcd                	or	a5,a5,a1
    64c0:	336c                	lbu	a1,7(a4)
    64c2:	249a                	lhu	a4,8(s1)
    64c4:	05e2                	slli	a1,a1,0x18
    64c6:	8fcd                	or	a5,a5,a1
    64c8:	00092583          	lw	a1,0(s2)
    64cc:	973e                	add	a4,a4,a5
    64ce:	8f0d                	sub	a4,a4,a1
    64d0:	00e05963          	blez	a4,64e2 <tcp_receive+0x8fc>
    64d4:	8d9d                	sub	a1,a1,a5
    64d6:	05c2                	slli	a1,a1,0x10
    64d8:	40c8                	lw	a0,4(s1)
    64da:	81c1                	srli	a1,a1,0x10
    64dc:	a48e                	sh	a1,8(s1)
    64de:	9e2fe0ef          	jal	ra,46c0 <pbuf_realloc>
    64e2:	00092703          	lw	a4,0(s2)
    64e6:	000a5783          	lhu	a5,0(s4)
    64ea:	97ba                	add	a5,a5,a4
    64ec:	5418                	lw	a4,40(s0)
    64ee:	8f99                	sub	a5,a5,a4
    64f0:	345a                	lhu	a4,44(s0)
    64f2:	8f99                	sub	a5,a5,a4
    64f4:	e8f05be3          	blez	a5,638a <tcp_receive+0x7a4>
    64f8:	409c                	lw	a5,0(s1)
    64fa:	4b9c                	lw	a5,16(a5)
    64fc:	27c8                	lbu	a0,12(a5)
    64fe:	37dc                	lbu	a5,13(a5)
    6500:	07a2                	slli	a5,a5,0x8
    6502:	8d5d                	or	a0,a0,a5
    6504:	b5cfd0ef          	jal	ra,3860 <lwip_htons>
    6508:	8905                	andi	a0,a0,1
    650a:	cd15                	beqz	a0,6546 <tcp_receive+0x960>
    650c:	409c                	lw	a5,0(s1)
    650e:	4b9c                	lw	a5,16(a5)
    6510:	00d7c983          	lbu	s3,13(a5)
    6514:	27c8                	lbu	a0,12(a5)
    6516:	09a2                	slli	s3,s3,0x8
    6518:	00a9e9b3          	or	s3,s3,a0
    651c:	854e                	mv	a0,s3
    651e:	b42fd0ef          	jal	ra,3860 <lwip_htons>
    6522:	03e57513          	andi	a0,a0,62
    6526:	b3afd0ef          	jal	ra,3860 <lwip_htons>
    652a:	409c                	lw	a5,0(s1)
    652c:	4b98                	lw	a4,16(a5)
    652e:	77f1                	lui	a5,0xffffc
    6530:	0ff78793          	addi	a5,a5,255 # ffffc0ff <__freertos_irq_stack_top+0xdffec0ff>
    6534:	00f9f9b3          	and	s3,s3,a5
    6538:	00a9e533          	or	a0,s3,a0
    653c:	0542                	slli	a0,a0,0x10
    653e:	8141                	srli	a0,a0,0x10
    6540:	a748                	sb	a0,12(a4)
    6542:	8121                	srli	a0,a0,0x8
    6544:	b748                	sb	a0,13(a4)
    6546:	00092703          	lw	a4,0(s2)
    654a:	344e                	lhu	a1,44(s0)
    654c:	409c                	lw	a5,0(s1)
    654e:	8d99                	sub	a1,a1,a4
    6550:	5418                	lw	a4,40(s0)
    6552:	43c8                	lw	a0,4(a5)
    6554:	95ba                	add	a1,a1,a4
    6556:	05c2                	slli	a1,a1,0x10
    6558:	81c1                	srli	a1,a1,0x10
    655a:	a78e                	sh	a1,8(a5)
    655c:	964fe0ef          	jal	ra,46c0 <pbuf_realloc>
    6560:	409c                	lw	a5,0(s1)
    6562:	2786                	lhu	s1,8(a5)
    6564:	4b9c                	lw	a5,16(a5)
    6566:	27c8                	lbu	a0,12(a5)
    6568:	37dc                	lbu	a5,13(a5)
    656a:	07a2                	slli	a5,a5,0x8
    656c:	8d5d                	or	a0,a0,a5
    656e:	af2fd0ef          	jal	ra,3860 <lwip_htons>
    6572:	890d                	andi	a0,a0,3
    6574:	00a03533          	snez	a0,a0
    6578:	00092783          	lw	a5,0(s2)
    657c:	9526                	add	a0,a0,s1
    657e:	0542                	slli	a0,a0,0x10
    6580:	8141                	srli	a0,a0,0x10
    6582:	00aa1023          	sh	a0,0(s4)
    6586:	5418                	lw	a4,40(s0)
    6588:	953e                	add	a0,a0,a5
    658a:	345e                	lhu	a5,44(s0)
    658c:	97ba                	add	a5,a5,a4
    658e:	def50ee3          	beq	a0,a5,638a <tcp_receive+0x7a4>
    6592:	0000e5b7          	lui	a1,0xe
    6596:	0000c537          	lui	a0,0xc
    659a:	b2858593          	addi	a1,a1,-1240 # db28 <tcp_pcb_lists+0x67c>
    659e:	49050513          	addi	a0,a0,1168 # c490 <_read+0x150>
    65a2:	309040ef          	jal	ra,b0aa <iprintf>
    65a6:	a001                	j	65a6 <tcp_receive+0x9c0>
    65a8:	40d78733          	sub	a4,a5,a3
    65ac:	00074863          	bltz	a4,65bc <tcp_receive+0x9d6>
    65b0:	345a                	lhu	a4,44(s0)
    65b2:	0785                	addi	a5,a5,1
    65b4:	8f95                	sub	a5,a5,a3
    65b6:	8f99                	sub	a5,a5,a4
    65b8:	daf05be3          	blez	a5,636e <tcp_receive+0x788>
    65bc:	2c7e                	lhu	a5,30(s0)
    65be:	b345                	j	635e <tcp_receive+0x778>

000065c0 <tcp_input>:
    65c0:	f1ff92ef          	jal	t0,4de <__riscv_save_12>
    65c4:	1141                	addi	sp,sp,-16
    65c6:	ed01                	bnez	a0,65de <tcp_input+0x1e>
    65c8:	0000e5b7          	lui	a1,0xe
    65cc:	0000c537          	lui	a0,0xc
    65d0:	87458593          	addi	a1,a1,-1932 # d874 <tcp_pcb_lists+0x3c8>
    65d4:	49050513          	addi	a0,a0,1168 # c490 <_read+0x150>
    65d8:	2d3040ef          	jal	ra,b0aa <iprintf>
    65dc:	a001                	j	65dc <tcp_input+0x1c>
    65de:	415c                	lw	a5,4(a0)
    65e0:	253a                	lhu	a4,10(a0)
    65e2:	90f1a623          	sw	a5,-1780(gp) # 2000018c <tcphdr>
    65e6:	47cd                	li	a5,19
    65e8:	84aa                	mv	s1,a0
    65ea:	90c18993          	addi	s3,gp,-1780 # 2000018c <tcphdr>
    65ee:	04e7f963          	bgeu	a5,a4,6640 <tcp_input+0x80>
    65f2:	b2818793          	addi	a5,gp,-1240 # 200003a8 <ip_data>
    65f6:	842e                	mv	s0,a1
    65f8:	4bc8                	lw	a0,20(a5)
    65fa:	b281a583          	lw	a1,-1240(gp) # 200003a8 <ip_data>
    65fe:	b2818b93          	addi	s7,gp,-1240 # 200003a8 <ip_data>
    6602:	97afd0ef          	jal	ra,377c <ip4_addr_isbroadcast_u32>
    6606:	ed0d                	bnez	a0,6640 <tcp_input+0x80>
    6608:	014ba783          	lw	a5,20(s7)
    660c:	0e000713          	li	a4,224
    6610:	0f07f793          	andi	a5,a5,240
    6614:	02e78663          	beq	a5,a4,6640 <tcp_input+0x80>
    6618:	c80d                	beqz	s0,664a <tcp_input+0x8a>
    661a:	305e                	lhu	a5,36(s0)
    661c:	4007f793          	andi	a5,a5,1024
    6620:	e78d                	bnez	a5,664a <tcp_input+0x8a>
    6622:	0009a783          	lw	a5,0(s3)
    6626:	27c8                	lbu	a0,12(a5)
    6628:	37dc                	lbu	a5,13(a5)
    662a:	07a2                	slli	a5,a5,0x8
    662c:	8d5d                	or	a0,a0,a5
    662e:	a32fd0ef          	jal	ra,3860 <lwip_htons>
    6632:	00a55593          	srli	a1,a0,0xa
    6636:	0fc5f593          	andi	a1,a1,252
    663a:	47cd                	li	a5,19
    663c:	02b7e263          	bltu	a5,a1,6660 <tcp_input+0xa0>
    6640:	8526                	mv	a0,s1
    6642:	e6bfd0ef          	jal	ra,44ac <pbuf_free>
    6646:	33b0006f          	j	7180 <tcp_input+0xbc0>
    664a:	2492                	lhu	a2,8(s1)
    664c:	b3c18713          	addi	a4,gp,-1220 # 200003bc <ip_data+0x14>
    6650:	b3818693          	addi	a3,gp,-1224 # 200003b8 <ip_data+0x10>
    6654:	4599                	li	a1,6
    6656:	8526                	mv	a0,s1
    6658:	b58fd0ef          	jal	ra,39b0 <ip_chksum_pseudo>
    665c:	d179                	beqz	a0,6622 <tcp_input+0x62>
    665e:	b7cd                	j	6640 <tcp_input+0x80>
    6660:	249e                	lhu	a5,8(s1)
    6662:	01059713          	slli	a4,a1,0x10
    6666:	8341                	srli	a4,a4,0x10
    6668:	fce7ece3          	bltu	a5,a4,6640 <tcp_input+0x80>
    666c:	fec70793          	addi	a5,a4,-20
    6670:	07c2                	slli	a5,a5,0x10
    6672:	24b6                	lhu	a3,10(s1)
    6674:	83c1                	srli	a5,a5,0x10
    6676:	91818913          	addi	s2,gp,-1768 # 20000198 <tcphdr_optlen>
    667a:	91418a13          	addi	s4,gp,-1772 # 20000194 <tcphdr_opt2>
    667e:	00f91023          	sh	a5,0(s2)
    6682:	000a2023          	sw	zero,0(s4)
    6686:	12e6e363          	bltu	a3,a4,67ac <tcp_input+0x1ec>
    668a:	8526                	mv	a0,s1
    668c:	90f19823          	sh	a5,-1776(gp) # 20000190 <tcphdr_opt1len>
    6690:	da5fd0ef          	jal	ra,4434 <pbuf_remove_header>
    6694:	0009a403          	lw	s0,0(s3)
    6698:	20000a37          	lui	s4,0x20000
    669c:	301c                	lbu	a5,1(s0)
    669e:	2008                	lbu	a0,0(s0)
    66a0:	20000cb7          	lui	s9,0x20000
    66a4:	07a2                	slli	a5,a5,0x8
    66a6:	8d5d                	or	a0,a0,a5
    66a8:	9b8fd0ef          	jal	ra,3860 <lwip_htons>
    66ac:	a008                	sb	a0,0(s0)
    66ae:	8121                	srli	a0,a0,0x8
    66b0:	b008                	sb	a0,1(s0)
    66b2:	0009a403          	lw	s0,0(s3)
    66b6:	91a18c13          	addi	s8,gp,-1766 # 2000019a <tcplen>
    66ba:	303c                	lbu	a5,3(s0)
    66bc:	2028                	lbu	a0,2(s0)
    66be:	07a2                	slli	a5,a5,0x8
    66c0:	8d5d                	or	a0,a0,a5
    66c2:	99efd0ef          	jal	ra,3860 <lwip_htons>
    66c6:	a028                	sb	a0,2(s0)
    66c8:	8121                	srli	a0,a0,0x8
    66ca:	b028                	sb	a0,3(s0)
    66cc:	0009a403          	lw	s0,0(s3)
    66d0:	3048                	lbu	a0,5(s0)
    66d2:	205c                	lbu	a5,4(s0)
    66d4:	0522                	slli	a0,a0,0x8
    66d6:	8d5d                	or	a0,a0,a5
    66d8:	207c                	lbu	a5,6(s0)
    66da:	07c2                	slli	a5,a5,0x10
    66dc:	8fc9                	or	a5,a5,a0
    66de:	3068                	lbu	a0,7(s0)
    66e0:	0562                	slli	a0,a0,0x18
    66e2:	8d5d                	or	a0,a0,a5
    66e4:	98afd0ef          	jal	ra,386e <lwip_htonl>
    66e8:	00855793          	srli	a5,a0,0x8
    66ec:	b05c                	sb	a5,5(s0)
    66ee:	01055793          	srli	a5,a0,0x10
    66f2:	a07c                	sb	a5,6(s0)
    66f4:	01855793          	srli	a5,a0,0x18
    66f8:	a048                	sb	a0,4(s0)
    66fa:	b07c                	sb	a5,7(s0)
    66fc:	0009a403          	lw	s0,0(s3)
    6700:	90a1a023          	sw	a0,-1792(gp) # 20000180 <seqno>
    6704:	90018a93          	addi	s5,gp,-1792 # 20000180 <seqno>
    6708:	3408                	lbu	a0,9(s0)
    670a:	241c                	lbu	a5,8(s0)
    670c:	0522                	slli	a0,a0,0x8
    670e:	8d5d                	or	a0,a0,a5
    6710:	243c                	lbu	a5,10(s0)
    6712:	07c2                	slli	a5,a5,0x10
    6714:	8fc9                	or	a5,a5,a0
    6716:	3428                	lbu	a0,11(s0)
    6718:	0562                	slli	a0,a0,0x18
    671a:	8d5d                	or	a0,a0,a5
    671c:	952fd0ef          	jal	ra,386e <lwip_htonl>
    6720:	00855793          	srli	a5,a0,0x8
    6724:	b41c                	sb	a5,9(s0)
    6726:	01055793          	srli	a5,a0,0x10
    672a:	a43c                	sb	a5,10(s0)
    672c:	01855793          	srli	a5,a0,0x18
    6730:	a408                	sb	a0,8(s0)
    6732:	b43c                	sb	a5,11(s0)
    6734:	0009a403          	lw	s0,0(s3)
    6738:	16aa2823          	sw	a0,368(s4) # 20000170 <ackno>
    673c:	170a0a13          	addi	s4,s4,368
    6740:	347c                	lbu	a5,15(s0)
    6742:	2468                	lbu	a0,14(s0)
    6744:	07a2                	slli	a5,a5,0x8
    6746:	8d5d                	or	a0,a0,a5
    6748:	918fd0ef          	jal	ra,3860 <lwip_htons>
    674c:	0009a783          	lw	a5,0(s3)
    6750:	a468                	sb	a0,14(s0)
    6752:	8121                	srli	a0,a0,0x8
    6754:	b468                	sb	a0,15(s0)
    6756:	27c8                	lbu	a0,12(a5)
    6758:	37dc                	lbu	a5,13(a5)
    675a:	07a2                	slli	a5,a5,0x8
    675c:	8d5d                	or	a0,a0,a5
    675e:	902fd0ef          	jal	ra,3860 <lwip_htons>
    6762:	0ff57713          	andi	a4,a0,255
    6766:	03f77793          	andi	a5,a4,63
    676a:	16fc8a23          	sb	a5,372(s9) # 20000174 <flags>
    676e:	00377793          	andi	a5,a4,3
    6772:	2492                	lhu	a2,8(s1)
    6774:	174c8c93          	addi	s9,s9,372
    6778:	e7f1                	bnez	a5,6844 <tcp_input+0x284>
    677a:	00cc1023          	sh	a2,0(s8)
    677e:	20000b37          	lui	s6,0x20000
    6782:	154b2803          	lw	a6,340(s6) # 20000154 <tcp_active_pcbs>
    6786:	004ba583          	lw	a1,4(s7)
    678a:	0009a683          	lw	a3,0(s3)
    678e:	010ba303          	lw	t1,16(s7)
    6792:	014ba883          	lw	a7,20(s7)
    6796:	8442                	mv	s0,a6
    6798:	4501                	li	a0,0
    679a:	4ea9                	li	t4,10
    679c:	4f05                	li	t5,1
    679e:	ec45                	bnez	s0,6856 <tcp_input+0x296>
    67a0:	200007b7          	lui	a5,0x20000
    67a4:	16c7a503          	lw	a0,364(a5) # 2000016c <tcp_tw_pcbs>
    67a8:	4e29                	li	t3,10
    67aa:	a4a1                	j	69f2 <tcp_input+0x432>
    67ac:	409c                	lw	a5,0(s1)
    67ae:	ef81                	bnez	a5,67c6 <tcp_input+0x206>
    67b0:	0000e5b7          	lui	a1,0xe
    67b4:	0000c537          	lui	a0,0xc
    67b8:	88c58593          	addi	a1,a1,-1908 # d88c <tcp_pcb_lists+0x3e0>
    67bc:	49050513          	addi	a0,a0,1168 # c490 <_read+0x150>
    67c0:	0eb040ef          	jal	ra,b0aa <iprintf>
    67c4:	a001                	j	67c4 <tcp_input+0x204>
    67c6:	45d1                	li	a1,20
    67c8:	8526                	mv	a0,s1
    67ca:	c6bfd0ef          	jal	ra,4434 <pbuf_remove_header>
    67ce:	24a2                	lhu	s0,10(s1)
    67d0:	8526                	mv	a0,s1
    67d2:	85a2                	mv	a1,s0
    67d4:	90819823          	sh	s0,-1776(gp) # 20000190 <tcphdr_opt1len>
    67d8:	00095a83          	lhu	s5,0(s2)
    67dc:	c59fd0ef          	jal	ra,4434 <pbuf_remove_header>
    67e0:	4088                	lw	a0,0(s1)
    67e2:	408a8933          	sub	s2,s5,s0
    67e6:	0942                	slli	s2,s2,0x10
    67e8:	253e                	lhu	a5,10(a0)
    67ea:	01095913          	srli	s2,s2,0x10
    67ee:	e527e9e3          	bltu	a5,s2,6640 <tcp_input+0x80>
    67f2:	415c                	lw	a5,4(a0)
    67f4:	85ca                	mv	a1,s2
    67f6:	00fa2023          	sw	a5,0(s4)
    67fa:	c3bfd0ef          	jal	ra,4434 <pbuf_remove_header>
    67fe:	249e                	lhu	a5,8(s1)
    6800:	943e                	add	s0,s0,a5
    6802:	41540433          	sub	s0,s0,s5
    6806:	0442                	slli	s0,s0,0x10
    6808:	24be                	lhu	a5,10(s1)
    680a:	8041                	srli	s0,s0,0x10
    680c:	a482                	sh	s0,8(s1)
    680e:	cf81                	beqz	a5,6826 <tcp_input+0x266>
    6810:	0000e5b7          	lui	a1,0xe
    6814:	0000c537          	lui	a0,0xc
    6818:	89c58593          	addi	a1,a1,-1892 # d89c <tcp_pcb_lists+0x3f0>
    681c:	49050513          	addi	a0,a0,1168 # c490 <_read+0x150>
    6820:	08b040ef          	jal	ra,b0aa <iprintf>
    6824:	a001                	j	6824 <tcp_input+0x264>
    6826:	409c                	lw	a5,0(s1)
    6828:	279e                	lhu	a5,8(a5)
    682a:	e68785e3          	beq	a5,s0,6694 <tcp_input+0xd4>
    682e:	0000e5b7          	lui	a1,0xe
    6832:	0000c537          	lui	a0,0xc
    6836:	8a858593          	addi	a1,a1,-1880 # d8a8 <tcp_pcb_lists+0x3fc>
    683a:	49050513          	addi	a0,a0,1168 # c490 <_read+0x150>
    683e:	06d040ef          	jal	ra,b0aa <iprintf>
    6842:	a001                	j	6842 <tcp_input+0x282>
    6844:	00160793          	addi	a5,a2,1
    6848:	07c2                	slli	a5,a5,0x10
    684a:	83c1                	srli	a5,a5,0x10
    684c:	00fc1023          	sh	a5,0(s8)
    6850:	f2c7f7e3          	bgeu	a5,a2,677e <tcp_input+0x1be>
    6854:	b3f5                	j	6640 <tcp_input+0x80>
    6856:	485c                	lw	a5,20(s0)
    6858:	ef81                	bnez	a5,6870 <tcp_input+0x2b0>
    685a:	0000e5b7          	lui	a1,0xe
    685e:	0000c537          	lui	a0,0xc
    6862:	8c858593          	addi	a1,a1,-1848 # d8c8 <tcp_pcb_lists+0x41c>
    6866:	49050513          	addi	a0,a0,1168 # c490 <_read+0x150>
    686a:	041040ef          	jal	ra,b0aa <iprintf>
    686e:	a001                	j	686e <tcp_input+0x2ae>
    6870:	01d79d63          	bne	a5,t4,688a <tcp_input+0x2ca>
    6874:	0000e5b7          	lui	a1,0xe
    6878:	0000c537          	lui	a0,0xc
    687c:	8f058593          	addi	a1,a1,-1808 # d8f0 <tcp_pcb_lists+0x444>
    6880:	49050513          	addi	a0,a0,1168 # c490 <_read+0x150>
    6884:	027040ef          	jal	ra,b0aa <iprintf>
    6888:	a001                	j	6888 <tcp_input+0x2c8>
    688a:	01e79d63          	bne	a5,t5,68a4 <tcp_input+0x2e4>
    688e:	0000e5b7          	lui	a1,0xe
    6892:	0000c537          	lui	a0,0xc
    6896:	91c58593          	addi	a1,a1,-1764 # d91c <tcp_pcb_lists+0x470>
    689a:	49050513          	addi	a0,a0,1168 # c490 <_read+0x150>
    689e:	00d040ef          	jal	ra,b0aa <iprintf>
    68a2:	a001                	j	68a2 <tcp_input+0x2e2>
    68a4:	00844f83          	lbu	t6,8(s0)
    68a8:	00c42e03          	lw	t3,12(s0)
    68ac:	000f8963          	beqz	t6,68be <tcp_input+0x2fe>
    68b0:	0325c783          	lbu	a5,50(a1)
    68b4:	0785                	addi	a5,a5,1
    68b6:	0ff7f793          	andi	a5,a5,255
    68ba:	06ff9e63          	bne	t6,a5,6936 <tcp_input+0x376>
    68be:	329c                	lbu	a5,1(a3)
    68c0:	0006c283          	lbu	t0,0(a3)
    68c4:	01c45f83          	lhu	t6,28(s0)
    68c8:	07a2                	slli	a5,a5,0x8
    68ca:	0057e7b3          	or	a5,a5,t0
    68ce:	06ff9463          	bne	t6,a5,6936 <tcp_input+0x376>
    68d2:	32bc                	lbu	a5,3(a3)
    68d4:	0026c283          	lbu	t0,2(a3)
    68d8:	01a45f83          	lhu	t6,26(s0)
    68dc:	07a2                	slli	a5,a5,0x8
    68de:	0057e7b3          	or	a5,a5,t0
    68e2:	04ff9a63          	bne	t6,a5,6936 <tcp_input+0x376>
    68e6:	405c                	lw	a5,4(s0)
    68e8:	04679763          	bne	a5,t1,6936 <tcp_input+0x376>
    68ec:	401c                	lw	a5,0(s0)
    68ee:	05179463          	bne	a5,a7,6936 <tcp_input+0x376>
    68f2:	01c41d63          	bne	s0,t3,690c <tcp_input+0x34c>
    68f6:	0000e5b7          	lui	a1,0xe
    68fa:	0000c537          	lui	a0,0xc
    68fe:	94458593          	addi	a1,a1,-1724 # d944 <tcp_pcb_lists+0x498>
    6902:	49050513          	addi	a0,a0,1168 # c490 <_read+0x150>
    6906:	7a4040ef          	jal	ra,b0aa <iprintf>
    690a:	a001                	j	690a <tcp_input+0x34a>
    690c:	7e050563          	beqz	a0,70f6 <tcp_input+0xb36>
    6910:	01c52623          	sw	t3,12(a0)
    6914:	01042623          	sw	a6,12(s0)
    6918:	148b2a23          	sw	s0,340(s6)
    691c:	7d041d63          	bne	s0,a6,70f6 <tcp_input+0xb36>
    6920:	0000e5b7          	lui	a1,0xe
    6924:	0000c537          	lui	a0,0xc
    6928:	97058593          	addi	a1,a1,-1680 # d970 <tcp_pcb_lists+0x4c4>
    692c:	49050513          	addi	a0,a0,1168 # c490 <_read+0x150>
    6930:	77a040ef          	jal	ra,b0aa <iprintf>
    6934:	a001                	j	6934 <tcp_input+0x374>
    6936:	8522                	mv	a0,s0
    6938:	8472                	mv	s0,t3
    693a:	b595                	j	679e <tcp_input+0x1de>
    693c:	495c                	lw	a5,20(a0)
    693e:	01c78d63          	beq	a5,t3,6958 <tcp_input+0x398>
    6942:	0000e5b7          	lui	a1,0xe
    6946:	0000c537          	lui	a0,0xc
    694a:	99c58593          	addi	a1,a1,-1636 # d99c <tcp_pcb_lists+0x4f0>
    694e:	49050513          	addi	a0,a0,1168 # c490 <_read+0x150>
    6952:	758040ef          	jal	ra,b0aa <iprintf>
    6956:	a001                	j	6956 <tcp_input+0x396>
    6958:	2510                	lbu	a2,8(a0)
    695a:	ca01                	beqz	a2,696a <tcp_input+0x3aa>
    695c:	0325c783          	lbu	a5,50(a1)
    6960:	0785                	addi	a5,a5,1
    6962:	0ff7f793          	andi	a5,a5,255
    6966:	08f61563          	bne	a2,a5,69f0 <tcp_input+0x430>
    696a:	329c                	lbu	a5,1(a3)
    696c:	2290                	lbu	a2,0(a3)
    696e:	01c55803          	lhu	a6,28(a0)
    6972:	07a2                	slli	a5,a5,0x8
    6974:	8fd1                	or	a5,a5,a2
    6976:	06f81d63          	bne	a6,a5,69f0 <tcp_input+0x430>
    697a:	32b0                	lbu	a2,3(a3)
    697c:	22bc                	lbu	a5,2(a3)
    697e:	0622                	slli	a2,a2,0x8
    6980:	8e5d                	or	a2,a2,a5
    6982:	2d3e                	lhu	a5,26(a0)
    6984:	06c79663          	bne	a5,a2,69f0 <tcp_input+0x430>
    6988:	4150                	lw	a2,4(a0)
    698a:	06c31363          	bne	t1,a2,69f0 <tcp_input+0x430>
    698e:	4110                	lw	a2,0(a0)
    6990:	06c89063          	bne	a7,a2,69f0 <tcp_input+0x430>
    6994:	00477693          	andi	a3,a4,4
    6998:	ca0694e3          	bnez	a3,6640 <tcp_input+0x80>
    699c:	00277693          	andi	a3,a4,2
    69a0:	000c5603          	lhu	a2,0(s8)
    69a4:	c695                	beqz	a3,69d0 <tcp_input+0x410>
    69a6:	000aa583          	lw	a1,0(s5)
    69aa:	5518                	lw	a4,40(a0)
    69ac:	40e58733          	sub	a4,a1,a4
    69b0:	02074763          	bltz	a4,69de <tcp_input+0x41e>
    69b4:	3556                	lhu	a3,44(a0)
    69b6:	8f15                	sub	a4,a4,a3
    69b8:	02e04363          	bgtz	a4,69de <tcp_input+0x41e>
    69bc:	962e                	add	a2,a2,a1
    69be:	000a2583          	lw	a1,0(s4)
    69c2:	b3818713          	addi	a4,gp,-1224 # 200003b8 <ip_data+0x10>
    69c6:	b3c18693          	addi	a3,gp,-1220 # 200003bc <ip_data+0x14>
    69ca:	008010ef          	jal	ra,79d2 <tcp_rst>
    69ce:	b98d                	j	6640 <tcp_input+0x80>
    69d0:	8b05                	andi	a4,a4,1
    69d2:	c711                	beqz	a4,69de <tcp_input+0x41e>
    69d4:	200007b7          	lui	a5,0x20000
    69d8:	1647a783          	lw	a5,356(a5) # 20000164 <tcp_ticks>
    69dc:	d15c                	sw	a5,36(a0)
    69de:	c60601e3          	beqz	a2,6640 <tcp_input+0x80>
    69e2:	2d7e                	lhu	a5,30(a0)
    69e4:	0027e793          	ori	a5,a5,2
    69e8:	ad7e                	sh	a5,30(a0)
    69ea:	0c2010ef          	jal	ra,7aac <tcp_output>
    69ee:	b989                	j	6640 <tcp_input+0x80>
    69f0:	4548                	lw	a0,12(a0)
    69f2:	f529                	bnez	a0,693c <tcp_input+0x37c>
    69f4:	200007b7          	lui	a5,0x20000
    69f8:	1607a803          	lw	a6,352(a5) # 20000160 <tcp_listen_pcbs>
    69fc:	863e                	mv	a2,a5
    69fe:	8942                	mv	s2,a6
    6a00:	04091463          	bnez	s2,6a48 <tcp_input+0x488>
    6a04:	36dc                	lbu	a5,13(a3)
    6a06:	26c8                	lbu	a0,12(a3)
    6a08:	07a2                	slli	a5,a5,0x8
    6a0a:	8d5d                	or	a0,a0,a5
    6a0c:	e55fc0ef          	jal	ra,3860 <lwip_htons>
    6a10:	8911                	andi	a0,a0,4
    6a12:	c20517e3          	bnez	a0,6640 <tcp_input+0x80>
    6a16:	0009a703          	lw	a4,0(s3)
    6a1a:	000c5583          	lhu	a1,0(s8)
    6a1e:	000aa603          	lw	a2,0(s5)
    6a22:	3314                	lbu	a3,1(a4)
    6a24:	00074803          	lbu	a6,0(a4)
    6a28:	333c                	lbu	a5,3(a4)
    6a2a:	2328                	lbu	a0,2(a4)
    6a2c:	06a2                	slli	a3,a3,0x8
    6a2e:	07a2                	slli	a5,a5,0x8
    6a30:	0106e833          	or	a6,a3,a6
    6a34:	8fc9                	or	a5,a5,a0
    6a36:	962e                	add	a2,a2,a1
    6a38:	b3818713          	addi	a4,gp,-1224 # 200003b8 <ip_data+0x10>
    6a3c:	b3c18693          	addi	a3,gp,-1220 # 200003bc <ip_data+0x14>
    6a40:	000a2583          	lw	a1,0(s4)
    6a44:	4501                	li	a0,0
    6a46:	b751                	j	69ca <tcp_input+0x40a>
    6a48:	00894303          	lbu	t1,8(s2)
    6a4c:	00030963          	beqz	t1,6a5e <tcp_input+0x49e>
    6a50:	0325c783          	lbu	a5,50(a1)
    6a54:	0785                	addi	a5,a5,1
    6a56:	0ff7f793          	andi	a5,a5,255
    6a5a:	02f31263          	bne	t1,a5,6a7e <tcp_input+0x4be>
    6a5e:	32bc                	lbu	a5,3(a3)
    6a60:	0026c303          	lbu	t1,2(a3)
    6a64:	07a2                	slli	a5,a5,0x8
    6a66:	0067e7b3          	or	a5,a5,t1
    6a6a:	01a95303          	lhu	t1,26(s2)
    6a6e:	00f31863          	bne	t1,a5,6a7e <tcp_input+0x4be>
    6a72:	00092303          	lw	t1,0(s2)
    6a76:	62688d63          	beq	a7,t1,70b0 <tcp_input+0xaf0>
    6a7a:	62030b63          	beqz	t1,70b0 <tcp_input+0xaf0>
    6a7e:	854a                	mv	a0,s2
    6a80:	00c92903          	lw	s2,12(s2)
    6a84:	bfb5                	j	6a00 <tcp_input+0x440>
    6a86:	8b09                	andi	a4,a4,2
    6a88:	ba070ce3          	beqz	a4,6640 <tcp_input+0x80>
    6a8c:	01894503          	lbu	a0,24(s2)
    6a90:	db0fe0ef          	jal	ra,5040 <tcp_alloc>
    6a94:	842a                	mv	s0,a0
    6a96:	e919                	bnez	a0,6aac <tcp_input+0x4ec>
    6a98:	01c92783          	lw	a5,28(s2)
    6a9c:	ba0782e3          	beqz	a5,6640 <tcp_input+0x80>
    6aa0:	01092503          	lw	a0,16(s2)
    6aa4:	567d                	li	a2,-1
    6aa6:	4581                	li	a1,0
    6aa8:	9782                	jalr	a5
    6aaa:	be59                	j	6640 <tcp_input+0x80>
    6aac:	014ba783          	lw	a5,20(s7)
    6ab0:	0009a703          	lw	a4,0(s3)
    6ab4:	c11c                	sw	a5,0(a0)
    6ab6:	010ba783          	lw	a5,16(s7)
    6aba:	2314                	lbu	a3,0(a4)
    6abc:	c15c                	sw	a5,4(a0)
    6abe:	01a95783          	lhu	a5,26(s2)
    6ac2:	ad3e                	sh	a5,26(a0)
    6ac4:	331c                	lbu	a5,1(a4)
    6ac6:	07a2                	slli	a5,a5,0x8
    6ac8:	8fd5                	or	a5,a5,a3
    6aca:	ad5e                	sh	a5,28(a0)
    6acc:	478d                	li	a5,3
    6ace:	c95c                	sw	a5,20(a0)
    6ad0:	000aa783          	lw	a5,0(s5)
    6ad4:	0785                	addi	a5,a5,1
    6ad6:	d51c                	sw	a5,40(a0)
    6ad8:	d91c                	sw	a5,48(a0)
    6ada:	9dcfe0ef          	jal	ra,4cb6 <tcp_next_iss>
    6ade:	000aa783          	lw	a5,0(s5)
    6ae2:	cc68                	sw	a0,92(s0)
    6ae4:	c868                	sw	a0,84(s0)
    6ae6:	17fd                	addi	a5,a5,-1
    6ae8:	cc3c                	sw	a5,88(s0)
    6aea:	01092783          	lw	a5,16(s2)
    6aee:	c428                	sw	a0,72(s0)
    6af0:	d028                	sw	a0,96(s0)
    6af2:	09242023          	sw	s2,128(s0)
    6af6:	c81c                	sw	a5,16(s0)
    6af8:	00994783          	lbu	a5,9(s2)
    6afc:	8bb1                	andi	a5,a5,12
    6afe:	b41c                	sb	a5,9(s0)
    6b00:	00894783          	lbu	a5,8(s2)
    6b04:	a41c                	sb	a5,8(s0)
    6b06:	154b2783          	lw	a5,340(s6)
    6b0a:	148b2a23          	sw	s0,340(s6)
    6b0e:	c45c                	sw	a5,12(s0)
    6b10:	668010ef          	jal	ra,8178 <tcp_timer_needed>
    6b14:	200007b7          	lui	a5,0x20000
    6b18:	4705                	li	a4,1
    6b1a:	8522                	mv	a0,s0
    6b1c:	14e78c23          	sb	a4,344(a5) # 20000158 <tcp_active_pcbs_changed>
    6b20:	f09fe0ef          	jal	ra,5a28 <tcp_parseopt>
    6b24:	0009a703          	lw	a4,0(s3)
    6b28:	00440613          	addi	a2,s0,4
    6b2c:	8532                	mv	a0,a2
    6b2e:	377c                	lbu	a5,15(a4)
    6b30:	2774                	lbu	a3,14(a4)
    6b32:	03645903          	lhu	s2,54(s0)
    6b36:	07a2                	slli	a5,a5,0x8
    6b38:	8fd5                	or	a5,a5,a3
    6b3a:	06f41223          	sh	a5,100(s0)
    6b3e:	06f41323          	sh	a5,102(s0)
    6b42:	c632                	sw	a2,12(sp)
    6b44:	89bfc0ef          	jal	ra,33de <ip4_route>
    6b48:	4632                	lw	a2,12(sp)
    6b4a:	85aa                	mv	a1,a0
    6b4c:	854a                	mv	a0,s2
    6b4e:	998fe0ef          	jal	ra,4ce6 <tcp_eff_send_mss_netif>
    6b52:	b86a                	sh	a0,54(s0)
    6b54:	45c9                	li	a1,18
    6b56:	8522                	mv	a0,s0
    6b58:	307000ef          	jal	ra,765e <tcp_enqueue_flags>
    6b5c:	c511                	beqz	a0,6b68 <tcp_input+0x5a8>
    6b5e:	4581                	li	a1,0
    6b60:	8522                	mv	a0,s0
    6b62:	b18fe0ef          	jal	ra,4e7a <tcp_abandon>
    6b66:	bce9                	j	6640 <tcp_input+0x80>
    6b68:	8522                	mv	a0,s0
    6b6a:	b541                	j	69ea <tcp_input+0x42a>
    6b6c:	000cc703          	lbu	a4,0(s9)
    6b70:	c080                	sw	s0,0(s1)
    6b72:	00477793          	andi	a5,a4,4
    6b76:	c3d1                	beqz	a5,6bfa <tcp_input+0x63a>
    6b78:	4858                	lw	a4,20(s0)
    6b7a:	4789                	li	a5,2
    6b7c:	02f71b63          	bne	a4,a5,6bb2 <tcp_input+0x5f2>
    6b80:	4878                	lw	a4,84(s0)
    6b82:	000a2783          	lw	a5,0(s4)
    6b86:	06f70063          	beq	a4,a5,6be6 <tcp_input+0x626>
    6b8a:	00094783          	lbu	a5,0(s2)
    6b8e:	8ba1                	andi	a5,a5,8
    6b90:	44078c63          	beqz	a5,6fe8 <tcp_input+0xa28>
    6b94:	09442783          	lw	a5,148(s0)
    6b98:	c781                	beqz	a5,6ba0 <tcp_input+0x5e0>
    6b9a:	4808                	lw	a0,16(s0)
    6b9c:	55c9                	li	a1,-14
    6b9e:	9782                	jalr	a5
    6ba0:	154b0513          	addi	a0,s6,340
    6ba4:	85a2                	mv	a1,s0
    6ba6:	9f8fe0ef          	jal	ra,4d9e <tcp_pcb_remove>
    6baa:	8522                	mv	a0,s0
    6bac:	f79fd0ef          	jal	ra,4b24 <tcp_free>
    6bb0:	ab6d                	j	716a <tcp_input+0xbaa>
    6bb2:	5414                	lw	a3,40(s0)
    6bb4:	000aa783          	lw	a5,0(s5)
    6bb8:	00f68b63          	beq	a3,a5,6bce <tcp_input+0x60e>
    6bbc:	8f95                	sub	a5,a5,a3
    6bbe:	fc07c6e3          	bltz	a5,6b8a <tcp_input+0x5ca>
    6bc2:	345a                	lhu	a4,44(s0)
    6bc4:	8f99                	sub	a5,a5,a4
    6bc6:	fcf042e3          	bgtz	a5,6b8a <tcp_input+0x5ca>
    6bca:	2c7e                	lhu	a5,30(s0)
    6bcc:	a83d                	j	6c0a <tcp_input+0x64a>
    6bce:	ef01                	bnez	a4,6be6 <tcp_input+0x626>
    6bd0:	0000e5b7          	lui	a1,0xe
    6bd4:	0000c537          	lui	a0,0xc
    6bd8:	9cc58593          	addi	a1,a1,-1588 # d9cc <tcp_pcb_lists+0x520>
    6bdc:	49050513          	addi	a0,a0,1168 # c490 <_read+0x150>
    6be0:	4ca040ef          	jal	ra,b0aa <iprintf>
    6be4:	a001                	j	6be4 <tcp_input+0x624>
    6be6:	00094783          	lbu	a5,0(s2)
    6bea:	0087e793          	ori	a5,a5,8
    6bee:	00f90023          	sb	a5,0(s2)
    6bf2:	2c7e                	lhu	a5,30(s0)
    6bf4:	9bf9                	andi	a5,a5,-2
    6bf6:	ac7e                	sh	a5,30(s0)
    6bf8:	bf49                	j	6b8a <tcp_input+0x5ca>
    6bfa:	8b09                	andi	a4,a4,2
    6bfc:	2c7e                	lhu	a5,30(s0)
    6bfe:	cb09                	beqz	a4,6c10 <tcp_input+0x650>
    6c00:	4858                	lw	a4,20(s0)
    6c02:	4685                	li	a3,1
    6c04:	1779                	addi	a4,a4,-2
    6c06:	00e6f563          	bgeu	a3,a4,6c10 <tcp_input+0x650>
    6c0a:	0027e793          	ori	a5,a5,2
    6c0e:	b7e5                	j	6bf6 <tcp_input+0x636>
    6c10:	8bc1                	andi	a5,a5,16
    6c12:	e791                	bnez	a5,6c1e <tcp_input+0x65e>
    6c14:	200007b7          	lui	a5,0x20000
    6c18:	1647a783          	lw	a5,356(a5) # 20000164 <tcp_ticks>
    6c1c:	d05c                	sw	a5,36(s0)
    6c1e:	08041f23          	sh	zero,158(s0)
    6c22:	8522                	mv	a0,s0
    6c24:	e05fe0ef          	jal	ra,5a28 <tcp_parseopt>
    6c28:	485c                	lw	a5,20(s0)
    6c2a:	471d                	li	a4,7
    6c2c:	17f9                	addi	a5,a5,-2
    6c2e:	f4f76ee3          	bltu	a4,a5,6b8a <tcp_input+0x5ca>
    6c32:	6739                	lui	a4,0xe
    6c34:	078a                	slli	a5,a5,0x2
    6c36:	80c70713          	addi	a4,a4,-2036 # d80c <tcp_pcb_lists+0x360>
    6c3a:	97ba                	add	a5,a5,a4
    6c3c:	439c                	lw	a5,0(a5)
    6c3e:	8782                	jr	a5
    6c40:	000cc783          	lbu	a5,0(s9)
    6c44:	4749                	li	a4,18
    6c46:	0127f693          	andi	a3,a5,18
    6c4a:	0ee69e63          	bne	a3,a4,6d46 <tcp_input+0x786>
    6c4e:	4434                	lw	a3,72(s0)
    6c50:	000a2703          	lw	a4,0(s4)
    6c54:	0685                	addi	a3,a3,1
    6c56:	0ee69863          	bne	a3,a4,6d46 <tcp_input+0x786>
    6c5a:	000aa703          	lw	a4,0(s5)
    6c5e:	c434                	sw	a3,72(s0)
    6c60:	0009a683          	lw	a3,0(s3)
    6c64:	00170793          	addi	a5,a4,1
    6c68:	d41c                	sw	a5,40(s0)
    6c6a:	d81c                	sw	a5,48(s0)
    6c6c:	36fc                	lbu	a5,15(a3)
    6c6e:	26f0                	lbu	a2,14(a3)
    6c70:	177d                	addi	a4,a4,-1
    6c72:	07a2                	slli	a5,a5,0x8
    6c74:	8fd1                	or	a5,a5,a2
    6c76:	06f41223          	sh	a5,100(s0)
    6c7a:	00440613          	addi	a2,s0,4
    6c7e:	06f41323          	sh	a5,102(s0)
    6c82:	4791                	li	a5,4
    6c84:	cc38                	sw	a4,88(s0)
    6c86:	c85c                	sw	a5,20(s0)
    6c88:	8532                	mv	a0,a2
    6c8a:	03645983          	lhu	s3,54(s0)
    6c8e:	c632                	sw	a2,12(sp)
    6c90:	f4efc0ef          	jal	ra,33de <ip4_route>
    6c94:	4632                	lw	a2,12(sp)
    6c96:	85aa                	mv	a1,a0
    6c98:	854e                	mv	a0,s3
    6c9a:	84cfe0ef          	jal	ra,4ce6 <tcp_eff_send_mss_netif>
    6c9e:	00151713          	slli	a4,a0,0x1
    6ca2:	b86a                	sh	a0,54(s0)
    6ca4:	00251793          	slli	a5,a0,0x2
    6ca8:	6505                	lui	a0,0x1
    6caa:	11c50513          	addi	a0,a0,284 # 111c <sys_mbox_trypost+0x68>
    6cae:	86ba                	mv	a3,a4
    6cb0:	00a77363          	bgeu	a4,a0,6cb6 <tcp_input+0x6f6>
    6cb4:	86aa                	mv	a3,a0
    6cb6:	02d7f563          	bgeu	a5,a3,6ce0 <tcp_input+0x720>
    6cba:	01079513          	slli	a0,a5,0x10
    6cbe:	8141                	srli	a0,a0,0x10
    6cc0:	06a45783          	lhu	a5,106(s0)
    6cc4:	04a41623          	sh	a0,76(s0)
    6cc8:	e38d                	bnez	a5,6cea <tcp_input+0x72a>
    6cca:	0000e5b7          	lui	a1,0xe
    6cce:	0000c537          	lui	a0,0xc
    6cd2:	9ec58593          	addi	a1,a1,-1556 # d9ec <tcp_pcb_lists+0x540>
    6cd6:	49050513          	addi	a0,a0,1168 # c490 <_read+0x150>
    6cda:	3d0040ef          	jal	ra,b0aa <iprintf>
    6cde:	a001                	j	6cde <tcp_input+0x71e>
    6ce0:	fee570e3          	bgeu	a0,a4,6cc0 <tcp_input+0x700>
    6ce4:	01071513          	slli	a0,a4,0x10
    6ce8:	bfd9                	j	6cbe <tcp_input+0x6fe>
    6cea:	5868                	lw	a0,116(s0)
    6cec:	17fd                	addi	a5,a5,-1
    6cee:	06f41523          	sh	a5,106(s0)
    6cf2:	e131                	bnez	a0,6d36 <tcp_input+0x776>
    6cf4:	5828                	lw	a0,112(s0)
    6cf6:	ed01                	bnez	a0,6d0e <tcp_input+0x74e>
    6cf8:	0000e5b7          	lui	a1,0xe
    6cfc:	0000c537          	lui	a0,0xc
    6d00:	a0458593          	addi	a1,a1,-1532 # da04 <tcp_pcb_lists+0x558>
    6d04:	49050513          	addi	a0,a0,1168 # c490 <_read+0x150>
    6d08:	3a2040ef          	jal	ra,b0aa <iprintf>
    6d0c:	a001                	j	6d0c <tcp_input+0x74c>
    6d0e:	411c                	lw	a5,0(a0)
    6d10:	d83c                	sw	a5,112(s0)
    6d12:	f2bfd0ef          	jal	ra,4c3c <tcp_seg_free>
    6d16:	587c                	lw	a5,116(s0)
    6d18:	e395                	bnez	a5,6d3c <tcp_input+0x77c>
    6d1a:	57fd                	li	a5,-1
    6d1c:	b85e                	sh	a5,52(s0)
    6d1e:	08c42783          	lw	a5,140(s0)
    6d22:	ea0784e3          	beqz	a5,6bca <tcp_input+0x60a>
    6d26:	4808                	lw	a0,16(s0)
    6d28:	4601                	li	a2,0
    6d2a:	85a2                	mv	a1,s0
    6d2c:	9782                	jalr	a5
    6d2e:	57cd                	li	a5,-13
    6d30:	e8f51de3          	bne	a0,a5,6bca <tcp_input+0x60a>
    6d34:	a91d                	j	716a <tcp_input+0xbaa>
    6d36:	411c                	lw	a5,0(a0)
    6d38:	d87c                	sw	a5,116(s0)
    6d3a:	bfe1                	j	6d12 <tcp_input+0x752>
    6d3c:	02041a23          	sh	zero,52(s0)
    6d40:	04040323          	sb	zero,70(s0)
    6d44:	bfe9                	j	6d1e <tcp_input+0x75e>
    6d46:	8bc1                	andi	a5,a5,16
    6d48:	e40781e3          	beqz	a5,6b8a <tcp_input+0x5ca>
    6d4c:	0009a703          	lw	a4,0(s3)
    6d50:	000c5583          	lhu	a1,0(s8)
    6d54:	000aa603          	lw	a2,0(s5)
    6d58:	3314                	lbu	a3,1(a4)
    6d5a:	00074803          	lbu	a6,0(a4)
    6d5e:	333c                	lbu	a5,3(a4)
    6d60:	2328                	lbu	a0,2(a4)
    6d62:	06a2                	slli	a3,a3,0x8
    6d64:	962e                	add	a2,a2,a1
    6d66:	000a2583          	lw	a1,0(s4)
    6d6a:	0106e833          	or	a6,a3,a6
    6d6e:	07a2                	slli	a5,a5,0x8
    6d70:	8fc9                	or	a5,a5,a0
    6d72:	b3818713          	addi	a4,gp,-1224 # 200003b8 <ip_data+0x10>
    6d76:	b3c18693          	addi	a3,gp,-1220 # 200003bc <ip_data+0x14>
    6d7a:	8522                	mv	a0,s0
    6d7c:	457000ef          	jal	ra,79d2 <tcp_rst>
    6d80:	04644703          	lbu	a4,70(s0)
    6d84:	4795                	li	a5,5
    6d86:	e0e7e2e3          	bltu	a5,a4,6b8a <tcp_input+0x5ca>
    6d8a:	02041a23          	sh	zero,52(s0)
    6d8e:	8522                	mv	a0,s0
    6d90:	174010ef          	jal	ra,7f04 <tcp_rexmit_rto>
    6d94:	bbdd                	j	6b8a <tcp_input+0x5ca>
    6d96:	000cc783          	lbu	a5,0(s9)
    6d9a:	0107f713          	andi	a4,a5,16
    6d9e:	0e070763          	beqz	a4,6e8c <tcp_input+0x8cc>
    6da2:	000a2583          	lw	a1,0(s4)
    6da6:	4438                	lw	a4,72(s0)
    6da8:	fff58793          	addi	a5,a1,-1
    6dac:	8f99                	sub	a5,a5,a4
    6dae:	0a07c463          	bltz	a5,6e56 <tcp_input+0x896>
    6db2:	487c                	lw	a5,84(s0)
    6db4:	40f587b3          	sub	a5,a1,a5
    6db8:	08f04f63          	bgtz	a5,6e56 <tcp_input+0x896>
    6dbc:	4791                	li	a5,4
    6dbe:	c85c                	sw	a5,20(s0)
    6dc0:	08042783          	lw	a5,128(s0)
    6dc4:	e789                	bnez	a5,6dce <tcp_input+0x80e>
    6dc6:	8522                	mv	a0,s0
    6dc8:	9a4fe0ef          	jal	ra,4f6c <tcp_abort>
    6dcc:	ae79                	j	716a <tcp_input+0xbaa>
    6dce:	4fdc                	lw	a5,28(a5)
    6dd0:	ef81                	bnez	a5,6de8 <tcp_input+0x828>
    6dd2:	0000e5b7          	lui	a1,0xe
    6dd6:	0000c537          	lui	a0,0xc
    6dda:	a1858593          	addi	a1,a1,-1512 # da18 <tcp_pcb_lists+0x56c>
    6dde:	49050513          	addi	a0,a0,1168 # c490 <_read+0x150>
    6de2:	2c8040ef          	jal	ra,b0aa <iprintf>
    6de6:	a001                	j	6de6 <tcp_input+0x826>
    6de8:	4808                	lw	a0,16(s0)
    6dea:	4601                	li	a2,0
    6dec:	85a2                	mv	a1,s0
    6dee:	9782                	jalr	a5
    6df0:	c509                	beqz	a0,6dfa <tcp_input+0x83a>
    6df2:	57cd                	li	a5,-13
    6df4:	36f50b63          	beq	a0,a5,716a <tcp_input+0xbaa>
    6df8:	b7f9                	j	6dc6 <tcp_input+0x806>
    6dfa:	8522                	mv	a0,s0
    6dfc:	debfe0ef          	jal	ra,5be6 <tcp_receive>
    6e00:	000bd783          	lhu	a5,0(s7)
    6e04:	c781                	beqz	a5,6e0c <tcp_input+0x84c>
    6e06:	17fd                	addi	a5,a5,-1
    6e08:	00fb9023          	sh	a5,0(s7)
    6e0c:	387e                	lhu	a5,54(s0)
    6e0e:	00179693          	slli	a3,a5,0x1
    6e12:	00279713          	slli	a4,a5,0x2
    6e16:	6785                	lui	a5,0x1
    6e18:	11c78793          	addi	a5,a5,284 # 111c <sys_mbox_trypost+0x68>
    6e1c:	8636                	mv	a2,a3
    6e1e:	00f6f363          	bgeu	a3,a5,6e24 <tcp_input+0x864>
    6e22:	863e                	mv	a2,a5
    6e24:	02c77463          	bgeu	a4,a2,6e4c <tcp_input+0x88c>
    6e28:	01071793          	slli	a5,a4,0x10
    6e2c:	83c1                	srli	a5,a5,0x10
    6e2e:	04f41623          	sh	a5,76(s0)
    6e32:	00094783          	lbu	a5,0(s2)
    6e36:	0207f793          	andi	a5,a5,32
    6e3a:	d40788e3          	beqz	a5,6b8a <tcp_input+0x5ca>
    6e3e:	2c7e                	lhu	a5,30(s0)
    6e40:	0027e793          	ori	a5,a5,2
    6e44:	ac7e                	sh	a5,30(s0)
    6e46:	479d                	li	a5,7
    6e48:	c85c                	sw	a5,20(s0)
    6e4a:	b381                	j	6b8a <tcp_input+0x5ca>
    6e4c:	fed7f1e3          	bgeu	a5,a3,6e2e <tcp_input+0x86e>
    6e50:	01069793          	slli	a5,a3,0x10
    6e54:	bfe1                	j	6e2c <tcp_input+0x86c>
    6e56:	0009a703          	lw	a4,0(s3)
    6e5a:	000c5503          	lhu	a0,0(s8)
    6e5e:	000aa603          	lw	a2,0(s5)
    6e62:	3314                	lbu	a3,1(a4)
    6e64:	00074803          	lbu	a6,0(a4)
    6e68:	333c                	lbu	a5,3(a4)
    6e6a:	00274883          	lbu	a7,2(a4)
    6e6e:	06a2                	slli	a3,a3,0x8
    6e70:	0106e833          	or	a6,a3,a6
    6e74:	07a2                	slli	a5,a5,0x8
    6e76:	962a                	add	a2,a2,a0
    6e78:	0117e7b3          	or	a5,a5,a7
    6e7c:	b3818713          	addi	a4,gp,-1224 # 200003b8 <ip_data+0x10>
    6e80:	b3c18693          	addi	a3,gp,-1220 # 200003bc <ip_data+0x14>
    6e84:	8522                	mv	a0,s0
    6e86:	34d000ef          	jal	ra,79d2 <tcp_rst>
    6e8a:	b301                	j	6b8a <tcp_input+0x5ca>
    6e8c:	8b89                	andi	a5,a5,2
    6e8e:	ce078ee3          	beqz	a5,6b8a <tcp_input+0x5ca>
    6e92:	541c                	lw	a5,40(s0)
    6e94:	000aa703          	lw	a4,0(s5)
    6e98:	17fd                	addi	a5,a5,-1
    6e9a:	cee798e3          	bne	a5,a4,6b8a <tcp_input+0x5ca>
    6e9e:	8522                	mv	a0,s0
    6ea0:	20f000ef          	jal	ra,78ae <tcp_rexmit>
    6ea4:	b1dd                	j	6b8a <tcp_input+0x5ca>
    6ea6:	8522                	mv	a0,s0
    6ea8:	d3ffe0ef          	jal	ra,5be6 <tcp_receive>
    6eac:	b759                	j	6e32 <tcp_input+0x872>
    6eae:	8522                	mv	a0,s0
    6eb0:	d37fe0ef          	jal	ra,5be6 <tcp_receive>
    6eb4:	00094783          	lbu	a5,0(s2)
    6eb8:	0207f793          	andi	a5,a5,32
    6ebc:	cbad                	beqz	a5,6f2e <tcp_input+0x96e>
    6ebe:	000cc703          	lbu	a4,0(s9)
    6ec2:	2c7e                	lhu	a5,30(s0)
    6ec4:	8b41                	andi	a4,a4,16
    6ec6:	cf39                	beqz	a4,6f24 <tcp_input+0x964>
    6ec8:	4874                	lw	a3,84(s0)
    6eca:	000a2703          	lw	a4,0(s4)
    6ece:	04e69b63          	bne	a3,a4,6f24 <tcp_input+0x964>
    6ed2:	5838                	lw	a4,112(s0)
    6ed4:	eb21                	bnez	a4,6f24 <tcp_input+0x964>
    6ed6:	0027e793          	ori	a5,a5,2
    6eda:	ac7e                	sh	a5,30(s0)
    6edc:	8522                	mv	a0,s0
    6ede:	e67fd0ef          	jal	ra,4d44 <tcp_pcb_purge>
    6ee2:	154b2783          	lw	a5,340(s6)
    6ee6:	00f41d63          	bne	s0,a5,6f00 <tcp_input+0x940>
    6eea:	445c                	lw	a5,12(s0)
    6eec:	14fb2a23          	sw	a5,340(s6)
    6ef0:	a809                	j	6f02 <tcp_input+0x942>
    6ef2:	47d8                	lw	a4,12(a5)
    6ef4:	00e41563          	bne	s0,a4,6efe <tcp_input+0x93e>
    6ef8:	4458                	lw	a4,12(s0)
    6efa:	c7d8                	sw	a4,12(a5)
    6efc:	a019                	j	6f02 <tcp_input+0x942>
    6efe:	87ba                	mv	a5,a4
    6f00:	fbed                	bnez	a5,6ef2 <tcp_input+0x932>
    6f02:	200007b7          	lui	a5,0x20000
    6f06:	4705                	li	a4,1
    6f08:	14e78c23          	sb	a4,344(a5) # 20000158 <tcp_active_pcbs_changed>
    6f0c:	47a9                	li	a5,10
    6f0e:	c85c                	sw	a5,20(s0)
    6f10:	200007b7          	lui	a5,0x20000
    6f14:	16c7a703          	lw	a4,364(a5) # 2000016c <tcp_tw_pcbs>
    6f18:	1687a623          	sw	s0,364(a5)
    6f1c:	c458                	sw	a4,12(s0)
    6f1e:	25a010ef          	jal	ra,8178 <tcp_timer_needed>
    6f22:	b1a5                	j	6b8a <tcp_input+0x5ca>
    6f24:	0027e793          	ori	a5,a5,2
    6f28:	ac7e                	sh	a5,30(s0)
    6f2a:	47a1                	li	a5,8
    6f2c:	bf31                	j	6e48 <tcp_input+0x888>
    6f2e:	000cc783          	lbu	a5,0(s9)
    6f32:	8bc1                	andi	a5,a5,16
    6f34:	c4078be3          	beqz	a5,6b8a <tcp_input+0x5ca>
    6f38:	4878                	lw	a4,84(s0)
    6f3a:	000a2783          	lw	a5,0(s4)
    6f3e:	c4f716e3          	bne	a4,a5,6b8a <tcp_input+0x5ca>
    6f42:	583c                	lw	a5,112(s0)
    6f44:	c40793e3          	bnez	a5,6b8a <tcp_input+0x5ca>
    6f48:	4799                	li	a5,6
    6f4a:	bdfd                	j	6e48 <tcp_input+0x888>
    6f4c:	8522                	mv	a0,s0
    6f4e:	c99fe0ef          	jal	ra,5be6 <tcp_receive>
    6f52:	00094783          	lbu	a5,0(s2)
    6f56:	0207f793          	andi	a5,a5,32
    6f5a:	c20788e3          	beqz	a5,6b8a <tcp_input+0x5ca>
    6f5e:	2c7e                	lhu	a5,30(s0)
    6f60:	8522                	mv	a0,s0
    6f62:	0027e793          	ori	a5,a5,2
    6f66:	ac7e                	sh	a5,30(s0)
    6f68:	dddfd0ef          	jal	ra,4d44 <tcp_pcb_purge>
    6f6c:	154b2783          	lw	a5,340(s6)
    6f70:	f6f40de3          	beq	s0,a5,6eea <tcp_input+0x92a>
    6f74:	d7d9                	beqz	a5,6f02 <tcp_input+0x942>
    6f76:	47d8                	lw	a4,12(a5)
    6f78:	f8e400e3          	beq	s0,a4,6ef8 <tcp_input+0x938>
    6f7c:	87ba                	mv	a5,a4
    6f7e:	bfdd                	j	6f74 <tcp_input+0x9b4>
    6f80:	8522                	mv	a0,s0
    6f82:	c65fe0ef          	jal	ra,5be6 <tcp_receive>
    6f86:	000cc783          	lbu	a5,0(s9)
    6f8a:	8bc1                	andi	a5,a5,16
    6f8c:	be078fe3          	beqz	a5,6b8a <tcp_input+0x5ca>
    6f90:	4878                	lw	a4,84(s0)
    6f92:	000a2783          	lw	a5,0(s4)
    6f96:	bef71ae3          	bne	a4,a5,6b8a <tcp_input+0x5ca>
    6f9a:	583c                	lw	a5,112(s0)
    6f9c:	be0797e3          	bnez	a5,6b8a <tcp_input+0x5ca>
    6fa0:	8522                	mv	a0,s0
    6fa2:	da3fd0ef          	jal	ra,4d44 <tcp_pcb_purge>
    6fa6:	154b2783          	lw	a5,340(s6)
    6faa:	f4f400e3          	beq	s0,a5,6eea <tcp_input+0x92a>
    6fae:	dbb1                	beqz	a5,6f02 <tcp_input+0x942>
    6fb0:	47d8                	lw	a4,12(a5)
    6fb2:	f4e403e3          	beq	s0,a4,6ef8 <tcp_input+0x938>
    6fb6:	87ba                	mv	a5,a4
    6fb8:	bfdd                	j	6fae <tcp_input+0x9ee>
    6fba:	8522                	mv	a0,s0
    6fbc:	c2bfe0ef          	jal	ra,5be6 <tcp_receive>
    6fc0:	000cc783          	lbu	a5,0(s9)
    6fc4:	8bc1                	andi	a5,a5,16
    6fc6:	bc0782e3          	beqz	a5,6b8a <tcp_input+0x5ca>
    6fca:	4878                	lw	a4,84(s0)
    6fcc:	000a2783          	lw	a5,0(s4)
    6fd0:	baf71de3          	bne	a4,a5,6b8a <tcp_input+0x5ca>
    6fd4:	583c                	lw	a5,112(s0)
    6fd6:	ba079ae3          	bnez	a5,6b8a <tcp_input+0x5ca>
    6fda:	00094783          	lbu	a5,0(s2)
    6fde:	0107e793          	ori	a5,a5,16
    6fe2:	00f90023          	sb	a5,0(s2)
    6fe6:	b655                	j	6b8a <tcp_input+0x5ca>
    6fe8:	000bd603          	lhu	a2,0(s7)
    6fec:	c611                	beqz	a2,6ff8 <tcp_input+0xa38>
    6fee:	08442783          	lw	a5,132(s0)
    6ff2:	eb85                	bnez	a5,7022 <tcp_input+0xa62>
    6ff4:	000b9023          	sh	zero,0(s7)
    6ff8:	8522                	mv	a0,s0
    6ffa:	ad5fe0ef          	jal	ra,5ace <tcp_input_delayed_close>
    6ffe:	16051663          	bnez	a0,716a <tcp_input+0xbaa>
    7002:	000d2603          	lw	a2,0(s10)
    7006:	ca31                	beqz	a2,705a <tcp_input+0xa9a>
    7008:	5c7c                	lw	a5,124(s0)
    700a:	c39d                	beqz	a5,7030 <tcp_input+0xa70>
    700c:	0000e5b7          	lui	a1,0xe
    7010:	0000c537          	lui	a0,0xc
    7014:	a3858593          	addi	a1,a1,-1480 # da38 <tcp_pcb_lists+0x58c>
    7018:	49050513          	addi	a0,a0,1168 # c490 <_read+0x150>
    701c:	08e040ef          	jal	ra,b0aa <iprintf>
    7020:	a001                	j	7020 <tcp_input+0xa60>
    7022:	4808                	lw	a0,16(s0)
    7024:	85a2                	mv	a1,s0
    7026:	9782                	jalr	a5
    7028:	57cd                	li	a5,-13
    702a:	fcf515e3          	bne	a0,a5,6ff4 <tcp_input+0xa34>
    702e:	aa35                	j	716a <tcp_input+0xbaa>
    7030:	2c7e                	lhu	a5,30(s0)
    7032:	8bc1                	andi	a5,a5,16
    7034:	c789                	beqz	a5,703e <tcp_input+0xa7e>
    7036:	8532                	mv	a0,a2
    7038:	c74fd0ef          	jal	ra,44ac <pbuf_free>
    703c:	b369                	j	6dc6 <tcp_input+0x806>
    703e:	08842783          	lw	a5,136(s0)
    7042:	4681                	li	a3,0
    7044:	85a2                	mv	a1,s0
    7046:	c3a1                	beqz	a5,7086 <tcp_input+0xac6>
    7048:	4808                	lw	a0,16(s0)
    704a:	9782                	jalr	a5
    704c:	57cd                	li	a5,-13
    704e:	10f50e63          	beq	a0,a5,716a <tcp_input+0xbaa>
    7052:	c501                	beqz	a0,705a <tcp_input+0xa9a>
    7054:	000d2783          	lw	a5,0(s10)
    7058:	dc7c                	sw	a5,124(s0)
    705a:	00094783          	lbu	a5,0(s2)
    705e:	0207f793          	andi	a5,a5,32
    7062:	c799                	beqz	a5,7070 <tcp_input+0xab0>
    7064:	5c7c                	lw	a5,124(s0)
    7066:	c39d                	beqz	a5,708c <tcp_input+0xacc>
    7068:	37d8                	lbu	a4,13(a5)
    706a:	02076713          	ori	a4,a4,32
    706e:	b7d8                	sb	a4,13(a5)
    7070:	8522                	mv	a0,s0
    7072:	0004a023          	sw	zero,0(s1)
    7076:	a59fe0ef          	jal	ra,5ace <tcp_input_delayed_close>
    707a:	0e051863          	bnez	a0,716a <tcp_input+0xbaa>
    707e:	8522                	mv	a0,s0
    7080:	22d000ef          	jal	ra,7aac <tcp_output>
    7084:	a0dd                	j	716a <tcp_input+0xbaa>
    7086:	abafe0ef          	jal	ra,5340 <tcp_recv_null>
    708a:	b7c9                	j	704c <tcp_input+0xa8c>
    708c:	345e                	lhu	a5,44(s0)
    708e:	80078713          	addi	a4,a5,-2048
    7092:	c319                	beqz	a4,7098 <tcp_input+0xad8>
    7094:	0785                	addi	a5,a5,1
    7096:	b45e                	sh	a5,44(s0)
    7098:	08842783          	lw	a5,136(s0)
    709c:	dbf1                	beqz	a5,7070 <tcp_input+0xab0>
    709e:	4808                	lw	a0,16(s0)
    70a0:	4681                	li	a3,0
    70a2:	4601                	li	a2,0
    70a4:	85a2                	mv	a1,s0
    70a6:	9782                	jalr	a5
    70a8:	57cd                	li	a5,-13
    70aa:	fcf513e3          	bne	a0,a5,7070 <tcp_input+0xab0>
    70ae:	a875                	j	716a <tcp_input+0xbaa>
    70b0:	c901                	beqz	a0,70c0 <tcp_input+0xb00>
    70b2:	00c92583          	lw	a1,12(s2)
    70b6:	17262023          	sw	s2,352(a2)
    70ba:	c54c                	sw	a1,12(a0)
    70bc:	01092623          	sw	a6,12(s2)
    70c0:	00477613          	andi	a2,a4,4
    70c4:	d6061e63          	bnez	a2,6640 <tcp_input+0x80>
    70c8:	01077613          	andi	a2,a4,16
    70cc:	9a060de3          	beqz	a2,6a86 <tcp_input+0x4c6>
    70d0:	3298                	lbu	a4,1(a3)
    70d2:	0006c803          	lbu	a6,0(a3)
    70d6:	000c5583          	lhu	a1,0(s8)
    70da:	000aa603          	lw	a2,0(s5)
    70de:	0722                	slli	a4,a4,0x8
    70e0:	01076833          	or	a6,a4,a6
    70e4:	962e                	add	a2,a2,a1
    70e6:	b3818713          	addi	a4,gp,-1224 # 200003b8 <ip_data+0x10>
    70ea:	b3c18693          	addi	a3,gp,-1220 # 200003bc <ip_data+0x14>
    70ee:	000a2583          	lw	a1,0(s4)
    70f2:	854a                	mv	a0,s2
    70f4:	b8d9                	j	69ca <tcp_input+0x40a>
    70f6:	20004db7          	lui	s11,0x20004
    70fa:	aa4d8793          	addi	a5,s11,-1372 # 20003aa4 <inseg>
    70fe:	20000d37          	lui	s10,0x20000
    7102:	20000937          	lui	s2,0x20000
    7106:	20000bb7          	lui	s7,0x20000
    710a:	160d2c23          	sw	zero,376(s10) # 20000178 <recv_data>
    710e:	16090e23          	sb	zero,380(s2) # 2000017c <recv_flags>
    7112:	160b9b23          	sh	zero,374(s7) # 20000176 <recv_acked>
    7116:	0007a023          	sw	zero,0(a5)
    711a:	a792                	sh	a2,8(a5)
    711c:	c3c4                	sw	s1,4(a5)
    711e:	cb94                	sw	a3,16(a5)
    7120:	8b21                	andi	a4,a4,8
    7122:	17c90913          	addi	s2,s2,380
    7126:	176b8b93          	addi	s7,s7,374
    712a:	178d0d13          	addi	s10,s10,376
    712e:	aa4d8d93          	addi	s11,s11,-1372
    7132:	c709                	beqz	a4,713c <tcp_input+0xb7c>
    7134:	34dc                	lbu	a5,13(s1)
    7136:	0017e793          	ori	a5,a5,1
    713a:	b4dc                	sb	a5,13(s1)
    713c:	5c7c                	lw	a5,124(s0)
    713e:	90418493          	addi	s1,gp,-1788 # 20000184 <tcp_input_pcb>
    7142:	a20785e3          	beqz	a5,6b6c <tcp_input+0x5ac>
    7146:	8522                	mv	a0,s0
    7148:	a3afe0ef          	jal	ra,5382 <tcp_process_refused_data>
    714c:	57cd                	li	a5,-13
    714e:	00f50963          	beq	a0,a5,7160 <tcp_input+0xba0>
    7152:	5c7c                	lw	a5,124(s0)
    7154:	a0078ce3          	beqz	a5,6b6c <tcp_input+0x5ac>
    7158:	000c5783          	lhu	a5,0(s8)
    715c:	a00788e3          	beqz	a5,6b6c <tcp_input+0x5ac>
    7160:	347e                	lhu	a5,46(s0)
    7162:	e781                	bnez	a5,716a <tcp_input+0xbaa>
    7164:	8522                	mv	a0,s0
    7166:	0e1000ef          	jal	ra,7a46 <tcp_send_empty_ack>
    716a:	004da503          	lw	a0,4(s11)
    716e:	0004a023          	sw	zero,0(s1)
    7172:	000d2023          	sw	zero,0(s10)
    7176:	c509                	beqz	a0,7180 <tcp_input+0xbc0>
    7178:	b34fd0ef          	jal	ra,44ac <pbuf_free>
    717c:	000da223          	sw	zero,4(s11)
    7180:	0141                	addi	sp,sp,16
    7182:	b98f906f          	j	51a <__riscv_restore_12>

00007186 <tcp_trigger_input_pcb_close>:
    7186:	200007b7          	lui	a5,0x20000
    718a:	17c78793          	addi	a5,a5,380 # 2000017c <recv_flags>
    718e:	2398                	lbu	a4,0(a5)
    7190:	01076713          	ori	a4,a4,16
    7194:	a398                	sb	a4,0(a5)
    7196:	8082                	ret

00007198 <tcp_output_segment_busy>:
    7198:	ed11                	bnez	a0,71b4 <tcp_output_segment_busy+0x1c>
    719a:	b74f92ef          	jal	t0,50e <__riscv_save_0>
    719e:	0000e5b7          	lui	a1,0xe
    71a2:	0000c537          	lui	a0,0xc
    71a6:	e9458593          	addi	a1,a1,-364 # de94 <tcp_pcb_lists+0x9e8>
    71aa:	49050513          	addi	a0,a0,1168 # c490 <_read+0x150>
    71ae:	6fd030ef          	jal	ra,b0aa <iprintf>
    71b2:	a001                	j	71b2 <tcp_output_segment_busy+0x1a>
    71b4:	415c                	lw	a5,4(a0)
    71b6:	27e8                	lbu	a0,14(a5)
    71b8:	157d                	addi	a0,a0,-1
    71ba:	00a03533          	snez	a0,a0
    71be:	8082                	ret

000071c0 <tcp_create_segment>:
    71c0:	b34f92ef          	jal	t0,4f4 <__riscv_save_4>
    71c4:	1141                	addi	sp,sp,-16
    71c6:	ed01                	bnez	a0,71de <tcp_create_segment+0x1e>
    71c8:	0000e5b7          	lui	a1,0xe
    71cc:	0000c537          	lui	a0,0xc
    71d0:	be458593          	addi	a1,a1,-1052 # dbe4 <tcp_pcb_lists+0x738>
    71d4:	49050513          	addi	a0,a0,1168 # c490 <_read+0x150>
    71d8:	6d3030ef          	jal	ra,b0aa <iprintf>
    71dc:	a001                	j	71dc <tcp_create_segment+0x1c>
    71de:	892e                	mv	s2,a1
    71e0:	ed81                	bnez	a1,71f8 <tcp_create_segment+0x38>
    71e2:	0000e5b7          	lui	a1,0xe
    71e6:	0000c537          	lui	a0,0xc
    71ea:	c0458593          	addi	a1,a1,-1020 # dc04 <tcp_pcb_lists+0x758>
    71ee:	49050513          	addi	a0,a0,1168 # c490 <_read+0x150>
    71f2:	6b9030ef          	jal	ra,b0aa <iprintf>
    71f6:	a001                	j	71f6 <tcp_create_segment+0x36>
    71f8:	8aaa                	mv	s5,a0
    71fa:	450d                	li	a0,3
    71fc:	00271493          	slli	s1,a4,0x2
    7200:	c63a                	sw	a4,12(sp)
    7202:	89b2                	mv	s3,a2
    7204:	8a36                	mv	s4,a3
    7206:	dbdfc0ef          	jal	ra,3fc2 <memp_malloc>
    720a:	8891                	andi	s1,s1,4
    720c:	842a                	mv	s0,a0
    720e:	4732                	lw	a4,12(sp)
    7210:	e901                	bnez	a0,7220 <tcp_create_segment+0x60>
    7212:	854a                	mv	a0,s2
    7214:	a98fd0ef          	jal	ra,44ac <pbuf_free>
    7218:	8522                	mv	a0,s0
    721a:	0141                	addi	sp,sp,16
    721c:	b0cf906f          	j	528 <__riscv_restore_4>
    7220:	a558                	sb	a4,12(a0)
    7222:	00895783          	lhu	a5,8(s2)
    7226:	01049713          	slli	a4,s1,0x10
    722a:	00052023          	sw	zero,0(a0)
    722e:	01252223          	sw	s2,4(a0)
    7232:	8341                	srli	a4,a4,0x10
    7234:	00e7fd63          	bgeu	a5,a4,724e <tcp_create_segment+0x8e>
    7238:	0000e5b7          	lui	a1,0xe
    723c:	0000c537          	lui	a0,0xc
    7240:	c2858593          	addi	a1,a1,-984 # dc28 <tcp_pcb_lists+0x77c>
    7244:	49050513          	addi	a0,a0,1168 # c490 <_read+0x150>
    7248:	663030ef          	jal	ra,b0aa <iprintf>
    724c:	a001                	j	724c <tcp_create_segment+0x8c>
    724e:	8f99                	sub	a5,a5,a4
    7250:	a51e                	sh	a5,8(a0)
    7252:	00051523          	sh	zero,10(a0)
    7256:	45d1                	li	a1,20
    7258:	854a                	mv	a0,s2
    725a:	9ccfd0ef          	jal	ra,4426 <pbuf_add_header>
    725e:	c511                	beqz	a0,726a <tcp_create_segment+0xaa>
    7260:	8522                	mv	a0,s0
    7262:	9dbfd0ef          	jal	ra,4c3c <tcp_seg_free>
    7266:	4401                	li	s0,0
    7268:	bf45                	j	7218 <tcp_create_segment+0x58>
    726a:	405c                	lw	a5,4(s0)
    726c:	01aad503          	lhu	a0,26(s5)
    7270:	0047a903          	lw	s2,4(a5)
    7274:	01242823          	sw	s2,16(s0)
    7278:	de8fc0ef          	jal	ra,3860 <lwip_htons>
    727c:	00a90023          	sb	a0,0(s2)
    7280:	8121                	srli	a0,a0,0x8
    7282:	00a900a3          	sb	a0,1(s2)
    7286:	01cad503          	lhu	a0,28(s5)
    728a:	01042903          	lw	s2,16(s0)
    728e:	dd2fc0ef          	jal	ra,3860 <lwip_htons>
    7292:	00a90123          	sb	a0,2(s2)
    7296:	8121                	srli	a0,a0,0x8
    7298:	00a901a3          	sb	a0,3(s2)
    729c:	01042903          	lw	s2,16(s0)
    72a0:	8552                	mv	a0,s4
    72a2:	dccfc0ef          	jal	ra,386e <lwip_htonl>
    72a6:	00855793          	srli	a5,a0,0x8
    72aa:	00a90223          	sb	a0,4(s2)
    72ae:	00f902a3          	sb	a5,5(s2)
    72b2:	01055793          	srli	a5,a0,0x10
    72b6:	8161                	srli	a0,a0,0x18
    72b8:	00a903a3          	sb	a0,7(s2)
    72bc:	0024d513          	srli	a0,s1,0x2
    72c0:	0515                	addi	a0,a0,5
    72c2:	0532                	slli	a0,a0,0xc
    72c4:	00f90323          	sb	a5,6(s2)
    72c8:	01356533          	or	a0,a0,s3
    72cc:	01042903          	lw	s2,16(s0)
    72d0:	d90fc0ef          	jal	ra,3860 <lwip_htons>
    72d4:	481c                	lw	a5,16(s0)
    72d6:	00a90623          	sb	a0,12(s2)
    72da:	8121                	srli	a0,a0,0x8
    72dc:	00a906a3          	sb	a0,13(s2)
    72e0:	00078923          	sb	zero,18(a5)
    72e4:	000789a3          	sb	zero,19(a5)
    72e8:	bf05                	j	7218 <tcp_create_segment+0x58>

000072ea <tcp_output_alloc_header_common.constprop.12>:
    72ea:	a0af92ef          	jal	t0,4f4 <__riscv_save_4>
    72ee:	05d1                	addi	a1,a1,20
    72f0:	05c2                	slli	a1,a1,0x10
    72f2:	1141                	addi	sp,sp,-16
    72f4:	8aaa                	mv	s5,a0
    72f6:	84b2                	mv	s1,a2
    72f8:	81c1                	srli	a1,a1,0x10
    72fa:	28000613          	li	a2,640
    72fe:	02200513          	li	a0,34
    7302:	c636                	sw	a3,12(sp)
    7304:	8b3a                	mv	s6,a4
    7306:	8a3e                	mv	s4,a5
    7308:	89c2                	mv	s3,a6
    730a:	a44fd0ef          	jal	ra,454e <pbuf_alloc>
    730e:	892a                	mv	s2,a0
    7310:	c949                	beqz	a0,73a2 <tcp_output_alloc_header_common.constprop.12+0xb8>
    7312:	253a                	lhu	a4,10(a0)
    7314:	47cd                	li	a5,19
    7316:	46b2                	lw	a3,12(sp)
    7318:	00e7ed63          	bltu	a5,a4,7332 <tcp_output_alloc_header_common.constprop.12+0x48>
    731c:	0000e5b7          	lui	a1,0xe
    7320:	0000c537          	lui	a0,0xc
    7324:	e1058593          	addi	a1,a1,-496 # de10 <tcp_pcb_lists+0x964>
    7328:	49050513          	addi	a0,a0,1168 # c490 <_read+0x150>
    732c:	57f030ef          	jal	ra,b0aa <iprintf>
    7330:	a001                	j	7330 <tcp_output_alloc_header_common.constprop.12+0x46>
    7332:	4140                	lw	s0,4(a0)
    7334:	8536                	mv	a0,a3
    7336:	d2afc0ef          	jal	ra,3860 <lwip_htons>
    733a:	a008                	sb	a0,0(s0)
    733c:	8121                	srli	a0,a0,0x8
    733e:	b008                	sb	a0,1(s0)
    7340:	855a                	mv	a0,s6
    7342:	d1efc0ef          	jal	ra,3860 <lwip_htons>
    7346:	0084d793          	srli	a5,s1,0x8
    734a:	a028                	sb	a0,2(s0)
    734c:	a044                	sb	s1,4(s0)
    734e:	8121                	srli	a0,a0,0x8
    7350:	b05c                	sb	a5,5(s0)
    7352:	0104d793          	srli	a5,s1,0x10
    7356:	80e1                	srli	s1,s1,0x18
    7358:	b028                	sb	a0,3(s0)
    735a:	a07c                	sb	a5,6(s0)
    735c:	b064                	sb	s1,7(s0)
    735e:	8556                	mv	a0,s5
    7360:	d0efc0ef          	jal	ra,386e <lwip_htonl>
    7364:	00855793          	srli	a5,a0,0x8
    7368:	a408                	sb	a0,8(s0)
    736a:	b41c                	sb	a5,9(s0)
    736c:	01055793          	srli	a5,a0,0x10
    7370:	8161                	srli	a0,a0,0x18
    7372:	b428                	sb	a0,11(s0)
    7374:	6515                	lui	a0,0x5
    7376:	a43c                	sb	a5,10(s0)
    7378:	00aa6533          	or	a0,s4,a0
    737c:	ce4fc0ef          	jal	ra,3860 <lwip_htons>
    7380:	a448                	sb	a0,12(s0)
    7382:	8121                	srli	a0,a0,0x8
    7384:	b448                	sb	a0,13(s0)
    7386:	854e                	mv	a0,s3
    7388:	cd8fc0ef          	jal	ra,3860 <lwip_htons>
    738c:	a468                	sb	a0,14(s0)
    738e:	8121                	srli	a0,a0,0x8
    7390:	b468                	sb	a0,15(s0)
    7392:	00040823          	sb	zero,16(s0)
    7396:	000408a3          	sb	zero,17(s0)
    739a:	00040923          	sb	zero,18(s0)
    739e:	000409a3          	sb	zero,19(s0)
    73a2:	854a                	mv	a0,s2
    73a4:	0141                	addi	sp,sp,16
    73a6:	982f906f          	j	528 <__riscv_restore_4>

000073aa <tcp_output_alloc_header.constprop.11>:
    73aa:	964f92ef          	jal	t0,50e <__riscv_save_0>
    73ae:	ed01                	bnez	a0,73c6 <tcp_output_alloc_header.constprop.11+0x1c>
    73b0:	0000e5b7          	lui	a1,0xe
    73b4:	0000c537          	lui	a0,0xc
    73b8:	de858593          	addi	a1,a1,-536 # dde8 <tcp_pcb_lists+0x93c>
    73bc:	49050513          	addi	a0,a0,1168 # c490 <_read+0x150>
    73c0:	4eb030ef          	jal	ra,b0aa <iprintf>
    73c4:	a001                	j	73c4 <tcp_output_alloc_header.constprop.11+0x1a>
    73c6:	842a                	mv	s0,a0
    73c8:	02e55803          	lhu	a6,46(a0)
    73cc:	2d5a                	lhu	a4,28(a0)
    73ce:	2d36                	lhu	a3,26(a0)
    73d0:	5508                	lw	a0,40(a0)
    73d2:	47c1                	li	a5,16
    73d4:	f17ff0ef          	jal	ra,72ea <tcp_output_alloc_header_common.constprop.12>
    73d8:	c509                	beqz	a0,73e2 <tcp_output_alloc_header.constprop.11+0x38>
    73da:	347a                	lhu	a4,46(s0)
    73dc:	541c                	lw	a5,40(s0)
    73de:	97ba                	add	a5,a5,a4
    73e0:	d81c                	sw	a5,48(s0)
    73e2:	950f906f          	j	532 <__riscv_restore_0>

000073e6 <tcp_output_fill_options.isra.1.constprop.13>:
    73e6:	ed11                	bnez	a0,7402 <tcp_output_fill_options.isra.1.constprop.13+0x1c>
    73e8:	926f92ef          	jal	t0,50e <__riscv_save_0>
    73ec:	0000e5b7          	lui	a1,0xe
    73f0:	0000c537          	lui	a0,0xc
    73f4:	e6c58593          	addi	a1,a1,-404 # de6c <tcp_pcb_lists+0x9c0>
    73f8:	49050513          	addi	a0,a0,1168 # c490 <_read+0x150>
    73fc:	4af030ef          	jal	ra,b0aa <iprintf>
    7400:	a001                	j	7400 <tcp_output_fill_options.isra.1.constprop.13+0x1a>
    7402:	8082                	ret

00007404 <tcp_output_control_segment>:
    7404:	8f0f92ef          	jal	t0,4f4 <__riscv_save_4>
    7408:	1141                	addi	sp,sp,-16
    740a:	ed81                	bnez	a1,7422 <tcp_output_control_segment+0x1e>
    740c:	0000e5b7          	lui	a1,0xe
    7410:	0000c537          	lui	a0,0xc
    7414:	e4058593          	addi	a1,a1,-448 # de40 <tcp_pcb_lists+0x994>
    7418:	49050513          	addi	a0,a0,1168 # c490 <_read+0x150>
    741c:	48f030ef          	jal	ra,b0aa <iprintf>
    7420:	a001                	j	7420 <tcp_output_control_segment+0x1c>
    7422:	84aa                	mv	s1,a0
    7424:	842e                	mv	s0,a1
    7426:	8a32                	mv	s4,a2
    7428:	8936                	mv	s2,a3
    742a:	cd21                	beqz	a0,7482 <tcp_output_control_segment+0x7e>
    742c:	2508                	lbu	a0,8(a0)
    742e:	c931                	beqz	a0,7482 <tcp_output_control_segment+0x7e>
    7430:	ee5fc0ef          	jal	ra,4314 <netif_get_by_index>
    7434:	882a                	mv	a6,a0
    7436:	59f1                	li	s3,-4
    7438:	cd15                	beqz	a0,7474 <tcp_output_control_segment+0x70>
    743a:	315e                	lhu	a5,36(a0)
    743c:	8b91                	andi	a5,a5,4
    743e:	c38d                	beqz	a5,7460 <tcp_output_control_segment+0x5c>
    7440:	2412                	lhu	a2,8(s0)
    7442:	00442983          	lw	s3,4(s0)
    7446:	c62a                	sw	a0,12(sp)
    7448:	874a                	mv	a4,s2
    744a:	86d2                	mv	a3,s4
    744c:	4599                	li	a1,6
    744e:	8522                	mv	a0,s0
    7450:	d60fc0ef          	jal	ra,39b0 <ip_chksum_pseudo>
    7454:	4832                	lw	a6,12(sp)
    7456:	00a98823          	sb	a0,16(s3)
    745a:	8121                	srli	a0,a0,0x8
    745c:	00a988a3          	sb	a0,17(s3)
    7460:	c48d                	beqz	s1,748a <tcp_output_control_segment+0x86>
    7462:	34b4                	lbu	a3,11(s1)
    7464:	24b8                	lbu	a4,10(s1)
    7466:	4799                	li	a5,6
    7468:	864a                	mv	a2,s2
    746a:	85d2                	mv	a1,s4
    746c:	8522                	mv	a0,s0
    746e:	af2fc0ef          	jal	ra,3760 <ip4_output_if>
    7472:	89aa                	mv	s3,a0
    7474:	8522                	mv	a0,s0
    7476:	836fd0ef          	jal	ra,44ac <pbuf_free>
    747a:	854e                	mv	a0,s3
    747c:	0141                	addi	sp,sp,16
    747e:	8aaf906f          	j	528 <__riscv_restore_4>
    7482:	854a                	mv	a0,s2
    7484:	f5bfb0ef          	jal	ra,33de <ip4_route>
    7488:	b775                	j	7434 <tcp_output_control_segment+0x30>
    748a:	4701                	li	a4,0
    748c:	0ff00693          	li	a3,255
    7490:	bfd9                	j	7466 <tcp_output_control_segment+0x62>

00007492 <tcp_split_unsent_seg>:
    7492:	854f92ef          	jal	t0,4e6 <__riscv_save_10>
    7496:	1141                	addi	sp,sp,-16
    7498:	ed01                	bnez	a0,74b0 <tcp_split_unsent_seg+0x1e>
    749a:	0000e5b7          	lui	a1,0xe
    749e:	0000c537          	lui	a0,0xc
    74a2:	fcc58593          	addi	a1,a1,-52 # dfcc <tcp_pcb_lists+0xb20>
    74a6:	49050513          	addi	a0,a0,1168 # c490 <_read+0x150>
    74aa:	401030ef          	jal	ra,b0aa <iprintf>
    74ae:	a001                	j	74ae <tcp_split_unsent_seg+0x1c>
    74b0:	5920                	lw	s0,112(a0)
    74b2:	892a                	mv	s2,a0
    74b4:	e019                	bnez	s0,74ba <tcp_split_unsent_seg+0x28>
    74b6:	557d                	li	a0,-1
    74b8:	a01d                	j	74de <tcp_split_unsent_seg+0x4c>
    74ba:	84ae                	mv	s1,a1
    74bc:	ed81                	bnez	a1,74d4 <tcp_split_unsent_seg+0x42>
    74be:	0000e5b7          	lui	a1,0xe
    74c2:	0000c537          	lui	a0,0xc
    74c6:	ff058593          	addi	a1,a1,-16 # dff0 <tcp_pcb_lists+0xb44>
    74ca:	49050513          	addi	a0,a0,1168 # c490 <_read+0x150>
    74ce:	3dd030ef          	jal	ra,b0aa <iprintf>
    74d2:	a001                	j	74d2 <tcp_split_unsent_seg+0x40>
    74d4:	00845a83          	lhu	s5,8(s0)
    74d8:	0155e663          	bltu	a1,s5,74e4 <tcp_split_unsent_seg+0x52>
    74dc:	4501                	li	a0,0
    74de:	0141                	addi	sp,sp,16
    74e0:	83ef906f          	j	51e <__riscv_restore_10>
    74e4:	397e                	lhu	a5,54(a0)
    74e6:	00b7fd63          	bgeu	a5,a1,7500 <tcp_split_unsent_seg+0x6e>
    74ea:	0000e5b7          	lui	a1,0xe
    74ee:	0000c537          	lui	a0,0xc
    74f2:	01458593          	addi	a1,a1,20 # e014 <tcp_pcb_lists+0xb68>
    74f6:	49050513          	addi	a0,a0,1168 # c490 <_read+0x150>
    74fa:	3b1030ef          	jal	ra,b0aa <iprintf>
    74fe:	a001                	j	74fe <tcp_split_unsent_seg+0x6c>
    7500:	000a9d63          	bnez	s5,751a <tcp_split_unsent_seg+0x88>
    7504:	0000e5b7          	lui	a1,0xe
    7508:	0000c537          	lui	a0,0xc
    750c:	02458593          	addi	a1,a1,36 # e024 <tcp_pcb_lists+0xb78>
    7510:	49050513          	addi	a0,a0,1168 # c490 <_read+0x150>
    7514:	397030ef          	jal	ra,b0aa <iprintf>
    7518:	a001                	j	7518 <tcp_split_unsent_seg+0x86>
    751a:	00c44a03          	lbu	s4,12(s0)
    751e:	40ba89b3          	sub	s3,s5,a1
    7522:	09c2                	slli	s3,s3,0x10
    7524:	002a1b93          	slli	s7,s4,0x2
    7528:	004bfb93          	andi	s7,s7,4
    752c:	0109d993          	srli	s3,s3,0x10
    7530:	017985b3          	add	a1,s3,s7
    7534:	05c2                	slli	a1,a1,0x10
    7536:	28000613          	li	a2,640
    753a:	81c1                	srli	a1,a1,0x10
    753c:	03600513          	li	a0,54
    7540:	80efd0ef          	jal	ra,454e <pbuf_alloc>
    7544:	8b2a                	mv	s6,a0
    7546:	d925                	beqz	a0,74b6 <tcp_split_unsent_seg+0x24>
    7548:	4048                	lw	a0,4(s0)
    754a:	241e                	lhu	a5,8(s0)
    754c:	004b2583          	lw	a1,4(s6)
    7550:	2516                	lhu	a3,8(a0)
    7552:	864e                	mv	a2,s3
    7554:	95de                	add	a1,a1,s7
    7556:	8e9d                	sub	a3,a3,a5
    7558:	96a6                	add	a3,a3,s1
    755a:	06c2                	slli	a3,a3,0x10
    755c:	82c1                	srli	a3,a3,0x10
    755e:	bf2fd0ef          	jal	ra,4950 <pbuf_copy_partial>
    7562:	0f351a63          	bne	a0,s3,7656 <tcp_split_unsent_seg+0x1c4>
    7566:	481c                	lw	a5,16(s0)
    7568:	27c8                	lbu	a0,12(a5)
    756a:	37dc                	lbu	a5,13(a5)
    756c:	07a2                	slli	a5,a5,0x8
    756e:	8d5d                	or	a0,a0,a5
    7570:	af0fc0ef          	jal	ra,3860 <lwip_htons>
    7574:	0ff57993          	andi	s3,a0,255
    7578:	0089f793          	andi	a5,s3,8
    757c:	ebe9                	bnez	a5,764e <tcp_split_unsent_seg+0x1bc>
    757e:	03f9f993          	andi	s3,s3,63
    7582:	4601                	li	a2,0
    7584:	0019f793          	andi	a5,s3,1
    7588:	c789                	beqz	a5,7592 <tcp_split_unsent_seg+0x100>
    758a:	0fe9f993          	andi	s3,s3,254
    758e:	00166613          	ori	a2,a2,1
    7592:	4818                	lw	a4,16(s0)
    7594:	c632                	sw	a2,12(sp)
    7596:	3348                	lbu	a0,5(a4)
    7598:	235c                	lbu	a5,4(a4)
    759a:	0522                	slli	a0,a0,0x8
    759c:	8d5d                	or	a0,a0,a5
    759e:	237c                	lbu	a5,6(a4)
    75a0:	07c2                	slli	a5,a5,0x10
    75a2:	8fc9                	or	a5,a5,a0
    75a4:	3368                	lbu	a0,7(a4)
    75a6:	0562                	slli	a0,a0,0x18
    75a8:	8d5d                	or	a0,a0,a5
    75aa:	ac4fc0ef          	jal	ra,386e <lwip_htonl>
    75ae:	4632                	lw	a2,12(sp)
    75b0:	8752                	mv	a4,s4
    75b2:	00a486b3          	add	a3,s1,a0
    75b6:	85da                	mv	a1,s6
    75b8:	854a                	mv	a0,s2
    75ba:	c07ff0ef          	jal	ra,71c0 <tcp_create_segment>
    75be:	8a2a                	mv	s4,a0
    75c0:	ee050be3          	beqz	a0,74b6 <tcp_split_unsent_seg+0x24>
    75c4:	4048                	lw	a0,4(s0)
    75c6:	415484b3          	sub	s1,s1,s5
    75ca:	04c2                	slli	s1,s1,0x10
    75cc:	992fd0ef          	jal	ra,475e <pbuf_clen>
    75d0:	06a95783          	lhu	a5,106(s2)
    75d4:	80c1                	srli	s1,s1,0x10
    75d6:	40a78533          	sub	a0,a5,a0
    75da:	06a91523          	sh	a0,106(s2)
    75de:	4048                	lw	a0,4(s0)
    75e0:	250e                	lhu	a1,8(a0)
    75e2:	95a6                	add	a1,a1,s1
    75e4:	05c2                	slli	a1,a1,0x10
    75e6:	81c1                	srli	a1,a1,0x10
    75e8:	8d8fd0ef          	jal	ra,46c0 <pbuf_realloc>
    75ec:	241e                	lhu	a5,8(s0)
    75ee:	94be                	add	s1,s1,a5
    75f0:	481c                	lw	a5,16(s0)
    75f2:	a406                	sh	s1,8(s0)
    75f4:	37c4                	lbu	s1,13(a5)
    75f6:	27c8                	lbu	a0,12(a5)
    75f8:	04a2                	slli	s1,s1,0x8
    75fa:	8cc9                	or	s1,s1,a0
    75fc:	854e                	mv	a0,s3
    75fe:	a62fc0ef          	jal	ra,3860 <lwip_htons>
    7602:	481c                	lw	a5,16(s0)
    7604:	8d45                	or	a0,a0,s1
    7606:	0542                	slli	a0,a0,0x10
    7608:	8141                	srli	a0,a0,0x10
    760a:	a7c8                	sb	a0,12(a5)
    760c:	8121                	srli	a0,a0,0x8
    760e:	b7c8                	sb	a0,13(a5)
    7610:	4048                	lw	a0,4(s0)
    7612:	00041523          	sh	zero,10(s0)
    7616:	948fd0ef          	jal	ra,475e <pbuf_clen>
    761a:	06a95783          	lhu	a5,106(s2)
    761e:	953e                	add	a0,a0,a5
    7620:	06a91523          	sh	a0,106(s2)
    7624:	004a2503          	lw	a0,4(s4)
    7628:	936fd0ef          	jal	ra,475e <pbuf_clen>
    762c:	06a95783          	lhu	a5,106(s2)
    7630:	953e                	add	a0,a0,a5
    7632:	401c                	lw	a5,0(s0)
    7634:	06a91523          	sh	a0,106(s2)
    7638:	00fa2023          	sw	a5,0(s4)
    763c:	01442023          	sw	s4,0(s0)
    7640:	000a2783          	lw	a5,0(s4)
    7644:	e8079ce3          	bnez	a5,74dc <tcp_split_unsent_seg+0x4a>
    7648:	06091623          	sh	zero,108(s2)
    764c:	bd41                	j	74dc <tcp_split_unsent_seg+0x4a>
    764e:	0379f993          	andi	s3,s3,55
    7652:	4621                	li	a2,8
    7654:	bf05                	j	7584 <tcp_split_unsent_seg+0xf2>
    7656:	855a                	mv	a0,s6
    7658:	e55fc0ef          	jal	ra,44ac <pbuf_free>
    765c:	bda9                	j	74b6 <tcp_split_unsent_seg+0x24>

0000765e <tcp_enqueue_flags>:
    765e:	eb1f82ef          	jal	t0,50e <__riscv_save_0>
    7662:	0035f793          	andi	a5,a1,3
    7666:	1141                	addi	sp,sp,-16
    7668:	ef81                	bnez	a5,7680 <tcp_enqueue_flags+0x22>
    766a:	0000e5b7          	lui	a1,0xe
    766e:	0000c537          	lui	a0,0xc
    7672:	c4058593          	addi	a1,a1,-960 # dc40 <tcp_pcb_lists+0x794>
    7676:	49050513          	addi	a0,a0,1168 # c490 <_read+0x150>
    767a:	231030ef          	jal	ra,b0aa <iprintf>
    767e:	a001                	j	767e <tcp_enqueue_flags+0x20>
    7680:	842a                	mv	s0,a0
    7682:	ed01                	bnez	a0,769a <tcp_enqueue_flags+0x3c>
    7684:	0000e5b7          	lui	a1,0xe
    7688:	0000c537          	lui	a0,0xc
    768c:	c9858593          	addi	a1,a1,-872 # dc98 <tcp_pcb_lists+0x7ec>
    7690:	49050513          	addi	a0,a0,1168 # c490 <_read+0x150>
    7694:	217030ef          	jal	ra,b0aa <iprintf>
    7698:	a001                	j	7698 <tcp_enqueue_flags+0x3a>
    769a:	0015d713          	srli	a4,a1,0x1
    769e:	8b05                	andi	a4,a4,1
    76a0:	00271913          	slli	s2,a4,0x2
    76a4:	84ae                	mv	s1,a1
    76a6:	28000613          	li	a2,640
    76aa:	85ca                	mv	a1,s2
    76ac:	03600513          	li	a0,54
    76b0:	c63a                	sw	a4,12(sp)
    76b2:	e9dfc0ef          	jal	ra,454e <pbuf_alloc>
    76b6:	85aa                	mv	a1,a0
    76b8:	4732                	lw	a4,12(sp)
    76ba:	e909                	bnez	a0,76cc <tcp_enqueue_flags+0x6e>
    76bc:	2c7e                	lhu	a5,30(s0)
    76be:	557d                	li	a0,-1
    76c0:	0807e793          	ori	a5,a5,128
    76c4:	ac7e                	sh	a5,30(s0)
    76c6:	0141                	addi	sp,sp,16
    76c8:	e6bf806f          	j	532 <__riscv_restore_0>
    76cc:	253e                	lhu	a5,10(a0)
    76ce:	0127fd63          	bgeu	a5,s2,76e8 <tcp_enqueue_flags+0x8a>
    76d2:	0000e5b7          	lui	a1,0xe
    76d6:	0000c537          	lui	a0,0xc
    76da:	cb858593          	addi	a1,a1,-840 # dcb8 <tcp_pcb_lists+0x80c>
    76de:	49050513          	addi	a0,a0,1168 # c490 <_read+0x150>
    76e2:	1c9030ef          	jal	ra,b0aa <iprintf>
    76e6:	a001                	j	76e6 <tcp_enqueue_flags+0x88>
    76e8:	5034                	lw	a3,96(s0)
    76ea:	8626                	mv	a2,s1
    76ec:	8522                	mv	a0,s0
    76ee:	ad3ff0ef          	jal	ra,71c0 <tcp_create_segment>
    76f2:	d569                	beqz	a0,76bc <tcp_enqueue_flags+0x5e>
    76f4:	491c                	lw	a5,16(a0)
    76f6:	8b8d                	andi	a5,a5,3
    76f8:	cf81                	beqz	a5,7710 <tcp_enqueue_flags+0xb2>
    76fa:	0000e5b7          	lui	a1,0xe
    76fe:	0000c537          	lui	a0,0xc
    7702:	cf458593          	addi	a1,a1,-780 # dcf4 <tcp_pcb_lists+0x848>
    7706:	49050513          	addi	a0,a0,1168 # c490 <_read+0x150>
    770a:	1a1030ef          	jal	ra,b0aa <iprintf>
    770e:	a001                	j	770e <tcp_enqueue_flags+0xb0>
    7710:	251e                	lhu	a5,8(a0)
    7712:	cf81                	beqz	a5,772a <tcp_enqueue_flags+0xcc>
    7714:	0000e5b7          	lui	a1,0xe
    7718:	0000c537          	lui	a0,0xc
    771c:	d0c58593          	addi	a1,a1,-756 # dd0c <tcp_pcb_lists+0x860>
    7720:	49050513          	addi	a0,a0,1168 # c490 <_read+0x150>
    7724:	187030ef          	jal	ra,b0aa <iprintf>
    7728:	a001                	j	7728 <tcp_enqueue_flags+0xca>
    772a:	583c                	lw	a5,112(s0)
    772c:	ebb1                	bnez	a5,7780 <tcp_enqueue_flags+0x122>
    772e:	d828                	sw	a0,112(s0)
    7730:	503c                	lw	a5,96(s0)
    7732:	06041623          	sh	zero,108(s0)
    7736:	8885                	andi	s1,s1,1
    7738:	0785                	addi	a5,a5,1
    773a:	d03c                	sw	a5,96(s0)
    773c:	c489                	beqz	s1,7746 <tcp_enqueue_flags+0xe8>
    773e:	2c7e                	lhu	a5,30(s0)
    7740:	0207e793          	ori	a5,a5,32
    7744:	ac7e                	sh	a5,30(s0)
    7746:	4148                	lw	a0,4(a0)
    7748:	816fd0ef          	jal	ra,475e <pbuf_clen>
    774c:	06a45783          	lhu	a5,106(s0)
    7750:	953e                	add	a0,a0,a5
    7752:	0542                	slli	a0,a0,0x10
    7754:	8141                	srli	a0,a0,0x10
    7756:	06a41523          	sh	a0,106(s0)
    775a:	c51d                	beqz	a0,7788 <tcp_enqueue_flags+0x12a>
    775c:	587c                	lw	a5,116(s0)
    775e:	4501                	li	a0,0
    7760:	f3bd                	bnez	a5,76c6 <tcp_enqueue_flags+0x68>
    7762:	5838                	lw	a4,112(s0)
    7764:	853e                	mv	a0,a5
    7766:	f325                	bnez	a4,76c6 <tcp_enqueue_flags+0x68>
    7768:	0000e5b7          	lui	a1,0xe
    776c:	0000c537          	lui	a0,0xc
    7770:	d3858593          	addi	a1,a1,-712 # dd38 <tcp_pcb_lists+0x88c>
    7774:	49050513          	addi	a0,a0,1168 # c490 <_read+0x150>
    7778:	133030ef          	jal	ra,b0aa <iprintf>
    777c:	a001                	j	777c <tcp_enqueue_flags+0x11e>
    777e:	87ba                	mv	a5,a4
    7780:	4398                	lw	a4,0(a5)
    7782:	ff75                	bnez	a4,777e <tcp_enqueue_flags+0x120>
    7784:	c388                	sw	a0,0(a5)
    7786:	b76d                	j	7730 <tcp_enqueue_flags+0xd2>
    7788:	4501                	li	a0,0
    778a:	bf35                	j	76c6 <tcp_enqueue_flags+0x68>

0000778c <tcp_send_fin>:
    778c:	d83f82ef          	jal	t0,50e <__riscv_save_0>
    7790:	ed01                	bnez	a0,77a8 <tcp_send_fin+0x1c>
    7792:	0000e5b7          	lui	a1,0xe
    7796:	0000c537          	lui	a0,0xc
    779a:	fb058593          	addi	a1,a1,-80 # dfb0 <tcp_pcb_lists+0xb04>
    779e:	49050513          	addi	a0,a0,1168 # c490 <_read+0x150>
    77a2:	109030ef          	jal	ra,b0aa <iprintf>
    77a6:	a001                	j	77a6 <tcp_send_fin+0x1a>
    77a8:	5924                	lw	s1,112(a0)
    77aa:	892a                	mv	s2,a0
    77ac:	e499                	bnez	s1,77ba <tcp_send_fin+0x2e>
    77ae:	4585                	li	a1,1
    77b0:	854a                	mv	a0,s2
    77b2:	eadff0ef          	jal	ra,765e <tcp_enqueue_flags>
    77b6:	a099                	j	77fc <tcp_send_fin+0x70>
    77b8:	84be                	mv	s1,a5
    77ba:	409c                	lw	a5,0(s1)
    77bc:	fff5                	bnez	a5,77b8 <tcp_send_fin+0x2c>
    77be:	489c                	lw	a5,16(s1)
    77c0:	27c8                	lbu	a0,12(a5)
    77c2:	37dc                	lbu	a5,13(a5)
    77c4:	07a2                	slli	a5,a5,0x8
    77c6:	8d5d                	or	a0,a0,a5
    77c8:	898fc0ef          	jal	ra,3860 <lwip_htons>
    77cc:	891d                	andi	a0,a0,7
    77ce:	f165                	bnez	a0,77ae <tcp_send_fin+0x22>
    77d0:	489c                	lw	a5,16(s1)
    77d2:	37c0                	lbu	s0,13(a5)
    77d4:	27c8                	lbu	a0,12(a5)
    77d6:	0422                	slli	s0,s0,0x8
    77d8:	8c49                	or	s0,s0,a0
    77da:	4505                	li	a0,1
    77dc:	884fc0ef          	jal	ra,3860 <lwip_htons>
    77e0:	489c                	lw	a5,16(s1)
    77e2:	8d41                	or	a0,a0,s0
    77e4:	0542                	slli	a0,a0,0x10
    77e6:	8141                	srli	a0,a0,0x10
    77e8:	a7c8                	sb	a0,12(a5)
    77ea:	8121                	srli	a0,a0,0x8
    77ec:	b7c8                	sb	a0,13(a5)
    77ee:	01e95783          	lhu	a5,30(s2)
    77f2:	4501                	li	a0,0
    77f4:	0207e793          	ori	a5,a5,32
    77f8:	00f91f23          	sh	a5,30(s2)
    77fc:	d37f806f          	j	532 <__riscv_restore_0>

00007800 <tcp_rexmit_rto_prepare>:
    7800:	cf5f82ef          	jal	t0,4f4 <__riscv_save_4>
    7804:	ed01                	bnez	a0,781c <tcp_rexmit_rto_prepare+0x1c>
    7806:	0000e5b7          	lui	a1,0xe
    780a:	0000c537          	lui	a0,0xc
    780e:	f3458593          	addi	a1,a1,-204 # df34 <tcp_pcb_lists+0xa88>
    7812:	49050513          	addi	a0,a0,1168 # c490 <_read+0x150>
    7816:	095030ef          	jal	ra,b0aa <iprintf>
    781a:	a001                	j	781a <tcp_rexmit_rto_prepare+0x1a>
    781c:	07452903          	lw	s2,116(a0)
    7820:	842a                	mv	s0,a0
    7822:	57e9                	li	a5,-6
    7824:	06090c63          	beqz	s2,789c <tcp_rexmit_rto_prepare+0x9c>
    7828:	84ca                	mv	s1,s2
    782a:	0004a983          	lw	s3,0(s1)
    782e:	8526                	mv	a0,s1
    7830:	06099963          	bnez	s3,78a2 <tcp_rexmit_rto_prepare+0xa2>
    7834:	965ff0ef          	jal	ra,7198 <tcp_output_segment_busy>
    7838:	57e9                	li	a5,-6
    783a:	e12d                	bnez	a0,789c <tcp_rexmit_rto_prepare+0x9c>
    783c:	583c                	lw	a5,112(s0)
    783e:	c09c                	sw	a5,0(s1)
    7840:	e781                	bnez	a5,7848 <tcp_rexmit_rto_prepare+0x48>
    7842:	24be                	lhu	a5,10(s1)
    7844:	06f41623          	sh	a5,108(s0)
    7848:	2c7e                	lhu	a5,30(s0)
    784a:	6705                	lui	a4,0x1
    784c:	80070713          	addi	a4,a4,-2048 # 800 <__stack_size>
    7850:	8fd9                	or	a5,a5,a4
    7852:	4898                	lw	a4,16(s1)
    7854:	07242823          	sw	s2,112(s0)
    7858:	06042a23          	sw	zero,116(s0)
    785c:	ac7e                	sh	a5,30(s0)
    785e:	3348                	lbu	a0,5(a4)
    7860:	235c                	lbu	a5,4(a4)
    7862:	0522                	slli	a0,a0,0x8
    7864:	8d5d                	or	a0,a0,a5
    7866:	237c                	lbu	a5,6(a4)
    7868:	07c2                	slli	a5,a5,0x10
    786a:	8fc9                	or	a5,a5,a0
    786c:	3368                	lbu	a0,7(a4)
    786e:	0562                	slli	a0,a0,0x18
    7870:	8d5d                	or	a0,a0,a5
    7872:	ffdfb0ef          	jal	ra,386e <lwip_htonl>
    7876:	489c                	lw	a5,16(s1)
    7878:	892a                	mv	s2,a0
    787a:	0084d983          	lhu	s3,8(s1)
    787e:	27c8                	lbu	a0,12(a5)
    7880:	37dc                	lbu	a5,13(a5)
    7882:	994e                	add	s2,s2,s3
    7884:	07a2                	slli	a5,a5,0x8
    7886:	8d5d                	or	a0,a0,a5
    7888:	fd9fb0ef          	jal	ra,3860 <lwip_htons>
    788c:	890d                	andi	a0,a0,3
    788e:	00a03533          	snez	a0,a0
    7892:	954a                	add	a0,a0,s2
    7894:	c828                	sw	a0,80(s0)
    7896:	02042c23          	sw	zero,56(s0)
    789a:	4781                	li	a5,0
    789c:	853e                	mv	a0,a5
    789e:	c8bf806f          	j	528 <__riscv_restore_4>
    78a2:	8f7ff0ef          	jal	ra,7198 <tcp_output_segment_busy>
    78a6:	84ce                	mv	s1,s3
    78a8:	d149                	beqz	a0,782a <tcp_rexmit_rto_prepare+0x2a>
    78aa:	57e9                	li	a5,-6
    78ac:	bfc5                	j	789c <tcp_rexmit_rto_prepare+0x9c>

000078ae <tcp_rexmit>:
    78ae:	c47f82ef          	jal	t0,4f4 <__riscv_save_4>
    78b2:	ed01                	bnez	a0,78ca <tcp_rexmit+0x1c>
    78b4:	0000e5b7          	lui	a1,0xe
    78b8:	0000c537          	lui	a0,0xc
    78bc:	ebc58593          	addi	a1,a1,-324 # debc <tcp_pcb_lists+0xa10>
    78c0:	49050513          	addi	a0,a0,1168 # c490 <_read+0x150>
    78c4:	7e6030ef          	jal	ra,b0aa <iprintf>
    78c8:	a001                	j	78c8 <tcp_rexmit+0x1a>
    78ca:	5964                	lw	s1,116(a0)
    78cc:	842a                	mv	s0,a0
    78ce:	57e9                	li	a5,-6
    78d0:	c0b1                	beqz	s1,7914 <tcp_rexmit+0x66>
    78d2:	8526                	mv	a0,s1
    78d4:	8c5ff0ef          	jal	ra,7198 <tcp_output_segment_busy>
    78d8:	57e9                	li	a5,-6
    78da:	ed0d                	bnez	a0,7914 <tcp_rexmit+0x66>
    78dc:	409c                	lw	a5,0(s1)
    78de:	07040913          	addi	s2,s0,112
    78e2:	d87c                	sw	a5,116(s0)
    78e4:	00092783          	lw	a5,0(s2)
    78e8:	eb8d                	bnez	a5,791a <tcp_rexmit+0x6c>
    78ea:	00092783          	lw	a5,0(s2)
    78ee:	c09c                	sw	a5,0(s1)
    78f0:	00992023          	sw	s1,0(s2)
    78f4:	409c                	lw	a5,0(s1)
    78f6:	e399                	bnez	a5,78fc <tcp_rexmit+0x4e>
    78f8:	06041623          	sh	zero,108(s0)
    78fc:	04644783          	lbu	a5,70(s0)
    7900:	0ff00713          	li	a4,255
    7904:	00e78563          	beq	a5,a4,790e <tcp_rexmit+0x60>
    7908:	0785                	addi	a5,a5,1
    790a:	04f40323          	sb	a5,70(s0)
    790e:	02042c23          	sw	zero,56(s0)
    7912:	4781                	li	a5,0
    7914:	853e                	mv	a0,a5
    7916:	c13f806f          	j	528 <__riscv_restore_4>
    791a:	4b98                	lw	a4,16(a5)
    791c:	3348                	lbu	a0,5(a4)
    791e:	235c                	lbu	a5,4(a4)
    7920:	0522                	slli	a0,a0,0x8
    7922:	8d5d                	or	a0,a0,a5
    7924:	237c                	lbu	a5,6(a4)
    7926:	07c2                	slli	a5,a5,0x10
    7928:	8fc9                	or	a5,a5,a0
    792a:	3368                	lbu	a0,7(a4)
    792c:	0562                	slli	a0,a0,0x18
    792e:	8d5d                	or	a0,a0,a5
    7930:	f3ffb0ef          	jal	ra,386e <lwip_htonl>
    7934:	4898                	lw	a4,16(s1)
    7936:	89aa                	mv	s3,a0
    7938:	3348                	lbu	a0,5(a4)
    793a:	235c                	lbu	a5,4(a4)
    793c:	0522                	slli	a0,a0,0x8
    793e:	8d5d                	or	a0,a0,a5
    7940:	237c                	lbu	a5,6(a4)
    7942:	07c2                	slli	a5,a5,0x10
    7944:	8fc9                	or	a5,a5,a0
    7946:	3368                	lbu	a0,7(a4)
    7948:	0562                	slli	a0,a0,0x18
    794a:	8d5d                	or	a0,a0,a5
    794c:	f23fb0ef          	jal	ra,386e <lwip_htonl>
    7950:	40a98533          	sub	a0,s3,a0
    7954:	f8055be3          	bgez	a0,78ea <tcp_rexmit+0x3c>
    7958:	00092903          	lw	s2,0(s2)
    795c:	b761                	j	78e4 <tcp_rexmit+0x36>

0000795e <tcp_rexmit_fast>:
    795e:	bb1f82ef          	jal	t0,50e <__riscv_save_0>
    7962:	ed01                	bnez	a0,797a <tcp_rexmit_fast+0x1c>
    7964:	0000e5b7          	lui	a1,0xe
    7968:	0000c537          	lui	a0,0xc
    796c:	ed458593          	addi	a1,a1,-300 # ded4 <tcp_pcb_lists+0xa28>
    7970:	49050513          	addi	a0,a0,1168 # c490 <_read+0x150>
    7974:	736030ef          	jal	ra,b0aa <iprintf>
    7978:	a001                	j	7978 <tcp_rexmit_fast+0x1a>
    797a:	597c                	lw	a5,116(a0)
    797c:	842a                	mv	s0,a0
    797e:	cba1                	beqz	a5,79ce <tcp_rexmit_fast+0x70>
    7980:	2d7e                	lhu	a5,30(a0)
    7982:	8b91                	andi	a5,a5,4
    7984:	e7a9                	bnez	a5,79ce <tcp_rexmit_fast+0x70>
    7986:	f29ff0ef          	jal	ra,78ae <tcp_rexmit>
    798a:	e131                	bnez	a0,79ce <tcp_rexmit_fast+0x70>
    798c:	04c45703          	lhu	a4,76(s0)
    7990:	06445783          	lhu	a5,100(s0)
    7994:	00f77363          	bgeu	a4,a5,799a <tcp_rexmit_fast+0x3c>
    7998:	87ba                	mv	a5,a4
    799a:	07c2                	slli	a5,a5,0x10
    799c:	387a                	lhu	a4,54(s0)
    799e:	83c1                	srli	a5,a5,0x10
    79a0:	8785                	srai	a5,a5,0x1
    79a2:	04f41723          	sh	a5,78(s0)
    79a6:	00171693          	slli	a3,a4,0x1
    79aa:	00d7f463          	bgeu	a5,a3,79b2 <tcp_rexmit_fast+0x54>
    79ae:	04d41723          	sh	a3,78(s0)
    79b2:	478d                	li	a5,3
    79b4:	02f70733          	mul	a4,a4,a5
    79b8:	04e45783          	lhu	a5,78(s0)
    79bc:	02041a23          	sh	zero,52(s0)
    79c0:	973e                	add	a4,a4,a5
    79c2:	2c7e                	lhu	a5,30(s0)
    79c4:	04e41623          	sh	a4,76(s0)
    79c8:	0047e793          	ori	a5,a5,4
    79cc:	ac7e                	sh	a5,30(s0)
    79ce:	b65f806f          	j	532 <__riscv_restore_0>

000079d2 <tcp_rst>:
    79d2:	b23f82ef          	jal	t0,4f4 <__riscv_save_4>
    79d6:	1141                	addi	sp,sp,-16
    79d8:	8436                	mv	s0,a3
    79da:	ee81                	bnez	a3,79f2 <tcp_rst+0x20>
    79dc:	0000e5b7          	lui	a1,0xe
    79e0:	0000c537          	lui	a0,0xc
    79e4:	f5858593          	addi	a1,a1,-168 # df58 <tcp_pcb_lists+0xaac>
    79e8:	49050513          	addi	a0,a0,1168 # c490 <_read+0x150>
    79ec:	6be030ef          	jal	ra,b0aa <iprintf>
    79f0:	a001                	j	79f0 <tcp_rst+0x1e>
    79f2:	84ba                	mv	s1,a4
    79f4:	ef01                	bnez	a4,7a0c <tcp_rst+0x3a>
    79f6:	0000e5b7          	lui	a1,0xe
    79fa:	0000c537          	lui	a0,0xc
    79fe:	f7458593          	addi	a1,a1,-140 # df74 <tcp_pcb_lists+0xac8>
    7a02:	49050513          	addi	a0,a0,1168 # c490 <_read+0x150>
    7a06:	6a4030ef          	jal	ra,b0aa <iprintf>
    7a0a:	a001                	j	7a0a <tcp_rst+0x38>
    7a0c:	892a                	mv	s2,a0
    7a0e:	852e                	mv	a0,a1
    7a10:	89b2                	mv	s3,a2
    7a12:	c642                	sw	a6,12(sp)
    7a14:	c43e                	sw	a5,8(sp)
    7a16:	e59fb0ef          	jal	ra,386e <lwip_htonl>
    7a1a:	4732                	lw	a4,12(sp)
    7a1c:	46a2                	lw	a3,8(sp)
    7a1e:	862a                	mv	a2,a0
    7a20:	4821                	li	a6,8
    7a22:	47d1                	li	a5,20
    7a24:	4581                	li	a1,0
    7a26:	854e                	mv	a0,s3
    7a28:	8c3ff0ef          	jal	ra,72ea <tcp_output_alloc_header_common.constprop.12>
    7a2c:	c42a                	sw	a0,8(sp)
    7a2e:	c909                	beqz	a0,7a40 <tcp_rst+0x6e>
    7a30:	9b7ff0ef          	jal	ra,73e6 <tcp_output_fill_options.isra.1.constprop.13>
    7a34:	45a2                	lw	a1,8(sp)
    7a36:	86a6                	mv	a3,s1
    7a38:	8622                	mv	a2,s0
    7a3a:	854a                	mv	a0,s2
    7a3c:	9c9ff0ef          	jal	ra,7404 <tcp_output_control_segment>
    7a40:	0141                	addi	sp,sp,16
    7a42:	ae7f806f          	j	528 <__riscv_restore_4>

00007a46 <tcp_send_empty_ack>:
    7a46:	ac9f82ef          	jal	t0,50e <__riscv_save_0>
    7a4a:	1141                	addi	sp,sp,-16
    7a4c:	ed01                	bnez	a0,7a64 <tcp_send_empty_ack+0x1e>
    7a4e:	0000e5b7          	lui	a1,0xe
    7a52:	0000c537          	lui	a0,0xc
    7a56:	f9058593          	addi	a1,a1,-112 # df90 <tcp_pcb_lists+0xae4>
    7a5a:	49050513          	addi	a0,a0,1168 # c490 <_read+0x150>
    7a5e:	64c030ef          	jal	ra,b0aa <iprintf>
    7a62:	a001                	j	7a62 <tcp_send_empty_ack+0x1c>
    7a64:	842a                	mv	s0,a0
    7a66:	4968                	lw	a0,84(a0)
    7a68:	e07fb0ef          	jal	ra,386e <lwip_htonl>
    7a6c:	862a                	mv	a2,a0
    7a6e:	4581                	li	a1,0
    7a70:	8522                	mv	a0,s0
    7a72:	939ff0ef          	jal	ra,73aa <tcp_output_alloc_header.constprop.11>
    7a76:	e909                	bnez	a0,7a88 <tcp_send_empty_ack+0x42>
    7a78:	2c7e                	lhu	a5,30(s0)
    7a7a:	5579                	li	a0,-2
    7a7c:	0037e793          	ori	a5,a5,3
    7a80:	ac7e                	sh	a5,30(s0)
    7a82:	0141                	addi	sp,sp,16
    7a84:	aaff806f          	j	532 <__riscv_restore_0>
    7a88:	c62a                	sw	a0,12(sp)
    7a8a:	95dff0ef          	jal	ra,73e6 <tcp_output_fill_options.isra.1.constprop.13>
    7a8e:	45b2                	lw	a1,12(sp)
    7a90:	00440693          	addi	a3,s0,4
    7a94:	8622                	mv	a2,s0
    7a96:	8522                	mv	a0,s0
    7a98:	96dff0ef          	jal	ra,7404 <tcp_output_control_segment>
    7a9c:	2c7e                	lhu	a5,30(s0)
    7a9e:	c509                	beqz	a0,7aa8 <tcp_send_empty_ack+0x62>
    7aa0:	0037e793          	ori	a5,a5,3
    7aa4:	ac7e                	sh	a5,30(s0)
    7aa6:	bff1                	j	7a82 <tcp_send_empty_ack+0x3c>
    7aa8:	9bf1                	andi	a5,a5,-4
    7aaa:	bfed                	j	7aa4 <tcp_send_empty_ack+0x5e>

00007aac <tcp_output>:
    7aac:	a33f82ef          	jal	t0,4de <__riscv_save_12>
    7ab0:	ed01                	bnez	a0,7ac8 <tcp_output+0x1c>
    7ab2:	0000e5b7          	lui	a1,0xe
    7ab6:	0000c537          	lui	a0,0xc
    7aba:	d7c58593          	addi	a1,a1,-644 # dd7c <tcp_pcb_lists+0x8d0>
    7abe:	49050513          	addi	a0,a0,1168 # c490 <_read+0x150>
    7ac2:	5e8030ef          	jal	ra,b0aa <iprintf>
    7ac6:	a001                	j	7ac6 <tcp_output+0x1a>
    7ac8:	4958                	lw	a4,20(a0)
    7aca:	4785                	li	a5,1
    7acc:	842a                	mv	s0,a0
    7ace:	00f71d63          	bne	a4,a5,7ae8 <tcp_output+0x3c>
    7ad2:	0000e5b7          	lui	a1,0xe
    7ad6:	0000c537          	lui	a0,0xc
    7ada:	d9458593          	addi	a1,a1,-620 # dd94 <tcp_pcb_lists+0x8e8>
    7ade:	49050513          	addi	a0,a0,1168 # c490 <_read+0x150>
    7ae2:	5c8030ef          	jal	ra,b0aa <iprintf>
    7ae6:	a001                	j	7ae6 <tcp_output+0x3a>
    7ae8:	9041a783          	lw	a5,-1788(gp) # 20000184 <tcp_input_pcb>
    7aec:	10a78163          	beq	a5,a0,7bee <tcp_output+0x142>
    7af0:	5924                	lw	s1,112(a0)
    7af2:	e889                	bnez	s1,7b04 <tcp_output+0x58>
    7af4:	2d7e                	lhu	a5,30(a0)
    7af6:	8b89                	andi	a5,a5,2
    7af8:	0e078763          	beqz	a5,7be6 <tcp_output+0x13a>
    7afc:	f4bff0ef          	jal	ra,7a46 <tcp_send_empty_ack>
    7b00:	a1bf806f          	j	51a <__riscv_restore_12>
    7b04:	04c55983          	lhu	s3,76(a0)
    7b08:	06455903          	lhu	s2,100(a0)
    7b0c:	00450b13          	addi	s6,a0,4
    7b10:	2508                	lbu	a0,8(a0)
    7b12:	c925                	beqz	a0,7b82 <tcp_output+0xd6>
    7b14:	801fc0ef          	jal	ra,4314 <netif_get_by_index>
    7b18:	8aaa                	mv	s5,a0
    7b1a:	3a050863          	beqz	a0,7eca <tcp_output+0x41e>
    7b1e:	401c                	lw	a5,0(s0)
    7b20:	e399                	bnez	a5,7b26 <tcp_output+0x7a>
    7b22:	415c                	lw	a5,4(a0)
    7b24:	c01c                	sw	a5,0(s0)
    7b26:	8a4e                	mv	s4,s3
    7b28:	01397363          	bgeu	s2,s3,7b2e <tcp_output+0x82>
    7b2c:	8a4a                	mv	s4,s2
    7b2e:	4898                	lw	a4,16(s1)
    7b30:	0a42                	slli	s4,s4,0x10
    7b32:	010a5a13          	srli	s4,s4,0x10
    7b36:	3348                	lbu	a0,5(a4)
    7b38:	235c                	lbu	a5,4(a4)
    7b3a:	0522                	slli	a0,a0,0x8
    7b3c:	8d5d                	or	a0,a0,a5
    7b3e:	237c                	lbu	a5,6(a4)
    7b40:	07c2                	slli	a5,a5,0x10
    7b42:	8fc9                	or	a5,a5,a0
    7b44:	3368                	lbu	a0,7(a4)
    7b46:	0562                	slli	a0,a0,0x18
    7b48:	8d5d                	or	a0,a0,a5
    7b4a:	d25fb0ef          	jal	ra,386e <lwip_htonl>
    7b4e:	249e                	lhu	a5,8(s1)
    7b50:	4438                	lw	a4,72(s0)
    7b52:	8f99                	sub	a5,a5,a4
    7b54:	953e                	add	a0,a0,a5
    7b56:	02aa7a63          	bgeu	s4,a0,7b8a <tcp_output+0xde>
    7b5a:	06445783          	lhu	a5,100(s0)
    7b5e:	01479d63          	bne	a5,s4,7b78 <tcp_output+0xcc>
    7b62:	587c                	lw	a5,116(s0)
    7b64:	eb91                	bnez	a5,7b78 <tcp_output+0xcc>
    7b66:	09d44783          	lbu	a5,157(s0)
    7b6a:	e799                	bnez	a5,7b78 <tcp_output+0xcc>
    7b6c:	10000793          	li	a5,256
    7b70:	08f41e23          	sh	a5,156(s0)
    7b74:	08040f23          	sb	zero,158(s0)
    7b78:	2c7e                	lhu	a5,30(s0)
    7b7a:	8b89                	andi	a5,a5,2
    7b7c:	c7ad                	beqz	a5,7be6 <tcp_output+0x13a>
    7b7e:	8522                	mv	a0,s0
    7b80:	bfb5                	j	7afc <tcp_output+0x50>
    7b82:	855a                	mv	a0,s6
    7b84:	85bfb0ef          	jal	ra,33de <ip4_route>
    7b88:	bf41                	j	7b18 <tcp_output+0x6c>
    7b8a:	07442983          	lw	s3,116(s0)
    7b8e:	08040ea3          	sb	zero,157(s0)
    7b92:	00099a63          	bnez	s3,7ba6 <tcp_output+0xfa>
    7b96:	4c1d                	li	s8,7
    7b98:	4b89                	li	s7,2
    7b9a:	20000cb7          	lui	s9,0x20000
    7b9e:	02040d37          	lui	s10,0x2040
    7ba2:	a459                	j	7e28 <tcp_output+0x37c>
    7ba4:	89be                	mv	s3,a5
    7ba6:	0009a783          	lw	a5,0(s3)
    7baa:	ffed                	bnez	a5,7ba4 <tcp_output+0xf8>
    7bac:	b7ed                	j	7b96 <tcp_output+0xea>
    7bae:	587c                	lw	a5,116(s0)
    7bb0:	c3a9                	beqz	a5,7bf2 <tcp_output+0x146>
    7bb2:	2c7e                	lhu	a5,30(s0)
    7bb4:	0447f713          	andi	a4,a5,68
    7bb8:	ef0d                	bnez	a4,7bf2 <tcp_output+0x146>
    7bba:	5838                	lw	a4,112(s0)
    7bbc:	c719                	beqz	a4,7bca <tcp_output+0x11e>
    7bbe:	4314                	lw	a3,0(a4)
    7bc0:	ea8d                	bnez	a3,7bf2 <tcp_output+0x146>
    7bc2:	2716                	lhu	a3,8(a4)
    7bc4:	387a                	lhu	a4,54(s0)
    7bc6:	02e6f663          	bgeu	a3,a4,7bf2 <tcp_output+0x146>
    7bca:	06845703          	lhu	a4,104(s0)
    7bce:	c315                	beqz	a4,7bf2 <tcp_output+0x146>
    7bd0:	06a45703          	lhu	a4,106(s0)
    7bd4:	00ec6f63          	bltu	s8,a4,7bf2 <tcp_output+0x146>
    7bd8:	0a07f793          	andi	a5,a5,160
    7bdc:	eb99                	bnez	a5,7bf2 <tcp_output+0x146>
    7bde:	583c                	lw	a5,112(s0)
    7be0:	e399                	bnez	a5,7be6 <tcp_output+0x13a>
    7be2:	06041623          	sh	zero,108(s0)
    7be6:	2c7e                	lhu	a5,30(s0)
    7be8:	f7f7f793          	andi	a5,a5,-129
    7bec:	ac7e                	sh	a5,30(s0)
    7bee:	4501                	li	a0,0
    7bf0:	bf01                	j	7b00 <tcp_output+0x54>
    7bf2:	485c                	lw	a5,20(s0)
    7bf4:	03778463          	beq	a5,s7,7c1c <tcp_output+0x170>
    7bf8:	489c                	lw	a5,16(s1)
    7bfa:	00d7c903          	lbu	s2,13(a5)
    7bfe:	27c8                	lbu	a0,12(a5)
    7c00:	0922                	slli	s2,s2,0x8
    7c02:	00a96933          	or	s2,s2,a0
    7c06:	4541                	li	a0,16
    7c08:	c59fb0ef          	jal	ra,3860 <lwip_htons>
    7c0c:	489c                	lw	a5,16(s1)
    7c0e:	00a96533          	or	a0,s2,a0
    7c12:	0542                	slli	a0,a0,0x10
    7c14:	8141                	srli	a0,a0,0x10
    7c16:	a7c8                	sb	a0,12(a5)
    7c18:	8121                	srli	a0,a0,0x8
    7c1a:	b7c8                	sb	a0,13(a5)
    7c1c:	8526                	mv	a0,s1
    7c1e:	d7aff0ef          	jal	ra,7198 <tcp_output_segment_busy>
    7c22:	12051563          	bnez	a0,7d4c <tcp_output+0x2a0>
    7c26:	5408                	lw	a0,40(s0)
    7c28:	0104a903          	lw	s2,16(s1)
    7c2c:	c43fb0ef          	jal	ra,386e <lwip_htonl>
    7c30:	00855793          	srli	a5,a0,0x8
    7c34:	00a90423          	sb	a0,8(s2)
    7c38:	00f904a3          	sb	a5,9(s2)
    7c3c:	01055793          	srli	a5,a0,0x10
    7c40:	8161                	srli	a0,a0,0x18
    7c42:	00a905a3          	sb	a0,11(s2)
    7c46:	346a                	lhu	a0,46(s0)
    7c48:	00f90523          	sb	a5,10(s2)
    7c4c:	0104a903          	lw	s2,16(s1)
    7c50:	c11fb0ef          	jal	ra,3860 <lwip_htons>
    7c54:	347a                	lhu	a4,46(s0)
    7c56:	541c                	lw	a5,40(s0)
    7c58:	00a90723          	sb	a0,14(s2)
    7c5c:	8121                	srli	a0,a0,0x8
    7c5e:	00a907a3          	sb	a0,15(s2)
    7c62:	97ba                	add	a5,a5,a4
    7c64:	d81c                	sw	a5,48(s0)
    7c66:	24dc                	lbu	a5,12(s1)
    7c68:	0104ad83          	lw	s11,16(s1)
    7c6c:	8b85                	andi	a5,a5,1
    7c6e:	e7c1                	bnez	a5,7cf6 <tcp_output+0x24a>
    7c70:	0dd1                	addi	s11,s11,20
    7c72:	03441783          	lh	a5,52(s0)
    7c76:	0007d463          	bgez	a5,7c7e <tcp_output+0x1d2>
    7c7a:	02041a23          	sh	zero,52(s0)
    7c7e:	5c1c                	lw	a5,56(s0)
    7c80:	e395                	bnez	a5,7ca4 <tcp_output+0x1f8>
    7c82:	164ca783          	lw	a5,356(s9) # 20000164 <tcp_ticks>
    7c86:	4898                	lw	a4,16(s1)
    7c88:	dc1c                	sw	a5,56(s0)
    7c8a:	3348                	lbu	a0,5(a4)
    7c8c:	235c                	lbu	a5,4(a4)
    7c8e:	0522                	slli	a0,a0,0x8
    7c90:	8d5d                	or	a0,a0,a5
    7c92:	237c                	lbu	a5,6(a4)
    7c94:	07c2                	slli	a5,a5,0x10
    7c96:	8fc9                	or	a5,a5,a0
    7c98:	3368                	lbu	a0,7(a4)
    7c9a:	0562                	slli	a0,a0,0x18
    7c9c:	8d5d                	or	a0,a0,a5
    7c9e:	bd1fb0ef          	jal	ra,386e <lwip_htonl>
    7ca2:	dc48                	sw	a0,60(s0)
    7ca4:	40c8                	lw	a0,4(s1)
    7ca6:	0104a903          	lw	s2,16(s1)
    7caa:	4150                	lw	a2,4(a0)
    7cac:	253a                	lhu	a4,10(a0)
    7cae:	01252223          	sw	s2,4(a0)
    7cb2:	40c90633          	sub	a2,s2,a2
    7cb6:	01061793          	slli	a5,a2,0x10
    7cba:	2512                	lhu	a2,8(a0)
    7cbc:	83c1                	srli	a5,a5,0x10
    7cbe:	8f1d                	sub	a4,a4,a5
    7cc0:	8e1d                	sub	a2,a2,a5
    7cc2:	0642                	slli	a2,a2,0x10
    7cc4:	8241                	srli	a2,a2,0x10
    7cc6:	a53a                	sh	a4,10(a0)
    7cc8:	a512                	sh	a2,8(a0)
    7cca:	00090823          	sb	zero,16(s2)
    7cce:	000908a3          	sb	zero,17(s2)
    7cd2:	24dc                	lbu	a5,12(s1)
    7cd4:	078a                	slli	a5,a5,0x2
    7cd6:	8b91                	andi	a5,a5,4
    7cd8:	07d1                	addi	a5,a5,20
    7cda:	97ca                	add	a5,a5,s2
    7cdc:	02fd8b63          	beq	s11,a5,7d12 <tcp_output+0x266>
    7ce0:	0000e5b7          	lui	a1,0xe
    7ce4:	0000c537          	lui	a0,0xc
    7ce8:	dd458593          	addi	a1,a1,-556 # ddd4 <tcp_pcb_lists+0x928>
    7cec:	49050513          	addi	a0,a0,1168 # c490 <_read+0x150>
    7cf0:	3ba030ef          	jal	ra,b0aa <iprintf>
    7cf4:	a001                	j	7cf4 <tcp_output+0x248>
    7cf6:	865a                	mv	a2,s6
    7cf8:	85d6                	mv	a1,s5
    7cfa:	20000513          	li	a0,512
    7cfe:	fe9fc0ef          	jal	ra,4ce6 <tcp_eff_send_mss_netif>
    7d02:	01a56533          	or	a0,a0,s10
    7d06:	b69fb0ef          	jal	ra,386e <lwip_htonl>
    7d0a:	00adaa23          	sw	a0,20(s11)
    7d0e:	0de1                	addi	s11,s11,24
    7d10:	b78d                	j	7c72 <tcp_output+0x1c6>
    7d12:	024ad783          	lhu	a5,36(s5)
    7d16:	8b91                	andi	a5,a5,4
    7d18:	cb99                	beqz	a5,7d2e <tcp_output+0x282>
    7d1a:	875a                	mv	a4,s6
    7d1c:	86a2                	mv	a3,s0
    7d1e:	4599                	li	a1,6
    7d20:	c91fb0ef          	jal	ra,39b0 <ip_chksum_pseudo>
    7d24:	00a90823          	sb	a0,16(s2)
    7d28:	8121                	srli	a0,a0,0x8
    7d2a:	00a908a3          	sb	a0,17(s2)
    7d2e:	2438                	lbu	a4,10(s0)
    7d30:	3434                	lbu	a3,11(s0)
    7d32:	40c8                	lw	a0,4(s1)
    7d34:	8856                	mv	a6,s5
    7d36:	4799                	li	a5,6
    7d38:	865a                	mv	a2,s6
    7d3a:	85a2                	mv	a1,s0
    7d3c:	a25fb0ef          	jal	ra,3760 <ip4_output_if>
    7d40:	c511                	beqz	a0,7d4c <tcp_output+0x2a0>
    7d42:	2c7e                	lhu	a5,30(s0)
    7d44:	0807e793          	ori	a5,a5,128
    7d48:	ac7e                	sh	a5,30(s0)
    7d4a:	bb5d                	j	7b00 <tcp_output+0x54>
    7d4c:	409c                	lw	a5,0(s1)
    7d4e:	00049523          	sh	zero,10(s1)
    7d52:	d83c                	sw	a5,112(s0)
    7d54:	485c                	lw	a5,20(s0)
    7d56:	01778563          	beq	a5,s7,7d60 <tcp_output+0x2b4>
    7d5a:	2c7e                	lhu	a5,30(s0)
    7d5c:	9bf1                	andi	a5,a5,-4
    7d5e:	ac7e                	sh	a5,30(s0)
    7d60:	4898                	lw	a4,16(s1)
    7d62:	3348                	lbu	a0,5(a4)
    7d64:	235c                	lbu	a5,4(a4)
    7d66:	0522                	slli	a0,a0,0x8
    7d68:	8d5d                	or	a0,a0,a5
    7d6a:	237c                	lbu	a5,6(a4)
    7d6c:	07c2                	slli	a5,a5,0x10
    7d6e:	8fc9                	or	a5,a5,a0
    7d70:	3368                	lbu	a0,7(a4)
    7d72:	0562                	slli	a0,a0,0x18
    7d74:	8d5d                	or	a0,a0,a5
    7d76:	af9fb0ef          	jal	ra,386e <lwip_htonl>
    7d7a:	489c                	lw	a5,16(s1)
    7d7c:	892a                	mv	s2,a0
    7d7e:	0084dd83          	lhu	s11,8(s1)
    7d82:	27c8                	lbu	a0,12(a5)
    7d84:	37dc                	lbu	a5,13(a5)
    7d86:	996e                	add	s2,s2,s11
    7d88:	07a2                	slli	a5,a5,0x8
    7d8a:	8d5d                	or	a0,a0,a5
    7d8c:	ad5fb0ef          	jal	ra,3860 <lwip_htons>
    7d90:	890d                	andi	a0,a0,3
    7d92:	487c                	lw	a5,84(s0)
    7d94:	00a03533          	snez	a0,a0
    7d98:	954a                	add	a0,a0,s2
    7d9a:	8f89                	sub	a5,a5,a0
    7d9c:	0007d363          	bgez	a5,7da2 <tcp_output+0x2f6>
    7da0:	c868                	sw	a0,84(s0)
    7da2:	489c                	lw	a5,16(s1)
    7da4:	0084d903          	lhu	s2,8(s1)
    7da8:	27c8                	lbu	a0,12(a5)
    7daa:	37dc                	lbu	a5,13(a5)
    7dac:	07a2                	slli	a5,a5,0x8
    7dae:	8d5d                	or	a0,a0,a5
    7db0:	ab1fb0ef          	jal	ra,3860 <lwip_htons>
    7db4:	890d                	andi	a0,a0,3
    7db6:	00a03533          	snez	a0,a0
    7dba:	954a                	add	a0,a0,s2
    7dbc:	10050363          	beqz	a0,7ec2 <tcp_output+0x416>
    7dc0:	587c                	lw	a5,116(s0)
    7dc2:	0004a023          	sw	zero,0(s1)
    7dc6:	e781                	bnez	a5,7dce <tcp_output+0x322>
    7dc8:	d864                	sw	s1,116(s0)
    7dca:	89a6                	mv	s3,s1
    7dcc:	a899                	j	7e22 <tcp_output+0x376>
    7dce:	4898                	lw	a4,16(s1)
    7dd0:	3348                	lbu	a0,5(a4)
    7dd2:	235c                	lbu	a5,4(a4)
    7dd4:	0522                	slli	a0,a0,0x8
    7dd6:	8d5d                	or	a0,a0,a5
    7dd8:	237c                	lbu	a5,6(a4)
    7dda:	07c2                	slli	a5,a5,0x10
    7ddc:	8fc9                	or	a5,a5,a0
    7dde:	3368                	lbu	a0,7(a4)
    7de0:	0562                	slli	a0,a0,0x18
    7de2:	8d5d                	or	a0,a0,a5
    7de4:	a8bfb0ef          	jal	ra,386e <lwip_htonl>
    7de8:	0109a703          	lw	a4,16(s3)
    7dec:	892a                	mv	s2,a0
    7dee:	3348                	lbu	a0,5(a4)
    7df0:	235c                	lbu	a5,4(a4)
    7df2:	0522                	slli	a0,a0,0x8
    7df4:	8d5d                	or	a0,a0,a5
    7df6:	237c                	lbu	a5,6(a4)
    7df8:	07c2                	slli	a5,a5,0x10
    7dfa:	8fc9                	or	a5,a5,a0
    7dfc:	3368                	lbu	a0,7(a4)
    7dfe:	0562                	slli	a0,a0,0x18
    7e00:	8d5d                	or	a0,a0,a5
    7e02:	a6dfb0ef          	jal	ra,386e <lwip_htonl>
    7e06:	40a90533          	sub	a0,s2,a0
    7e0a:	0a055963          	bgez	a0,7ebc <tcp_output+0x410>
    7e0e:	07440913          	addi	s2,s0,116
    7e12:	00092783          	lw	a5,0(s2)
    7e16:	e3ad                	bnez	a5,7e78 <tcp_output+0x3cc>
    7e18:	00092783          	lw	a5,0(s2)
    7e1c:	c09c                	sw	a5,0(s1)
    7e1e:	00992023          	sw	s1,0(s2)
    7e22:	5824                	lw	s1,112(s0)
    7e24:	da048fe3          	beqz	s1,7be2 <tcp_output+0x136>
    7e28:	4898                	lw	a4,16(s1)
    7e2a:	3348                	lbu	a0,5(a4)
    7e2c:	235c                	lbu	a5,4(a4)
    7e2e:	0522                	slli	a0,a0,0x8
    7e30:	8d5d                	or	a0,a0,a5
    7e32:	237c                	lbu	a5,6(a4)
    7e34:	07c2                	slli	a5,a5,0x10
    7e36:	8fc9                	or	a5,a5,a0
    7e38:	3368                	lbu	a0,7(a4)
    7e3a:	0562                	slli	a0,a0,0x18
    7e3c:	8d5d                	or	a0,a0,a5
    7e3e:	a31fb0ef          	jal	ra,386e <lwip_htonl>
    7e42:	443c                	lw	a5,72(s0)
    7e44:	8d1d                	sub	a0,a0,a5
    7e46:	249e                	lhu	a5,8(s1)
    7e48:	953e                	add	a0,a0,a5
    7e4a:	d8aa6ae3          	bltu	s4,a0,7bde <tcp_output+0x132>
    7e4e:	489c                	lw	a5,16(s1)
    7e50:	27c8                	lbu	a0,12(a5)
    7e52:	37dc                	lbu	a5,13(a5)
    7e54:	07a2                	slli	a5,a5,0x8
    7e56:	8d5d                	or	a0,a0,a5
    7e58:	a09fb0ef          	jal	ra,3860 <lwip_htons>
    7e5c:	8911                	andi	a0,a0,4
    7e5e:	d40508e3          	beqz	a0,7bae <tcp_output+0x102>
    7e62:	0000e5b7          	lui	a1,0xe
    7e66:	0000c537          	lui	a0,0xc
    7e6a:	dbc58593          	addi	a1,a1,-580 # ddbc <tcp_pcb_lists+0x910>
    7e6e:	49050513          	addi	a0,a0,1168 # c490 <_read+0x150>
    7e72:	238030ef          	jal	ra,b0aa <iprintf>
    7e76:	a001                	j	7e76 <tcp_output+0x3ca>
    7e78:	4b98                	lw	a4,16(a5)
    7e7a:	3348                	lbu	a0,5(a4)
    7e7c:	235c                	lbu	a5,4(a4)
    7e7e:	0522                	slli	a0,a0,0x8
    7e80:	8d5d                	or	a0,a0,a5
    7e82:	237c                	lbu	a5,6(a4)
    7e84:	07c2                	slli	a5,a5,0x10
    7e86:	8fc9                	or	a5,a5,a0
    7e88:	3368                	lbu	a0,7(a4)
    7e8a:	0562                	slli	a0,a0,0x18
    7e8c:	8d5d                	or	a0,a0,a5
    7e8e:	9e1fb0ef          	jal	ra,386e <lwip_htonl>
    7e92:	4898                	lw	a4,16(s1)
    7e94:	8daa                	mv	s11,a0
    7e96:	3348                	lbu	a0,5(a4)
    7e98:	235c                	lbu	a5,4(a4)
    7e9a:	0522                	slli	a0,a0,0x8
    7e9c:	8d5d                	or	a0,a0,a5
    7e9e:	237c                	lbu	a5,6(a4)
    7ea0:	07c2                	slli	a5,a5,0x10
    7ea2:	8fc9                	or	a5,a5,a0
    7ea4:	3368                	lbu	a0,7(a4)
    7ea6:	0562                	slli	a0,a0,0x18
    7ea8:	8d5d                	or	a0,a0,a5
    7eaa:	9c5fb0ef          	jal	ra,386e <lwip_htonl>
    7eae:	40ad8533          	sub	a0,s11,a0
    7eb2:	f60553e3          	bgez	a0,7e18 <tcp_output+0x36c>
    7eb6:	00092903          	lw	s2,0(s2)
    7eba:	bfa1                	j	7e12 <tcp_output+0x366>
    7ebc:	0099a023          	sw	s1,0(s3)
    7ec0:	b729                	j	7dca <tcp_output+0x31e>
    7ec2:	8526                	mv	a0,s1
    7ec4:	d79fc0ef          	jal	ra,4c3c <tcp_seg_free>
    7ec8:	bfa9                	j	7e22 <tcp_output+0x376>
    7eca:	5571                	li	a0,-4
    7ecc:	b915                	j	7b00 <tcp_output+0x54>

00007ece <tcp_rexmit_rto_commit>:
    7ece:	e40f82ef          	jal	t0,50e <__riscv_save_0>
    7ed2:	ed01                	bnez	a0,7eea <tcp_rexmit_rto_commit+0x1c>
    7ed4:	0000e5b7          	lui	a1,0xe
    7ed8:	0000c537          	lui	a0,0xc
    7edc:	f1058593          	addi	a1,a1,-240 # df10 <tcp_pcb_lists+0xa64>
    7ee0:	49050513          	addi	a0,a0,1168 # c490 <_read+0x150>
    7ee4:	1c6030ef          	jal	ra,b0aa <iprintf>
    7ee8:	a001                	j	7ee8 <tcp_rexmit_rto_commit+0x1a>
    7eea:	04654783          	lbu	a5,70(a0)
    7eee:	0ff00713          	li	a4,255
    7ef2:	00e78563          	beq	a5,a4,7efc <tcp_rexmit_rto_commit+0x2e>
    7ef6:	0785                	addi	a5,a5,1
    7ef8:	04f50323          	sb	a5,70(a0)
    7efc:	bb1ff0ef          	jal	ra,7aac <tcp_output>
    7f00:	e32f806f          	j	532 <__riscv_restore_0>

00007f04 <tcp_rexmit_rto>:
    7f04:	e0af82ef          	jal	t0,50e <__riscv_save_0>
    7f08:	ed01                	bnez	a0,7f20 <tcp_rexmit_rto+0x1c>
    7f0a:	0000e5b7          	lui	a1,0xe
    7f0e:	0000c537          	lui	a0,0xc
    7f12:	ef458593          	addi	a1,a1,-268 # def4 <tcp_pcb_lists+0xa48>
    7f16:	49050513          	addi	a0,a0,1168 # c490 <_read+0x150>
    7f1a:	190030ef          	jal	ra,b0aa <iprintf>
    7f1e:	a001                	j	7f1e <tcp_rexmit_rto+0x1a>
    7f20:	842a                	mv	s0,a0
    7f22:	8dfff0ef          	jal	ra,7800 <tcp_rexmit_rto_prepare>
    7f26:	e501                	bnez	a0,7f2e <tcp_rexmit_rto+0x2a>
    7f28:	8522                	mv	a0,s0
    7f2a:	fa5ff0ef          	jal	ra,7ece <tcp_rexmit_rto_commit>
    7f2e:	e04f806f          	j	532 <__riscv_restore_0>

00007f32 <tcp_keepalive>:
    7f32:	ddcf82ef          	jal	t0,50e <__riscv_save_0>
    7f36:	1141                	addi	sp,sp,-16
    7f38:	ed01                	bnez	a0,7f50 <tcp_keepalive+0x1e>
    7f3a:	0000e5b7          	lui	a1,0xe
    7f3e:	0000c537          	lui	a0,0xc
    7f42:	d6058593          	addi	a1,a1,-672 # dd60 <tcp_pcb_lists+0x8b4>
    7f46:	49050513          	addi	a0,a0,1168 # c490 <_read+0x150>
    7f4a:	160030ef          	jal	ra,b0aa <iprintf>
    7f4e:	a001                	j	7f4e <tcp_keepalive+0x1c>
    7f50:	842a                	mv	s0,a0
    7f52:	4968                	lw	a0,84(a0)
    7f54:	157d                	addi	a0,a0,-1
    7f56:	919fb0ef          	jal	ra,386e <lwip_htonl>
    7f5a:	862a                	mv	a2,a0
    7f5c:	4581                	li	a1,0
    7f5e:	8522                	mv	a0,s0
    7f60:	c4aff0ef          	jal	ra,73aa <tcp_output_alloc_header.constprop.11>
    7f64:	c62a                	sw	a0,12(sp)
    7f66:	57fd                	li	a5,-1
    7f68:	c919                	beqz	a0,7f7e <tcp_keepalive+0x4c>
    7f6a:	c7cff0ef          	jal	ra,73e6 <tcp_output_fill_options.isra.1.constprop.13>
    7f6e:	45b2                	lw	a1,12(sp)
    7f70:	00440693          	addi	a3,s0,4
    7f74:	8622                	mv	a2,s0
    7f76:	8522                	mv	a0,s0
    7f78:	c8cff0ef          	jal	ra,7404 <tcp_output_control_segment>
    7f7c:	87aa                	mv	a5,a0
    7f7e:	853e                	mv	a0,a5
    7f80:	0141                	addi	sp,sp,16
    7f82:	db0f806f          	j	532 <__riscv_restore_0>

00007f86 <tcp_zero_window_probe>:
    7f86:	d6ef82ef          	jal	t0,4f4 <__riscv_save_4>
    7f8a:	ed01                	bnez	a0,7fa2 <tcp_zero_window_probe+0x1c>
    7f8c:	0000e5b7          	lui	a1,0xe
    7f90:	0000c537          	lui	a0,0xc
    7f94:	03458593          	addi	a1,a1,52 # e034 <tcp_pcb_lists+0xb88>
    7f98:	49050513          	addi	a0,a0,1168 # c490 <_read+0x150>
    7f9c:	10e030ef          	jal	ra,b0aa <iprintf>
    7fa0:	a001                	j	7fa0 <tcp_zero_window_probe+0x1a>
    7fa2:	07052903          	lw	s2,112(a0)
    7fa6:	84aa                	mv	s1,a0
    7fa8:	4501                	li	a0,0
    7faa:	0c090763          	beqz	s2,8078 <tcp_zero_window_probe+0xf2>
    7fae:	09e4c783          	lbu	a5,158(s1)
    7fb2:	0ff00713          	li	a4,255
    7fb6:	00e78563          	beq	a5,a4,7fc0 <tcp_zero_window_probe+0x3a>
    7fba:	0785                	addi	a5,a5,1
    7fbc:	08f48f23          	sb	a5,158(s1)
    7fc0:	01092783          	lw	a5,16(s2)
    7fc4:	4401                	li	s0,0
    7fc6:	27c8                	lbu	a0,12(a5)
    7fc8:	37dc                	lbu	a5,13(a5)
    7fca:	07a2                	slli	a5,a5,0x8
    7fcc:	8d5d                	or	a0,a0,a5
    7fce:	893fb0ef          	jal	ra,3860 <lwip_htons>
    7fd2:	8905                	andi	a0,a0,1
    7fd4:	c509                	beqz	a0,7fde <tcp_zero_window_probe+0x58>
    7fd6:	00895403          	lhu	s0,8(s2)
    7fda:	00143413          	seqz	s0,s0
    7fde:	01092703          	lw	a4,16(s2)
    7fe2:	00144593          	xori	a1,s0,1
    7fe6:	8526                	mv	a0,s1
    7fe8:	3350                	lbu	a2,5(a4)
    7fea:	235c                	lbu	a5,4(a4)
    7fec:	0622                	slli	a2,a2,0x8
    7fee:	8e5d                	or	a2,a2,a5
    7ff0:	237c                	lbu	a5,6(a4)
    7ff2:	07c2                	slli	a5,a5,0x10
    7ff4:	8fd1                	or	a5,a5,a2
    7ff6:	3370                	lbu	a2,7(a4)
    7ff8:	0662                	slli	a2,a2,0x18
    7ffa:	8e5d                	or	a2,a2,a5
    7ffc:	baeff0ef          	jal	ra,73aa <tcp_output_alloc_header.constprop.11>
    8000:	89aa                	mv	s3,a0
    8002:	557d                	li	a0,-1
    8004:	06098a63          	beqz	s3,8078 <tcp_zero_window_probe+0xf2>
    8008:	0049aa03          	lw	s4,4(s3)
    800c:	c825                	beqz	s0,807c <tcp_zero_window_probe+0xf6>
    800e:	00da4403          	lbu	s0,13(s4)
    8012:	00ca4503          	lbu	a0,12(s4)
    8016:	0422                	slli	s0,s0,0x8
    8018:	8c49                	or	s0,s0,a0
    801a:	7571                	lui	a0,0xffffc
    801c:	0ff50513          	addi	a0,a0,255 # ffffc0ff <__freertos_irq_stack_top+0xdffec0ff>
    8020:	8c69                	and	s0,s0,a0
    8022:	0442                	slli	s0,s0,0x10
    8024:	4545                	li	a0,17
    8026:	83bfb0ef          	jal	ra,3860 <lwip_htons>
    802a:	8441                	srai	s0,s0,0x10
    802c:	8d41                	or	a0,a0,s0
    802e:	0542                	slli	a0,a0,0x10
    8030:	8141                	srli	a0,a0,0x10
    8032:	00aa0623          	sb	a0,12(s4)
    8036:	8121                	srli	a0,a0,0x8
    8038:	00aa06a3          	sb	a0,13(s4)
    803c:	01092703          	lw	a4,16(s2)
    8040:	3348                	lbu	a0,5(a4)
    8042:	235c                	lbu	a5,4(a4)
    8044:	0522                	slli	a0,a0,0x8
    8046:	8d5d                	or	a0,a0,a5
    8048:	237c                	lbu	a5,6(a4)
    804a:	07c2                	slli	a5,a5,0x10
    804c:	8fc9                	or	a5,a5,a0
    804e:	3368                	lbu	a0,7(a4)
    8050:	0562                	slli	a0,a0,0x18
    8052:	8d5d                	or	a0,a0,a5
    8054:	81bfb0ef          	jal	ra,386e <lwip_htonl>
    8058:	48fc                	lw	a5,84(s1)
    805a:	0505                	addi	a0,a0,1
    805c:	8f89                	sub	a5,a5,a0
    805e:	0007d363          	bgez	a5,8064 <tcp_zero_window_probe+0xde>
    8062:	c8e8                	sw	a0,84(s1)
    8064:	854e                	mv	a0,s3
    8066:	b80ff0ef          	jal	ra,73e6 <tcp_output_fill_options.isra.1.constprop.13>
    806a:	00448693          	addi	a3,s1,4
    806e:	8626                	mv	a2,s1
    8070:	85ce                	mv	a1,s3
    8072:	8526                	mv	a0,s1
    8074:	b90ff0ef          	jal	ra,7404 <tcp_output_control_segment>
    8078:	cb0f806f          	j	528 <__riscv_restore_4>
    807c:	00492503          	lw	a0,4(s2)
    8080:	00895783          	lhu	a5,8(s2)
    8084:	4605                	li	a2,1
    8086:	2516                	lhu	a3,8(a0)
    8088:	014a0593          	addi	a1,s4,20
    808c:	8e9d                	sub	a3,a3,a5
    808e:	06c2                	slli	a3,a3,0x10
    8090:	82c1                	srli	a3,a3,0x10
    8092:	8bffc0ef          	jal	ra,4950 <pbuf_copy_partial>
    8096:	b75d                	j	803c <tcp_zero_window_probe+0xb6>

00008098 <sys_timeout_abs>:
    8098:	c76f82ef          	jal	t0,50e <__riscv_save_0>
    809c:	1141                	addi	sp,sp,-16
    809e:	842a                	mv	s0,a0
    80a0:	4525                	li	a0,9
    80a2:	c62e                	sw	a1,12(sp)
    80a4:	c432                	sw	a2,8(sp)
    80a6:	f1dfb0ef          	jal	ra,3fc2 <memp_malloc>
    80aa:	4622                	lw	a2,8(sp)
    80ac:	45b2                	lw	a1,12(sp)
    80ae:	ed01                	bnez	a0,80c6 <sys_timeout_abs+0x2e>
    80b0:	0000e5b7          	lui	a1,0xe
    80b4:	0000c537          	lui	a0,0xc
    80b8:	0b058593          	addi	a1,a1,176 # e0b0 <lwip_cyclic_timers+0x58>
    80bc:	49050513          	addi	a0,a0,1168 # c490 <_read+0x150>
    80c0:	7eb020ef          	jal	ra,b0aa <iprintf>
    80c4:	a001                	j	80c4 <sys_timeout_abs+0x2c>
    80c6:	92018713          	addi	a4,gp,-1760 # 200001a0 <next_timeout>
    80ca:	431c                	lw	a5,0(a4)
    80cc:	00052023          	sw	zero,0(a0)
    80d0:	c50c                	sw	a1,8(a0)
    80d2:	c550                	sw	a2,12(a0)
    80d4:	c140                	sw	s0,4(a0)
    80d6:	e789                	bnez	a5,80e0 <sys_timeout_abs+0x48>
    80d8:	c308                	sw	a0,0(a4)
    80da:	0141                	addi	sp,sp,16
    80dc:	c56f806f          	j	532 <__riscv_restore_0>
    80e0:	43d4                	lw	a3,4(a5)
    80e2:	40d406b3          	sub	a3,s0,a3
    80e6:	0006d563          	bgez	a3,80f0 <sys_timeout_abs+0x58>
    80ea:	c11c                	sw	a5,0(a0)
    80ec:	b7f5                	j	80d8 <sys_timeout_abs+0x40>
    80ee:	87ba                	mv	a5,a4
    80f0:	4398                	lw	a4,0(a5)
    80f2:	c711                	beqz	a4,80fe <sys_timeout_abs+0x66>
    80f4:	4354                	lw	a3,4(a4)
    80f6:	40d406b3          	sub	a3,s0,a3
    80fa:	fe06dae3          	bgez	a3,80ee <sys_timeout_abs+0x56>
    80fe:	c118                	sw	a4,0(a0)
    8100:	c388                	sw	a0,0(a5)
    8102:	bfe1                	j	80da <sys_timeout_abs+0x42>

00008104 <lwip_cyclic_timer>:
    8104:	c0af82ef          	jal	t0,50e <__riscv_save_0>
    8108:	415c                	lw	a5,4(a0)
    810a:	1141                	addi	sp,sp,-16
    810c:	c62a                	sw	a0,12(sp)
    810e:	9782                	jalr	a5
    8110:	e45f80ef          	jal	ra,f54 <sys_now>
    8114:	4632                	lw	a2,12(sp)
    8116:	91c1a783          	lw	a5,-1764(gp) # 2000019c <current_timeout_due_time>
    811a:	4218                	lw	a4,0(a2)
    811c:	000085b7          	lui	a1,0x8
    8120:	10458593          	addi	a1,a1,260 # 8104 <lwip_cyclic_timer>
    8124:	97ba                	add	a5,a5,a4
    8126:	40a786b3          	sub	a3,a5,a0
    812a:	953a                	add	a0,a0,a4
    812c:	0006c363          	bltz	a3,8132 <lwip_cyclic_timer+0x2e>
    8130:	853e                	mv	a0,a5
    8132:	f67ff0ef          	jal	ra,8098 <sys_timeout_abs>
    8136:	0141                	addi	sp,sp,16
    8138:	bfaf806f          	j	532 <__riscv_restore_0>

0000813c <tcpip_tcp_timer>:
    813c:	bd2f82ef          	jal	t0,50e <__riscv_save_0>
    8140:	fccfd0ef          	jal	ra,590c <tcp_tmr>
    8144:	200007b7          	lui	a5,0x20000
    8148:	1547a783          	lw	a5,340(a5) # 20000154 <tcp_active_pcbs>
    814c:	e791                	bnez	a5,8158 <tcpip_tcp_timer+0x1c>
    814e:	200007b7          	lui	a5,0x20000
    8152:	16c7a783          	lw	a5,364(a5) # 2000016c <tcp_tw_pcbs>
    8156:	cf91                	beqz	a5,8172 <tcpip_tcp_timer+0x36>
    8158:	dfdf80ef          	jal	ra,f54 <sys_now>
    815c:	000085b7          	lui	a1,0x8
    8160:	4601                	li	a2,0
    8162:	13c58593          	addi	a1,a1,316 # 813c <tcpip_tcp_timer>
    8166:	0fa50513          	addi	a0,a0,250
    816a:	f2fff0ef          	jal	ra,8098 <sys_timeout_abs>
    816e:	bc4f806f          	j	532 <__riscv_restore_0>
    8172:	9201a223          	sw	zero,-1756(gp) # 200001a4 <tcpip_tcp_timer_active>
    8176:	bfe5                	j	816e <tcpip_tcp_timer+0x32>

00008178 <tcp_timer_needed>:
    8178:	9241a703          	lw	a4,-1756(gp) # 200001a4 <tcpip_tcp_timer_active>
    817c:	ef15                	bnez	a4,81b8 <tcp_timer_needed+0x40>
    817e:	20000737          	lui	a4,0x20000
    8182:	15472703          	lw	a4,340(a4) # 20000154 <tcp_active_pcbs>
    8186:	92418793          	addi	a5,gp,-1756 # 200001a4 <tcpip_tcp_timer_active>
    818a:	e711                	bnez	a4,8196 <tcp_timer_needed+0x1e>
    818c:	20000737          	lui	a4,0x20000
    8190:	16c72703          	lw	a4,364(a4) # 2000016c <tcp_tw_pcbs>
    8194:	c315                	beqz	a4,81b8 <tcp_timer_needed+0x40>
    8196:	b78f82ef          	jal	t0,50e <__riscv_save_0>
    819a:	4705                	li	a4,1
    819c:	c398                	sw	a4,0(a5)
    819e:	db7f80ef          	jal	ra,f54 <sys_now>
    81a2:	000085b7          	lui	a1,0x8
    81a6:	4601                	li	a2,0
    81a8:	13c58593          	addi	a1,a1,316 # 813c <tcpip_tcp_timer>
    81ac:	0fa50513          	addi	a0,a0,250
    81b0:	ee9ff0ef          	jal	ra,8098 <sys_timeout_abs>
    81b4:	b7ef806f          	j	532 <__riscv_restore_0>
    81b8:	8082                	ret

000081ba <sys_timeout>:
    81ba:	b54f82ef          	jal	t0,50e <__riscv_save_0>
    81be:	400007b7          	lui	a5,0x40000
    81c2:	1141                	addi	sp,sp,-16
    81c4:	00f56d63          	bltu	a0,a5,81de <sys_timeout+0x24>
    81c8:	0000e5b7          	lui	a1,0xe
    81cc:	0000c537          	lui	a0,0xc
    81d0:	07858593          	addi	a1,a1,120 # e078 <lwip_cyclic_timers+0x20>
    81d4:	49050513          	addi	a0,a0,1168 # c490 <_read+0x150>
    81d8:	6d3020ef          	jal	ra,b0aa <iprintf>
    81dc:	a001                	j	81dc <sys_timeout+0x22>
    81de:	842a                	mv	s0,a0
    81e0:	c632                	sw	a2,12(sp)
    81e2:	c42e                	sw	a1,8(sp)
    81e4:	d71f80ef          	jal	ra,f54 <sys_now>
    81e8:	4632                	lw	a2,12(sp)
    81ea:	45a2                	lw	a1,8(sp)
    81ec:	9522                	add	a0,a0,s0
    81ee:	eabff0ef          	jal	ra,8098 <sys_timeout_abs>
    81f2:	0141                	addi	sp,sp,16
    81f4:	b3ef806f          	j	532 <__riscv_restore_0>

000081f8 <sys_timeouts_init>:
    81f8:	b16f82ef          	jal	t0,50e <__riscv_save_0>
    81fc:	6439                	lui	s0,0xe
    81fe:	05840413          	addi	s0,s0,88 # e058 <lwip_cyclic_timers>
    8202:	000084b7          	lui	s1,0x8
    8206:	00840613          	addi	a2,s0,8
    820a:	10448593          	addi	a1,s1,260 # 8104 <lwip_cyclic_timer>
    820e:	3e800513          	li	a0,1000
    8212:	fa9ff0ef          	jal	ra,81ba <sys_timeout>
    8216:	653d                	lui	a0,0xf
    8218:	01040613          	addi	a2,s0,16
    821c:	10448593          	addi	a1,s1,260
    8220:	a6050513          	addi	a0,a0,-1440 # ea60 <_data_lma+0x548>
    8224:	f97ff0ef          	jal	ra,81ba <sys_timeout>
    8228:	01840613          	addi	a2,s0,24
    822c:	10448593          	addi	a1,s1,260
    8230:	1f400513          	li	a0,500
    8234:	f87ff0ef          	jal	ra,81ba <sys_timeout>
    8238:	afaf806f          	j	532 <__riscv_restore_0>

0000823c <sys_untimeout>:
    823c:	9201a783          	lw	a5,-1760(gp) # 200001a0 <next_timeout>
    8240:	cf95                	beqz	a5,827c <sys_untimeout+0x40>
    8242:	92018693          	addi	a3,gp,-1760 # 200001a0 <next_timeout>
    8246:	4601                	li	a2,0
    8248:	0087a803          	lw	a6,8(a5) # 40000008 <__freertos_irq_stack_top+0x1fff0008>
    824c:	4398                	lw	a4,0(a5)
    824e:	02a81463          	bne	a6,a0,8276 <sys_untimeout+0x3a>
    8252:	00c7a803          	lw	a6,12(a5)
    8256:	02b81063          	bne	a6,a1,8276 <sys_untimeout+0x3a>
    825a:	ab4f82ef          	jal	t0,50e <__riscv_save_0>
    825e:	ea11                	bnez	a2,8272 <sys_untimeout+0x36>
    8260:	c298                	sw	a4,0(a3)
    8262:	85be                	mv	a1,a5
    8264:	4525                	li	a0,9
    8266:	d8ffb0ef          	jal	ra,3ff4 <memp_free>
    826a:	ac8f806f          	j	532 <__riscv_restore_0>
    826e:	87ba                	mv	a5,a4
    8270:	bfe1                	j	8248 <sys_untimeout+0xc>
    8272:	c218                	sw	a4,0(a2)
    8274:	b7fd                	j	8262 <sys_untimeout+0x26>
    8276:	863e                	mv	a2,a5
    8278:	fb7d                	bnez	a4,826e <sys_untimeout+0x32>
    827a:	8082                	ret
    827c:	8082                	ret

0000827e <sys_check_timeouts>:
    827e:	a76f82ef          	jal	t0,4f4 <__riscv_save_4>
    8282:	cd3f80ef          	jal	ra,f54 <sys_now>
    8286:	892a                	mv	s2,a0
    8288:	92018713          	addi	a4,gp,-1760 # 200001a0 <next_timeout>
    828c:	430c                	lw	a1,0(a4)
    828e:	c19d                	beqz	a1,82b4 <sys_check_timeouts+0x36>
    8290:	41dc                	lw	a5,4(a1)
    8292:	40f906b3          	sub	a3,s2,a5
    8296:	0006cf63          	bltz	a3,82b4 <sys_check_timeouts+0x36>
    829a:	4194                	lw	a3,0(a1)
    829c:	4580                	lw	s0,8(a1)
    829e:	4525                	li	a0,9
    82a0:	c314                	sw	a3,0(a4)
    82a2:	45c4                	lw	s1,12(a1)
    82a4:	90f1ae23          	sw	a5,-1764(gp) # 2000019c <current_timeout_due_time>
    82a8:	d4dfb0ef          	jal	ra,3ff4 <memp_free>
    82ac:	dc71                	beqz	s0,8288 <sys_check_timeouts+0xa>
    82ae:	8526                	mv	a0,s1
    82b0:	9402                	jalr	s0
    82b2:	bfd9                	j	8288 <sys_check_timeouts+0xa>
    82b4:	a74f806f          	j	528 <__riscv_restore_4>

000082b8 <sys_timeouts_sleeptime>:
    82b8:	a56f82ef          	jal	t0,50e <__riscv_save_0>
    82bc:	92018413          	addi	s0,gp,-1760 # 200001a0 <next_timeout>
    82c0:	401c                	lw	a5,0(s0)
    82c2:	557d                	li	a0,-1
    82c4:	cb91                	beqz	a5,82d8 <sys_timeouts_sleeptime+0x20>
    82c6:	c8ff80ef          	jal	ra,f54 <sys_now>
    82ca:	401c                	lw	a5,0(s0)
    82cc:	43dc                	lw	a5,4(a5)
    82ce:	40a78533          	sub	a0,a5,a0
    82d2:	00055363          	bgez	a0,82d8 <sys_timeouts_sleeptime+0x20>
    82d6:	4501                	li	a0,0
    82d8:	a5af806f          	j	532 <__riscv_restore_0>

000082dc <udp_init>:
    82dc:	a32f82ef          	jal	t0,50e <__riscv_save_0>
    82e0:	6eb020ef          	jal	ra,b1ca <rand>
    82e4:	054a                	slli	a0,a0,0x12
    82e6:	77f1                	lui	a5,0xffffc
    82e8:	8149                	srli	a0,a0,0x12
    82ea:	953e                	add	a0,a0,a5
    82ec:	80a19723          	sh	a0,-2034(gp) # 2000008e <udp_port>
    82f0:	a42f806f          	j	532 <__riscv_restore_0>

000082f4 <udp_input>:
    82f4:	a00f82ef          	jal	t0,4f4 <__riscv_save_4>
    82f8:	ed01                	bnez	a0,8310 <udp_input+0x1c>
    82fa:	0000e5b7          	lui	a1,0xe
    82fe:	0000c537          	lui	a0,0xc
    8302:	14058593          	addi	a1,a1,320 # e140 <lwip_cyclic_timers+0xe8>
    8306:	49050513          	addi	a0,a0,1168 # c490 <_read+0x150>
    830a:	5a1020ef          	jal	ra,b0aa <iprintf>
    830e:	a001                	j	830e <udp_input+0x1a>
    8310:	8a2e                	mv	s4,a1
    8312:	ed81                	bnez	a1,832a <udp_input+0x36>
    8314:	0000e5b7          	lui	a1,0xe
    8318:	0000c537          	lui	a0,0xc
    831c:	15858593          	addi	a1,a1,344 # e158 <lwip_cyclic_timers+0x100>
    8320:	49050513          	addi	a0,a0,1168 # c490 <_read+0x150>
    8324:	587020ef          	jal	ra,b0aa <iprintf>
    8328:	a001                	j	8328 <udp_input+0x34>
    832a:	253a                	lhu	a4,10(a0)
    832c:	479d                	li	a5,7
    832e:	84aa                	mv	s1,a0
    8330:	00e7e763          	bltu	a5,a4,833e <udp_input+0x4a>
    8334:	8526                	mv	a0,s1
    8336:	976fc0ef          	jal	ra,44ac <pbuf_free>
    833a:	9eef806f          	j	528 <__riscv_restore_4>
    833e:	b2818413          	addi	s0,gp,-1240 # 200003a8 <ip_data>
    8342:	00452903          	lw	s2,4(a0)
    8346:	b281a583          	lw	a1,-1240(gp) # 200003a8 <ip_data>
    834a:	4848                	lw	a0,20(s0)
    834c:	b2818993          	addi	s3,gp,-1240 # 200003a8 <ip_data>
    8350:	c2cfb0ef          	jal	ra,377c <ip4_addr_isbroadcast_u32>
    8354:	00194783          	lbu	a5,1(s2)
    8358:	8aaa                	mv	s5,a0
    835a:	00094503          	lbu	a0,0(s2)
    835e:	07a2                	slli	a5,a5,0x8
    8360:	8d5d                	or	a0,a0,a5
    8362:	cfefb0ef          	jal	ra,3860 <lwip_htons>
    8366:	00394783          	lbu	a5,3(s2)
    836a:	8b2a                	mv	s6,a0
    836c:	00294503          	lbu	a0,2(s2)
    8370:	07a2                	slli	a5,a5,0x8
    8372:	8d5d                	or	a0,a0,a5
    8374:	cecfb0ef          	jal	ra,3860 <lwip_htons>
    8378:	9281a803          	lw	a6,-1752(gp) # 200001a8 <udp_pcbs>
    837c:	00442303          	lw	t1,4(s0)
    8380:	4858                	lw	a4,20(s0)
    8382:	01042e03          	lw	t3,16(s0)
    8386:	87c2                	mv	a5,a6
    8388:	4401                	li	s0,0
    838a:	4581                	li	a1,0
    838c:	92818e93          	addi	t4,gp,-1752 # 200001a8 <udp_pcbs>
    8390:	58fd                	li	a7,-1
    8392:	e799                	bnez	a5,83a0 <udp_input+0xac>
    8394:	ec3d                	bnez	s0,8412 <udp_input+0x11e>
    8396:	004a2783          	lw	a5,4(s4)
    839a:	06e78c63          	beq	a5,a4,8412 <udp_input+0x11e>
    839e:	bf59                	j	8334 <udp_input+0x40>
    83a0:	2bb6                	lhu	a3,18(a5)
    83a2:	0ca69263          	bne	a3,a0,8466 <udp_input+0x172>
    83a6:	2790                	lbu	a2,8(a5)
    83a8:	ca01                	beqz	a2,83b8 <udp_input+0xc4>
    83aa:	03234683          	lbu	a3,50(t1)
    83ae:	0685                	addi	a3,a3,1
    83b0:	0ff6f693          	andi	a3,a3,255
    83b4:	0ad61963          	bne	a2,a3,8466 <udp_input+0x172>
    83b8:	4394                	lw	a3,0(a5)
    83ba:	0a0a8363          	beqz	s5,8460 <udp_input+0x16c>
    83be:	ca91                	beqz	a3,83d2 <udp_input+0xde>
    83c0:	01170963          	beq	a4,a7,83d2 <udp_input+0xde>
    83c4:	008a2f03          	lw	t5,8(s4)
    83c8:	00e6c633          	xor	a2,a3,a4
    83cc:	01e67633          	and	a2,a2,t5
    83d0:	ea59                	bnez	a2,8466 <udp_input+0x172>
    83d2:	2b90                	lbu	a2,16(a5)
    83d4:	8a11                	andi	a2,a2,4
    83d6:	ee19                	bnez	a2,83f4 <udp_input+0x100>
    83d8:	cc09                	beqz	s0,83f2 <udp_input+0xfe>
    83da:	000a8d63          	beqz	s5,83f4 <udp_input+0x100>
    83de:	01171b63          	bne	a4,a7,83f4 <udp_input+0x100>
    83e2:	004a2603          	lw	a2,4(s4)
    83e6:	00042f03          	lw	t5,0(s0)
    83ea:	00cf0563          	beq	t5,a2,83f4 <udp_input+0x100>
    83ee:	00c69363          	bne	a3,a2,83f4 <udp_input+0x100>
    83f2:	843e                	mv	s0,a5
    83f4:	2bd6                	lhu	a3,20(a5)
    83f6:	07669863          	bne	a3,s6,8466 <udp_input+0x172>
    83fa:	43d4                	lw	a3,4(a5)
    83fc:	c299                	beqz	a3,8402 <udp_input+0x10e>
    83fe:	07c69463          	bne	a3,t3,8466 <udp_input+0x172>
    8402:	843e                	mv	s0,a5
    8404:	c599                	beqz	a1,8412 <udp_input+0x11e>
    8406:	47d8                	lw	a4,12(a5)
    8408:	00fea023          	sw	a5,0(t4)
    840c:	c5d8                	sw	a4,12(a1)
    840e:	0107a623          	sw	a6,12(a5) # ffffc00c <__freertos_irq_stack_top+0xdffec00c>
    8412:	024a5783          	lhu	a5,36(s4)
    8416:	2007f793          	andi	a5,a5,512
    841a:	c39d                	beqz	a5,8440 <udp_input+0x14c>
    841c:	00794783          	lbu	a5,7(s2)
    8420:	00694703          	lbu	a4,6(s2)
    8424:	07a2                	slli	a5,a5,0x8
    8426:	8fd9                	or	a5,a5,a4
    8428:	cf81                	beqz	a5,8440 <udp_input+0x14c>
    842a:	2492                	lhu	a2,8(s1)
    842c:	b3c18713          	addi	a4,gp,-1220 # 200003bc <ip_data+0x14>
    8430:	b3818693          	addi	a3,gp,-1224 # 200003b8 <ip_data+0x10>
    8434:	45c5                	li	a1,17
    8436:	8526                	mv	a0,s1
    8438:	d78fb0ef          	jal	ra,39b0 <ip_chksum_pseudo>
    843c:	ee051ce3          	bnez	a0,8334 <udp_input+0x40>
    8440:	45a1                	li	a1,8
    8442:	8526                	mv	a0,s1
    8444:	ff1fb0ef          	jal	ra,4434 <pbuf_remove_header>
    8448:	c115                	beqz	a0,846c <udp_input+0x178>
    844a:	0000e5b7          	lui	a1,0xe
    844e:	0000c537          	lui	a0,0xc
    8452:	17458593          	addi	a1,a1,372 # e174 <lwip_cyclic_timers+0x11c>
    8456:	49050513          	addi	a0,a0,1168 # c490 <_read+0x150>
    845a:	451020ef          	jal	ra,b0aa <iprintf>
    845e:	a001                	j	845e <udp_input+0x16a>
    8460:	daad                	beqz	a3,83d2 <udp_input+0xde>
    8462:	f6e688e3          	beq	a3,a4,83d2 <udp_input+0xde>
    8466:	85be                	mv	a1,a5
    8468:	47dc                	lw	a5,12(a5)
    846a:	b725                	j	8392 <udp_input+0x9e>
    846c:	cc01                	beqz	s0,8484 <udp_input+0x190>
    846e:	4c1c                	lw	a5,24(s0)
    8470:	ec0782e3          	beqz	a5,8334 <udp_input+0x40>
    8474:	4c48                	lw	a0,28(s0)
    8476:	875a                	mv	a4,s6
    8478:	b3818693          	addi	a3,gp,-1224 # 200003b8 <ip_data+0x10>
    847c:	8626                	mv	a2,s1
    847e:	85a2                	mv	a1,s0
    8480:	9782                	jalr	a5
    8482:	bd65                	j	833a <udp_input+0x46>
    8484:	ea0a98e3          	bnez	s5,8334 <udp_input+0x40>
    8488:	0149a783          	lw	a5,20(s3)
    848c:	0e000713          	li	a4,224
    8490:	0f07f793          	andi	a5,a5,240
    8494:	eae780e3          	beq	a5,a4,8334 <udp_input+0x40>
    8498:	00c9d583          	lhu	a1,12(s3)
    849c:	8526                	mv	a0,s1
    849e:	05a1                	addi	a1,a1,8
    84a0:	05c2                	slli	a1,a1,0x10
    84a2:	85c1                	srai	a1,a1,0x10
    84a4:	fedfb0ef          	jal	ra,4490 <pbuf_header_force>
    84a8:	458d                	li	a1,3
    84aa:	8526                	mv	a0,s1
    84ac:	e2dfa0ef          	jal	ra,32d8 <icmp_dest_unreach>
    84b0:	b551                	j	8334 <udp_input+0x40>

000084b2 <udp_bind>:
    84b2:	e199                	bnez	a1,84b8 <udp_bind+0x6>
    84b4:	83418593          	addi	a1,gp,-1996 # 200000b4 <ip_addr_any>
    84b8:	ed01                	bnez	a0,84d0 <udp_bind+0x1e>
    84ba:	854f82ef          	jal	t0,50e <__riscv_save_0>
    84be:	0000e537          	lui	a0,0xe
    84c2:	0f050513          	addi	a0,a0,240 # e0f0 <lwip_cyclic_timers+0x98>
    84c6:	3e5020ef          	jal	ra,b0aa <iprintf>
    84ca:	5541                	li	a0,-16
    84cc:	866f806f          	j	532 <__riscv_restore_0>
    84d0:	9281a683          	lw	a3,-1752(gp) # 200001a8 <udp_pcbs>
    84d4:	92818813          	addi	a6,gp,-1752 # 200001a8 <udp_pcbs>
    84d8:	8736                	mv	a4,a3
    84da:	ef15                	bnez	a4,8516 <udp_bind+0x64>
    84dc:	4e01                	li	t3,0
    84de:	87b6                	mv	a5,a3
    84e0:	ee3d                	bnez	a2,855e <udp_bind+0xac>
    84e2:	6341                	lui	t1,0x10
    84e4:	80e1d603          	lhu	a2,-2034(gp) # 2000008e <udp_port>
    84e8:	6711                	lui	a4,0x4
    84ea:	80e18793          	addi	a5,gp,-2034 # 2000008e <udp_port>
    84ee:	137d                	addi	t1,t1,-1
    84f0:	02660963          	beq	a2,t1,8522 <udp_bind+0x70>
    84f4:	0605                	addi	a2,a2,1
    84f6:	0642                	slli	a2,a2,0x10
    84f8:	8241                	srli	a2,a2,0x10
    84fa:	88b6                	mv	a7,a3
    84fc:	02089563          	bnez	a7,8526 <udp_bind+0x74>
    8500:	a392                	sh	a2,0(a5)
    8502:	419c                	lw	a5,0(a1)
    8504:	a932                	sh	a2,18(a0)
    8506:	c11c                	sw	a5,0(a0)
    8508:	000e1563          	bnez	t3,8512 <udp_bind+0x60>
    850c:	c554                	sw	a3,12(a0)
    850e:	00a82023          	sw	a0,0(a6)
    8512:	4501                	li	a0,0
    8514:	8082                	ret
    8516:	00e50463          	beq	a0,a4,851e <udp_bind+0x6c>
    851a:	4758                	lw	a4,12(a4)
    851c:	bf7d                	j	84da <udp_bind+0x28>
    851e:	4e05                	li	t3,1
    8520:	bf7d                	j	84de <udp_bind+0x2c>
    8522:	6631                	lui	a2,0xc
    8524:	bfd9                	j	84fa <udp_bind+0x48>
    8526:	0128de83          	lhu	t4,18(a7)
    852a:	00ce9963          	bne	t4,a2,853c <udp_bind+0x8a>
    852e:	177d                	addi	a4,a4,-1
    8530:	0742                	slli	a4,a4,0x10
    8532:	8341                	srli	a4,a4,0x10
    8534:	ff55                	bnez	a4,84f0 <udp_bind+0x3e>
    8536:	a392                	sh	a2,0(a5)
    8538:	5561                	li	a0,-8
    853a:	8082                	ret
    853c:	00c8a883          	lw	a7,12(a7)
    8540:	bf75                	j	84fc <udp_bind+0x4a>
    8542:	00a78d63          	beq	a5,a0,855c <udp_bind+0xaa>
    8546:	2bba                	lhu	a4,18(a5)
    8548:	00c71a63          	bne	a4,a2,855c <udp_bind+0xaa>
    854c:	0005a883          	lw	a7,0(a1)
    8550:	4398                	lw	a4,0(a5)
    8552:	ff1703e3          	beq	a4,a7,8538 <udp_bind+0x86>
    8556:	fe0881e3          	beqz	a7,8538 <udp_bind+0x86>
    855a:	df79                	beqz	a4,8538 <udp_bind+0x86>
    855c:	47dc                	lw	a5,12(a5)
    855e:	f3f5                	bnez	a5,8542 <udp_bind+0x90>
    8560:	b74d                	j	8502 <udp_bind+0x50>

00008562 <udp_sendto_if_src>:
    8562:	f85f72ef          	jal	t0,4e6 <__riscv_save_10>
    8566:	e919                	bnez	a0,857c <udp_sendto_if_src+0x1a>
    8568:	0000e537          	lui	a0,0xe
    856c:	23850513          	addi	a0,a0,568 # e238 <lwip_cyclic_timers+0x1e0>
    8570:	33b020ef          	jal	ra,b0aa <iprintf>
    8574:	54c1                	li	s1,-16
    8576:	8526                	mv	a0,s1
    8578:	fa7f706f          	j	51e <__riscv_restore_10>
    857c:	892e                	mv	s2,a1
    857e:	e591                	bnez	a1,858a <udp_sendto_if_src+0x28>
    8580:	0000e537          	lui	a0,0xe
    8584:	25850513          	addi	a0,a0,600 # e258 <lwip_cyclic_timers+0x200>
    8588:	b7e5                	j	8570 <udp_sendto_if_src+0xe>
    858a:	8ab2                	mv	s5,a2
    858c:	e611                	bnez	a2,8598 <udp_sendto_if_src+0x36>
    858e:	0000e537          	lui	a0,0xe
    8592:	27850513          	addi	a0,a0,632 # e278 <lwip_cyclic_timers+0x220>
    8596:	bfe9                	j	8570 <udp_sendto_if_src+0xe>
    8598:	8a3e                	mv	s4,a5
    859a:	e791                	bnez	a5,85a6 <udp_sendto_if_src+0x44>
    859c:	0000e537          	lui	a0,0xe
    85a0:	29c50513          	addi	a0,a0,668 # e29c <lwip_cyclic_timers+0x244>
    85a4:	b7f1                	j	8570 <udp_sendto_if_src+0xe>
    85a6:	8b3a                	mv	s6,a4
    85a8:	e711                	bnez	a4,85b4 <udp_sendto_if_src+0x52>
    85aa:	0000e537          	lui	a0,0xe
    85ae:	2c050513          	addi	a0,a0,704 # e2c0 <lwip_cyclic_timers+0x268>
    85b2:	bf7d                	j	8570 <udp_sendto_if_src+0xe>
    85b4:	293e                	lhu	a5,18(a0)
    85b6:	89aa                	mv	s3,a0
    85b8:	8bb6                	mv	s7,a3
    85ba:	cb89                	beqz	a5,85cc <udp_sendto_if_src+0x6a>
    85bc:	00895703          	lhu	a4,8(s2)
    85c0:	67c1                	lui	a5,0x10
    85c2:	17dd                	addi	a5,a5,-9
    85c4:	00e7fb63          	bgeu	a5,a4,85da <udp_sendto_if_src+0x78>
    85c8:	54fd                	li	s1,-1
    85ca:	b775                	j	8576 <udp_sendto_if_src+0x14>
    85cc:	4601                	li	a2,0
    85ce:	85aa                	mv	a1,a0
    85d0:	ee3ff0ef          	jal	ra,84b2 <udp_bind>
    85d4:	84aa                	mv	s1,a0
    85d6:	d17d                	beqz	a0,85bc <udp_sendto_if_src+0x5a>
    85d8:	bf79                	j	8576 <udp_sendto_if_src+0x14>
    85da:	45a1                	li	a1,8
    85dc:	854a                	mv	a0,s2
    85de:	e49fb0ef          	jal	ra,4426 <pbuf_add_header>
    85e2:	844a                	mv	s0,s2
    85e4:	c105                	beqz	a0,8604 <udp_sendto_if_src+0xa2>
    85e6:	28000613          	li	a2,640
    85ea:	45a1                	li	a1,8
    85ec:	02200513          	li	a0,34
    85f0:	f5ffb0ef          	jal	ra,454e <pbuf_alloc>
    85f4:	842a                	mv	s0,a0
    85f6:	d969                	beqz	a0,85c8 <udp_sendto_if_src+0x66>
    85f8:	00895783          	lhu	a5,8(s2)
    85fc:	c781                	beqz	a5,8604 <udp_sendto_if_src+0xa2>
    85fe:	85ca                	mv	a1,s2
    8600:	9f2fc0ef          	jal	ra,47f2 <pbuf_chain>
    8604:	243a                	lhu	a4,10(s0)
    8606:	479d                	li	a5,7
    8608:	00e7ed63          	bltu	a5,a4,8622 <udp_sendto_if_src+0xc0>
    860c:	0000e5b7          	lui	a1,0xe
    8610:	0000c537          	lui	a0,0xc
    8614:	2e458593          	addi	a1,a1,740 # e2e4 <lwip_cyclic_timers+0x28c>
    8618:	49050513          	addi	a0,a0,1168 # c490 <_read+0x150>
    861c:	28f020ef          	jal	ra,b0aa <iprintf>
    8620:	a001                	j	8620 <udp_sendto_if_src+0xbe>
    8622:	0129d503          	lhu	a0,18(s3)
    8626:	4044                	lw	s1,4(s0)
    8628:	a38fb0ef          	jal	ra,3860 <lwip_htons>
    862c:	a088                	sb	a0,0(s1)
    862e:	8121                	srli	a0,a0,0x8
    8630:	b088                	sb	a0,1(s1)
    8632:	855e                	mv	a0,s7
    8634:	a2cfb0ef          	jal	ra,3860 <lwip_htons>
    8638:	a0a8                	sb	a0,2(s1)
    863a:	8121                	srli	a0,a0,0x8
    863c:	b0a8                	sb	a0,3(s1)
    863e:	240a                	lhu	a0,8(s0)
    8640:	00048323          	sb	zero,6(s1)
    8644:	000483a3          	sb	zero,7(s1)
    8648:	a18fb0ef          	jal	ra,3860 <lwip_htons>
    864c:	024b5783          	lhu	a5,36(s6)
    8650:	a0c8                	sb	a0,4(s1)
    8652:	8121                	srli	a0,a0,0x8
    8654:	b0c8                	sb	a0,5(s1)
    8656:	8b89                	andi	a5,a5,2
    8658:	c395                	beqz	a5,867c <udp_sendto_if_src+0x11a>
    865a:	0109c783          	lbu	a5,16(s3)
    865e:	8b85                	andi	a5,a5,1
    8660:	ef91                	bnez	a5,867c <udp_sendto_if_src+0x11a>
    8662:	2412                	lhu	a2,8(s0)
    8664:	8756                	mv	a4,s5
    8666:	86d2                	mv	a3,s4
    8668:	45c5                	li	a1,17
    866a:	8522                	mv	a0,s0
    866c:	b44fb0ef          	jal	ra,39b0 <ip_chksum_pseudo>
    8670:	e119                	bnez	a0,8676 <udp_sendto_if_src+0x114>
    8672:	6541                	lui	a0,0x10
    8674:	157d                	addi	a0,a0,-1
    8676:	a0e8                	sb	a0,6(s1)
    8678:	8121                	srli	a0,a0,0x8
    867a:	b0e8                	sb	a0,7(s1)
    867c:	00a9c703          	lbu	a4,10(s3)
    8680:	00b9c683          	lbu	a3,11(s3)
    8684:	885a                	mv	a6,s6
    8686:	47c5                	li	a5,17
    8688:	8656                	mv	a2,s5
    868a:	85d2                	mv	a1,s4
    868c:	8522                	mv	a0,s0
    868e:	f9ffa0ef          	jal	ra,362c <ip4_output_if_src>
    8692:	84aa                	mv	s1,a0
    8694:	ef2401e3          	beq	s0,s2,8576 <udp_sendto_if_src+0x14>
    8698:	8522                	mv	a0,s0
    869a:	e13fb0ef          	jal	ra,44ac <pbuf_free>
    869e:	bde1                	j	8576 <udp_sendto_if_src+0x14>

000086a0 <udp_sendto_if>:
    86a0:	e6ff72ef          	jal	t0,50e <__riscv_save_0>
    86a4:	e919                	bnez	a0,86ba <udp_sendto_if+0x1a>
    86a6:	0000e537          	lui	a0,0xe
    86aa:	1c050513          	addi	a0,a0,448 # e1c0 <lwip_cyclic_timers+0x168>
    86ae:	1fd020ef          	jal	ra,b0aa <iprintf>
    86b2:	57c1                	li	a5,-16
    86b4:	853e                	mv	a0,a5
    86b6:	e7df706f          	j	532 <__riscv_restore_0>
    86ba:	e591                	bnez	a1,86c6 <udp_sendto_if+0x26>
    86bc:	0000e537          	lui	a0,0xe
    86c0:	1dc50513          	addi	a0,a0,476 # e1dc <lwip_cyclic_timers+0x184>
    86c4:	b7ed                	j	86ae <udp_sendto_if+0xe>
    86c6:	e611                	bnez	a2,86d2 <udp_sendto_if+0x32>
    86c8:	0000e537          	lui	a0,0xe
    86cc:	1f850513          	addi	a0,a0,504 # e1f8 <lwip_cyclic_timers+0x1a0>
    86d0:	bff9                	j	86ae <udp_sendto_if+0xe>
    86d2:	e711                	bnez	a4,86de <udp_sendto_if+0x3e>
    86d4:	0000e537          	lui	a0,0xe
    86d8:	21850513          	addi	a0,a0,536 # e218 <lwip_cyclic_timers+0x1c0>
    86dc:	bfc9                	j	86ae <udp_sendto_if+0xe>
    86de:	00052803          	lw	a6,0(a0)
    86e2:	00080863          	beqz	a6,86f2 <udp_sendto_if+0x52>
    86e6:	0f087793          	andi	a5,a6,240
    86ea:	0e000893          	li	a7,224
    86ee:	01179863          	bne	a5,a7,86fe <udp_sendto_if+0x5e>
    86f2:	00470793          	addi	a5,a4,4 # 4004 <memp_free+0x10>
    86f6:	e6dff0ef          	jal	ra,8562 <udp_sendto_if_src>
    86fa:	87aa                	mv	a5,a0
    86fc:	bf65                	j	86b4 <udp_sendto_if+0x14>
    86fe:	00472883          	lw	a7,4(a4)
    8702:	57f1                	li	a5,-4
    8704:	fb1818e3          	bne	a6,a7,86b4 <udp_sendto_if+0x14>
    8708:	87aa                	mv	a5,a0
    870a:	b7f5                	j	86f6 <udp_sendto_if+0x56>

0000870c <udp_connect>:
    870c:	e03f72ef          	jal	t0,50e <__riscv_save_0>
    8710:	e911                	bnez	a0,8724 <udp_connect+0x18>
    8712:	0000e537          	lui	a0,0xe
    8716:	10850513          	addi	a0,a0,264 # e108 <lwip_cyclic_timers+0xb0>
    871a:	191020ef          	jal	ra,b0aa <iprintf>
    871e:	5541                	li	a0,-16
    8720:	e13f706f          	j	532 <__riscv_restore_0>
    8724:	84ae                	mv	s1,a1
    8726:	e591                	bnez	a1,8732 <udp_connect+0x26>
    8728:	0000e537          	lui	a0,0xe
    872c:	12450513          	addi	a0,a0,292 # e124 <lwip_cyclic_timers+0xcc>
    8730:	b7ed                	j	871a <udp_connect+0xe>
    8732:	293e                	lhu	a5,18(a0)
    8734:	842a                	mv	s0,a0
    8736:	8932                	mv	s2,a2
    8738:	c39d                	beqz	a5,875e <udp_connect+0x52>
    873a:	409c                	lw	a5,0(s1)
    873c:	01241a23          	sh	s2,20(s0)
    8740:	c05c                	sw	a5,4(s0)
    8742:	281c                	lbu	a5,16(s0)
    8744:	0047e793          	ori	a5,a5,4
    8748:	a81c                	sb	a5,16(s0)
    874a:	9281a683          	lw	a3,-1752(gp) # 200001a8 <udp_pcbs>
    874e:	92818793          	addi	a5,gp,-1752 # 200001a8 <udp_pcbs>
    8752:	8736                	mv	a4,a3
    8754:	eb19                	bnez	a4,876a <udp_connect+0x5e>
    8756:	c454                	sw	a3,12(s0)
    8758:	c380                	sw	s0,0(a5)
    875a:	4501                	li	a0,0
    875c:	b7d1                	j	8720 <udp_connect+0x14>
    875e:	4601                	li	a2,0
    8760:	85aa                	mv	a1,a0
    8762:	d51ff0ef          	jal	ra,84b2 <udp_bind>
    8766:	d971                	beqz	a0,873a <udp_connect+0x2e>
    8768:	bf65                	j	8720 <udp_connect+0x14>
    876a:	fee408e3          	beq	s0,a4,875a <udp_connect+0x4e>
    876e:	4758                	lw	a4,12(a4)
    8770:	b7d5                	j	8754 <udp_connect+0x48>

00008772 <udp_recv>:
    8772:	e919                	bnez	a0,8788 <udp_recv+0x16>
    8774:	d9bf72ef          	jal	t0,50e <__riscv_save_0>
    8778:	0000e537          	lui	a0,0xe
    877c:	19050513          	addi	a0,a0,400 # e190 <lwip_cyclic_timers+0x138>
    8780:	12b020ef          	jal	ra,b0aa <iprintf>
    8784:	daff706f          	j	532 <__riscv_restore_0>
    8788:	cd0c                	sw	a1,24(a0)
    878a:	cd50                	sw	a2,28(a0)
    878c:	8082                	ret

0000878e <udp_remove>:
    878e:	d81f72ef          	jal	t0,50e <__riscv_save_0>
    8792:	e909                	bnez	a0,87a4 <udp_remove+0x16>
    8794:	0000e537          	lui	a0,0xe
    8798:	1a850513          	addi	a0,a0,424 # e1a8 <lwip_cyclic_timers+0x150>
    879c:	10f020ef          	jal	ra,b0aa <iprintf>
    87a0:	d93f706f          	j	532 <__riscv_restore_0>
    87a4:	92818713          	addi	a4,gp,-1752 # 200001a8 <udp_pcbs>
    87a8:	431c                	lw	a5,0(a4)
    87aa:	85aa                	mv	a1,a0
    87ac:	00a79963          	bne	a5,a0,87be <udp_remove+0x30>
    87b0:	455c                	lw	a5,12(a0)
    87b2:	c31c                	sw	a5,0(a4)
    87b4:	4501                	li	a0,0
    87b6:	83ffb0ef          	jal	ra,3ff4 <memp_free>
    87ba:	b7dd                	j	87a0 <udp_remove+0x12>
    87bc:	87ba                	mv	a5,a4
    87be:	dbfd                	beqz	a5,87b4 <udp_remove+0x26>
    87c0:	47d8                	lw	a4,12(a5)
    87c2:	db6d                	beqz	a4,87b4 <udp_remove+0x26>
    87c4:	feb71ce3          	bne	a4,a1,87bc <udp_remove+0x2e>
    87c8:	45d8                	lw	a4,12(a1)
    87ca:	c7d8                	sw	a4,12(a5)
    87cc:	b7e5                	j	87b4 <udp_remove+0x26>

000087ce <udp_new>:
    87ce:	d41f72ef          	jal	t0,50e <__riscv_save_0>
    87d2:	4501                	li	a0,0
    87d4:	feefb0ef          	jal	ra,3fc2 <memp_malloc>
    87d8:	842a                	mv	s0,a0
    87da:	c901                	beqz	a0,87ea <udp_new+0x1c>
    87dc:	02000613          	li	a2,32
    87e0:	4581                	li	a1,0
    87e2:	d5df70ef          	jal	ra,53e <memset>
    87e6:	57fd                	li	a5,-1
    87e8:	b43c                	sb	a5,11(s0)
    87ea:	8522                	mv	a0,s0
    87ec:	d47f706f          	j	532 <__riscv_restore_0>

000087f0 <udp_netif_ip_addr_changed>:
    87f0:	c909                	beqz	a0,8802 <udp_netif_ip_addr_changed+0x12>
    87f2:	411c                	lw	a5,0(a0)
    87f4:	c799                	beqz	a5,8802 <udp_netif_ip_addr_changed+0x12>
    87f6:	c591                	beqz	a1,8802 <udp_netif_ip_addr_changed+0x12>
    87f8:	419c                	lw	a5,0(a1)
    87fa:	c781                	beqz	a5,8802 <udp_netif_ip_addr_changed+0x12>
    87fc:	9281a783          	lw	a5,-1752(gp) # 200001a8 <udp_pcbs>
    8800:	e391                	bnez	a5,8804 <udp_netif_ip_addr_changed+0x14>
    8802:	8082                	ret
    8804:	4394                	lw	a3,0(a5)
    8806:	4118                	lw	a4,0(a0)
    8808:	00e69463          	bne	a3,a4,8810 <udp_netif_ip_addr_changed+0x20>
    880c:	4198                	lw	a4,0(a1)
    880e:	c398                	sw	a4,0(a5)
    8810:	47dc                	lw	a5,12(a5)
    8812:	b7fd                	j	8800 <udp_netif_ip_addr_changed+0x10>

00008814 <netifapi_do_netif_add>:
    8814:	cfbf72ef          	jal	t0,50e <__riscv_save_0>
    8818:	01c52803          	lw	a6,28(a0)
    881c:	4d1c                	lw	a5,24(a0)
    881e:	4958                	lw	a4,20(a0)
    8820:	4914                	lw	a3,16(a0)
    8822:	4550                	lw	a2,12(a0)
    8824:	450c                	lw	a1,8(a0)
    8826:	4148                	lw	a0,4(a0)
    8828:	92dfb0ef          	jal	ra,4154 <netif_add>
    882c:	c501                	beqz	a0,8834 <netifapi_do_netif_add+0x20>
    882e:	4501                	li	a0,0
    8830:	d03f706f          	j	532 <__riscv_restore_0>
    8834:	5551                	li	a0,-12
    8836:	bfed                	j	8830 <netifapi_do_netif_add+0x1c>

00008838 <netifapi_do_netif_common>:
    8838:	cd7f72ef          	jal	t0,50e <__riscv_save_0>
    883c:	4558                	lw	a4,12(a0)
    883e:	87aa                	mv	a5,a0
    8840:	4148                	lw	a0,4(a0)
    8842:	c701                	beqz	a4,884a <netifapi_do_netif_common+0x12>
    8844:	9702                	jalr	a4
    8846:	cedf706f          	j	532 <__riscv_restore_0>
    884a:	479c                	lw	a5,8(a5)
    884c:	9782                	jalr	a5
    884e:	4501                	li	a0,0
    8850:	bfdd                	j	8846 <netifapi_do_netif_common+0xe>

00008852 <netifapi_netif_add>:
    8852:	cbdf72ef          	jal	t0,50e <__riscv_save_0>
    8856:	1101                	addi	sp,sp,-32
    8858:	e199                	bnez	a1,885e <netifapi_netif_add+0xc>
    885a:	83418593          	addi	a1,gp,-1996 # 200000b4 <ip_addr_any>
    885e:	e219                	bnez	a2,8864 <netifapi_netif_add+0x12>
    8860:	83418613          	addi	a2,gp,-1996 # 200000b4 <ip_addr_any>
    8864:	e299                	bnez	a3,886a <netifapi_netif_add+0x18>
    8866:	83418693          	addi	a3,gp,-1996 # 200000b4 <ip_addr_any>
    886a:	c22a                	sw	a0,4(sp)
    886c:	00009537          	lui	a0,0x9
    8870:	c42e                	sw	a1,8(sp)
    8872:	81450513          	addi	a0,a0,-2028 # 8814 <netifapi_do_netif_add>
    8876:	858a                	mv	a1,sp
    8878:	c632                	sw	a2,12(sp)
    887a:	c836                	sw	a3,16(sp)
    887c:	ca3a                	sw	a4,20(sp)
    887e:	cc3e                	sw	a5,24(sp)
    8880:	ce42                	sw	a6,28(sp)
    8882:	2afd                	jal	8a80 <tcpip_api_call>
    8884:	6105                	addi	sp,sp,32
    8886:	cadf706f          	j	532 <__riscv_restore_0>

0000888a <netifapi_netif_common>:
    888a:	c85f72ef          	jal	t0,50e <__riscv_save_0>
    888e:	1101                	addi	sp,sp,-32
    8890:	c22a                	sw	a0,4(sp)
    8892:	00009537          	lui	a0,0x9
    8896:	c42e                	sw	a1,8(sp)
    8898:	83850513          	addi	a0,a0,-1992 # 8838 <netifapi_do_netif_common>
    889c:	858a                	mv	a1,sp
    889e:	c632                	sw	a2,12(sp)
    88a0:	22c5                	jal	8a80 <tcpip_api_call>
    88a2:	6105                	addi	sp,sp,32
    88a4:	c8ff706f          	j	532 <__riscv_restore_0>

000088a8 <tcpip_thread>:
    88a8:	c4df72ef          	jal	t0,4f4 <__riscv_save_4>
    88ac:	1101                	addi	sp,sp,-32
    88ae:	92c18513          	addi	a0,gp,-1748 # 200001ac <lock_tcpip_core>
    88b2:	efcf80ef          	jal	ra,fae <sys_mutex_lock>
    88b6:	9301a783          	lw	a5,-1744(gp) # 200001b0 <tcpip_init_done>
    88ba:	c781                	beqz	a5,88c2 <tcpip_thread+0x1a>
    88bc:	9341a503          	lw	a0,-1740(gp) # 200001b4 <tcpip_init_done_arg>
    88c0:	9782                	jalr	a5
    88c2:	6939                	lui	s2,0xe
    88c4:	59fd                	li	s3,-1
    88c6:	4a91                	li	s5,4
    88c8:	31490913          	addi	s2,s2,788 # e314 <lwip_cyclic_timers+0x2bc>
    88cc:	9edff0ef          	jal	ra,82b8 <sys_timeouts_sleeptime>
    88d0:	03351d63          	bne	a0,s3,890a <tcpip_thread+0x62>
    88d4:	92c18513          	addi	a0,gp,-1748 # 200001ac <lock_tcpip_core>
    88d8:	f32f80ef          	jal	ra,100a <sys_mutex_unlock>
    88dc:	4601                	li	a2,0
    88de:	086c                	addi	a1,sp,28
    88e0:	93818513          	addi	a0,gp,-1736 # 200001b8 <tcpip_mbox>
    88e4:	83ff80ef          	jal	ra,1122 <sys_arch_mbox_fetch>
    88e8:	92c18513          	addi	a0,gp,-1748 # 200001ac <lock_tcpip_core>
    88ec:	ec2f80ef          	jal	ra,fae <sys_mutex_lock>
    88f0:	4472                	lw	s0,28(sp)
    88f2:	e039                	bnez	s0,8938 <tcpip_thread+0x90>
    88f4:	0000e5b7          	lui	a1,0xe
    88f8:	0000c537          	lui	a0,0xc
    88fc:	39058593          	addi	a1,a1,912 # e390 <lwip_cyclic_timers+0x338>
    8900:	49050513          	addi	a0,a0,1168 # c490 <_read+0x150>
    8904:	7a6020ef          	jal	ra,b0aa <iprintf>
    8908:	a001                	j	8908 <tcpip_thread+0x60>
    890a:	e501                	bnez	a0,8912 <tcpip_thread+0x6a>
    890c:	973ff0ef          	jal	ra,827e <sys_check_timeouts>
    8910:	bf75                	j	88cc <tcpip_thread+0x24>
    8912:	c62a                	sw	a0,12(sp)
    8914:	92c18513          	addi	a0,gp,-1748 # 200001ac <lock_tcpip_core>
    8918:	ef2f80ef          	jal	ra,100a <sys_mutex_unlock>
    891c:	4632                	lw	a2,12(sp)
    891e:	086c                	addi	a1,sp,28
    8920:	93818513          	addi	a0,gp,-1736 # 200001b8 <tcpip_mbox>
    8924:	ffef80ef          	jal	ra,1122 <sys_arch_mbox_fetch>
    8928:	842a                	mv	s0,a0
    892a:	92c18513          	addi	a0,gp,-1748 # 200001ac <lock_tcpip_core>
    892e:	e80f80ef          	jal	ra,fae <sys_mutex_lock>
    8932:	fd340de3          	beq	s0,s3,890c <tcpip_thread+0x64>
    8936:	bf6d                	j	88f0 <tcpip_thread+0x48>
    8938:	401c                	lw	a5,0(s0)
    893a:	04fae863          	bltu	s5,a5,898a <tcpip_thread+0xe2>
    893e:	078a                	slli	a5,a5,0x2
    8940:	97ca                	add	a5,a5,s2
    8942:	439c                	lw	a5,0(a5)
    8944:	8782                	jr	a5
    8946:	445c                	lw	a5,12(s0)
    8948:	440c                	lw	a1,8(s0)
    894a:	4048                	lw	a0,4(s0)
    894c:	9782                	jalr	a5
    894e:	c501                	beqz	a0,8956 <tcpip_thread+0xae>
    8950:	4048                	lw	a0,4(s0)
    8952:	b5bfb0ef          	jal	ra,44ac <pbuf_free>
    8956:	85a2                	mv	a1,s0
    8958:	451d                	li	a0,7
    895a:	e9afb0ef          	jal	ra,3ff4 <memp_free>
    895e:	b7bd                	j	88cc <tcpip_thread+0x24>
    8960:	4450                	lw	a2,12(s0)
    8962:	440c                	lw	a1,8(s0)
    8964:	4048                	lw	a0,4(s0)
    8966:	855ff0ef          	jal	ra,81ba <sys_timeout>
    896a:	85a2                	mv	a1,s0
    896c:	4519                	li	a0,6
    896e:	b7f5                	j	895a <tcpip_thread+0xb2>
    8970:	444c                	lw	a1,12(s0)
    8972:	4408                	lw	a0,8(s0)
    8974:	8c9ff0ef          	jal	ra,823c <sys_untimeout>
    8978:	bfcd                	j	896a <tcpip_thread+0xc2>
    897a:	405c                	lw	a5,4(s0)
    897c:	4408                	lw	a0,8(s0)
    897e:	9782                	jalr	a5
    8980:	b7ed                	j	896a <tcpip_thread+0xc2>
    8982:	405c                	lw	a5,4(s0)
    8984:	4408                	lw	a0,8(s0)
    8986:	9782                	jalr	a5
    8988:	b791                	j	88cc <tcpip_thread+0x24>
    898a:	0000e5b7          	lui	a1,0xe
    898e:	0000c537          	lui	a0,0xc
    8992:	39058593          	addi	a1,a1,912 # e390 <lwip_cyclic_timers+0x338>
    8996:	49050513          	addi	a0,a0,1168 # c490 <_read+0x150>
    899a:	710020ef          	jal	ra,b0aa <iprintf>
    899e:	a001                	j	899e <tcpip_thread+0xf6>

000089a0 <tcpip_inpkt>:
    89a0:	b6ff72ef          	jal	t0,50e <__riscv_save_0>
    89a4:	9381a783          	lw	a5,-1736(gp) # 200001b8 <tcpip_mbox>
    89a8:	1141                	addi	sp,sp,-16
    89aa:	ef81                	bnez	a5,89c2 <tcpip_inpkt+0x22>
    89ac:	0000e5b7          	lui	a1,0xe
    89b0:	0000c537          	lui	a0,0xc
    89b4:	38058593          	addi	a1,a1,896 # e380 <lwip_cyclic_timers+0x328>
    89b8:	49050513          	addi	a0,a0,1168 # c490 <_read+0x150>
    89bc:	6ee020ef          	jal	ra,b0aa <iprintf>
    89c0:	a001                	j	89c0 <tcpip_inpkt+0x20>
    89c2:	892a                	mv	s2,a0
    89c4:	451d                	li	a0,7
    89c6:	c632                	sw	a2,12(sp)
    89c8:	c42e                	sw	a1,8(sp)
    89ca:	df8fb0ef          	jal	ra,3fc2 <memp_malloc>
    89ce:	842a                	mv	s0,a0
    89d0:	557d                	li	a0,-1
    89d2:	c405                	beqz	s0,89fa <tcpip_inpkt+0x5a>
    89d4:	45a2                	lw	a1,8(sp)
    89d6:	4632                	lw	a2,12(sp)
    89d8:	00042023          	sw	zero,0(s0)
    89dc:	c40c                	sw	a1,8(s0)
    89de:	01242223          	sw	s2,4(s0)
    89e2:	c450                	sw	a2,12(s0)
    89e4:	85a2                	mv	a1,s0
    89e6:	93818513          	addi	a0,gp,-1736 # 200001b8 <tcpip_mbox>
    89ea:	ecaf80ef          	jal	ra,10b4 <sys_mbox_trypost>
    89ee:	c511                	beqz	a0,89fa <tcpip_inpkt+0x5a>
    89f0:	451d                	li	a0,7
    89f2:	85a2                	mv	a1,s0
    89f4:	e00fb0ef          	jal	ra,3ff4 <memp_free>
    89f8:	557d                	li	a0,-1
    89fa:	0141                	addi	sp,sp,16
    89fc:	b37f706f          	j	532 <__riscv_restore_0>

00008a00 <tcpip_input>:
    8a00:	b0ff72ef          	jal	t0,50e <__riscv_save_0>
    8a04:	02f5c783          	lbu	a5,47(a1)
    8a08:	8be1                	andi	a5,a5,24
    8a0a:	cb89                	beqz	a5,8a1c <tcpip_input+0x1c>
    8a0c:	00001637          	lui	a2,0x1
    8a10:	5c260613          	addi	a2,a2,1474 # 15c2 <ethernet_input>
    8a14:	f8dff0ef          	jal	ra,89a0 <tcpip_inpkt>
    8a18:	b1bf706f          	j	532 <__riscv_restore_0>
    8a1c:	00003637          	lui	a2,0x3
    8a20:	44060613          	addi	a2,a2,1088 # 3440 <ip4_input>
    8a24:	bfc5                	j	8a14 <tcpip_input+0x14>

00008a26 <tcpip_try_callback>:
    8a26:	ae9f72ef          	jal	t0,50e <__riscv_save_0>
    8a2a:	9381a783          	lw	a5,-1736(gp) # 200001b8 <tcpip_mbox>
    8a2e:	1141                	addi	sp,sp,-16
    8a30:	ef81                	bnez	a5,8a48 <tcpip_try_callback+0x22>
    8a32:	0000e5b7          	lui	a1,0xe
    8a36:	0000c537          	lui	a0,0xc
    8a3a:	38058593          	addi	a1,a1,896 # e380 <lwip_cyclic_timers+0x328>
    8a3e:	49050513          	addi	a0,a0,1168 # c490 <_read+0x150>
    8a42:	668020ef          	jal	ra,b0aa <iprintf>
    8a46:	a001                	j	8a46 <tcpip_try_callback+0x20>
    8a48:	892a                	mv	s2,a0
    8a4a:	4519                	li	a0,6
    8a4c:	c62e                	sw	a1,12(sp)
    8a4e:	d74fb0ef          	jal	ra,3fc2 <memp_malloc>
    8a52:	842a                	mv	s0,a0
    8a54:	557d                	li	a0,-1
    8a56:	c015                	beqz	s0,8a7a <tcpip_try_callback+0x54>
    8a58:	45b2                	lw	a1,12(sp)
    8a5a:	478d                	li	a5,3
    8a5c:	c01c                	sw	a5,0(s0)
    8a5e:	c40c                	sw	a1,8(s0)
    8a60:	01242223          	sw	s2,4(s0)
    8a64:	85a2                	mv	a1,s0
    8a66:	93818513          	addi	a0,gp,-1736 # 200001b8 <tcpip_mbox>
    8a6a:	e4af80ef          	jal	ra,10b4 <sys_mbox_trypost>
    8a6e:	c511                	beqz	a0,8a7a <tcpip_try_callback+0x54>
    8a70:	4519                	li	a0,6
    8a72:	85a2                	mv	a1,s0
    8a74:	d80fb0ef          	jal	ra,3ff4 <memp_free>
    8a78:	557d                	li	a0,-1
    8a7a:	0141                	addi	sp,sp,16
    8a7c:	ab7f706f          	j	532 <__riscv_restore_0>

00008a80 <tcpip_api_call>:
    8a80:	a8ff72ef          	jal	t0,50e <__riscv_save_0>
    8a84:	1141                	addi	sp,sp,-16
    8a86:	84aa                	mv	s1,a0
    8a88:	92c18513          	addi	a0,gp,-1748 # 200001ac <lock_tcpip_core>
    8a8c:	c62e                	sw	a1,12(sp)
    8a8e:	d20f80ef          	jal	ra,fae <sys_mutex_lock>
    8a92:	45b2                	lw	a1,12(sp)
    8a94:	852e                	mv	a0,a1
    8a96:	9482                	jalr	s1
    8a98:	84aa                	mv	s1,a0
    8a9a:	92c18513          	addi	a0,gp,-1748 # 200001ac <lock_tcpip_core>
    8a9e:	d6cf80ef          	jal	ra,100a <sys_mutex_unlock>
    8aa2:	8526                	mv	a0,s1
    8aa4:	0141                	addi	sp,sp,16
    8aa6:	a8df706f          	j	532 <__riscv_restore_0>

00008aaa <tcpip_init>:
    8aaa:	a65f72ef          	jal	t0,50e <__riscv_save_0>
    8aae:	1141                	addi	sp,sp,-16
    8ab0:	c62a                	sw	a0,12(sp)
    8ab2:	c42e                	sw	a1,8(sp)
    8ab4:	f81fa0ef          	jal	ra,3a34 <lwip_init>
    8ab8:	4532                	lw	a0,12(sp)
    8aba:	45a2                	lw	a1,8(sp)
    8abc:	92a1a823          	sw	a0,-1744(gp) # 200001b0 <tcpip_init_done>
    8ac0:	92b1aa23          	sw	a1,-1740(gp) # 200001b4 <tcpip_init_done_arg>
    8ac4:	93818513          	addi	a0,gp,-1736 # 200001b8 <tcpip_mbox>
    8ac8:	45c1                	li	a1,16
    8aca:	d9af80ef          	jal	ra,1064 <sys_mbox_new>
    8ace:	cd01                	beqz	a0,8ae6 <tcpip_init+0x3c>
    8ad0:	0000e5b7          	lui	a1,0xe
    8ad4:	0000c537          	lui	a0,0xc
    8ad8:	32858593          	addi	a1,a1,808 # e328 <lwip_cyclic_timers+0x2d0>
    8adc:	49050513          	addi	a0,a0,1168 # c490 <_read+0x150>
    8ae0:	5ca020ef          	jal	ra,b0aa <iprintf>
    8ae4:	a001                	j	8ae4 <tcpip_init+0x3a>
    8ae6:	92c18513          	addi	a0,gp,-1748 # 200001ac <lock_tcpip_core>
    8aea:	c92f80ef          	jal	ra,f7c <sys_mutex_new>
    8aee:	cd01                	beqz	a0,8b06 <tcpip_init+0x5c>
    8af0:	0000e5b7          	lui	a1,0xe
    8af4:	0000c537          	lui	a0,0xc
    8af8:	34c58593          	addi	a1,a1,844 # e34c <lwip_cyclic_timers+0x2f4>
    8afc:	49050513          	addi	a0,a0,1168 # c490 <_read+0x150>
    8b00:	5aa020ef          	jal	ra,b0aa <iprintf>
    8b04:	a001                	j	8b04 <tcpip_init+0x5a>
    8b06:	000095b7          	lui	a1,0x9
    8b0a:	0000e537          	lui	a0,0xe
    8b0e:	4715                	li	a4,5
    8b10:	60000693          	li	a3,1536
    8b14:	4601                	li	a2,0
    8b16:	8a858593          	addi	a1,a1,-1880 # 88a8 <tcpip_thread>
    8b1a:	37050513          	addi	a0,a0,880 # e370 <lwip_cyclic_timers+0x318>
    8b1e:	e9ef80ef          	jal	ra,11bc <sys_thread_new>
    8b22:	0141                	addi	sp,sp,16
    8b24:	a0ff706f          	j	532 <__riscv_restore_0>

00008b28 <prvInsertBlockIntoFreeList>:
    8b28:	95418793          	addi	a5,gp,-1708 # 200001d4 <xStart>
    8b2c:	4398                	lw	a4,0(a5)
    8b2e:	02a76d63          	bltu	a4,a0,8b68 <prvInsertBlockIntoFreeList+0x40>
    8b32:	43d0                	lw	a2,4(a5)
    8b34:	00c786b3          	add	a3,a5,a2
    8b38:	00d51663          	bne	a0,a3,8b44 <prvInsertBlockIntoFreeList+0x1c>
    8b3c:	4154                	lw	a3,4(a0)
    8b3e:	853e                	mv	a0,a5
    8b40:	96b2                	add	a3,a3,a2
    8b42:	c3d4                	sw	a3,4(a5)
    8b44:	4150                	lw	a2,4(a0)
    8b46:	00c506b3          	add	a3,a0,a2
    8b4a:	00d71a63          	bne	a4,a3,8b5e <prvInsertBlockIntoFreeList+0x36>
    8b4e:	93c1a683          	lw	a3,-1732(gp) # 200001bc <pxEnd>
    8b52:	00d70663          	beq	a4,a3,8b5e <prvInsertBlockIntoFreeList+0x36>
    8b56:	4354                	lw	a3,4(a4)
    8b58:	4318                	lw	a4,0(a4)
    8b5a:	96b2                	add	a3,a3,a2
    8b5c:	c154                	sw	a3,4(a0)
    8b5e:	c118                	sw	a4,0(a0)
    8b60:	00f50363          	beq	a0,a5,8b66 <prvInsertBlockIntoFreeList+0x3e>
    8b64:	c388                	sw	a0,0(a5)
    8b66:	8082                	ret
    8b68:	87ba                	mv	a5,a4
    8b6a:	b7c9                	j	8b2c <prvInsertBlockIntoFreeList+0x4>

00008b6c <pvPortMalloc>:
    8b6c:	989f72ef          	jal	t0,4f4 <__riscv_save_4>
    8b70:	1141                	addi	sp,sp,-16
    8b72:	c62a                	sw	a0,12(sp)
    8b74:	2ac010ef          	jal	ra,9e20 <vTaskSuspendAll>
    8b78:	93c1a783          	lw	a5,-1732(gp) # 200001bc <pxEnd>
    8b7c:	93c18693          	addi	a3,gp,-1732 # 200001bc <pxEnd>
    8b80:	94018613          	addi	a2,gp,-1728 # 200001c0 <xBlockAllocatedBit>
    8b84:	4532                	lw	a0,12(sp)
    8b86:	e7b1                	bnez	a5,8bd2 <pvPortMalloc+0x66>
    8b88:	20004737          	lui	a4,0x20004
    8b8c:	ab870793          	addi	a5,a4,-1352 # 20003ab8 <ucHeap>
    8b90:	00f7f593          	andi	a1,a5,15
    8b94:	ab870713          	addi	a4,a4,-1352
    8b98:	c581                	beqz	a1,8ba0 <pvPortMalloc+0x34>
    8b9a:	00f78713          	addi	a4,a5,15 # 1000f <_data_lma+0x1af7>
    8b9e:	9b41                	andi	a4,a4,-16
    8ba0:	95418593          	addi	a1,gp,-1708 # 200001d4 <xStart>
    8ba4:	0005a223          	sw	zero,4(a1)
    8ba8:	c198                	sw	a4,0(a1)
    8baa:	6591                	lui	a1,0x4
    8bac:	15c1                	addi	a1,a1,-16
    8bae:	97ae                	add	a5,a5,a1
    8bb0:	9bc1                	andi	a5,a5,-16
    8bb2:	0007a223          	sw	zero,4(a5)
    8bb6:	0007a023          	sw	zero,0(a5)
    8bba:	40e785b3          	sub	a1,a5,a4
    8bbe:	c29c                	sw	a5,0(a3)
    8bc0:	c31c                	sw	a5,0(a4)
    8bc2:	94b1a423          	sw	a1,-1720(gp) # 200001c8 <xMinimumEverFreeBytesRemaining>
    8bc6:	94b1a223          	sw	a1,-1724(gp) # 200001c4 <xFreeBytesRemaining>
    8bca:	800007b7          	lui	a5,0x80000
    8bce:	c34c                	sw	a1,4(a4)
    8bd0:	c21c                	sw	a5,0(a2)
    8bd2:	00062a03          	lw	s4,0(a2)
    8bd6:	00aa77b3          	and	a5,s4,a0
    8bda:	e385                	bnez	a5,8bfa <pvPortMalloc+0x8e>
    8bdc:	fff50793          	addi	a5,a0,-1
    8be0:	5739                	li	a4,-18
    8be2:	00f76c63          	bltu	a4,a5,8bfa <pvPortMalloc+0x8e>
    8be6:	01050793          	addi	a5,a0,16
    8bea:	00f7f713          	andi	a4,a5,15
    8bee:	cf25                	beqz	a4,8c66 <pvPortMalloc+0xfa>
    8bf0:	ff07f713          	andi	a4,a5,-16
    8bf4:	0741                	addi	a4,a4,16
    8bf6:	06e7e763          	bltu	a5,a4,8c64 <pvPortMalloc+0xf8>
    8bfa:	4481                	li	s1,0
    8bfc:	a835                	j	8c38 <pvPortMalloc+0xcc>
    8bfe:	8722                	mv	a4,s0
    8c00:	842e                	mv	s0,a1
    8c02:	a8a5                	j	8c7a <pvPortMalloc+0x10e>
    8c04:	c158                	sw	a4,4(a0)
    8c06:	c05c                	sw	a5,4(s0)
    8c08:	f21ff0ef          	jal	ra,8b28 <prvInsertBlockIntoFreeList>
    8c0c:	4058                	lw	a4,4(s0)
    8c0e:	94818693          	addi	a3,gp,-1720 # 200001c8 <xMinimumEverFreeBytesRemaining>
    8c12:	4290                	lw	a2,0(a3)
    8c14:	40e907b3          	sub	a5,s2,a4
    8c18:	00f9a023          	sw	a5,0(s3)
    8c1c:	00c7f363          	bgeu	a5,a2,8c22 <pvPortMalloc+0xb6>
    8c20:	c29c                	sw	a5,0(a3)
    8c22:	00ea6733          	or	a4,s4,a4
    8c26:	94c18793          	addi	a5,gp,-1716 # 200001cc <xNumberOfSuccessfulAllocations>
    8c2a:	c058                	sw	a4,4(s0)
    8c2c:	4398                	lw	a4,0(a5)
    8c2e:	04c1                	addi	s1,s1,16
    8c30:	00042023          	sw	zero,0(s0)
    8c34:	0705                	addi	a4,a4,1
    8c36:	c398                	sw	a4,0(a5)
    8c38:	378010ef          	jal	ra,9fb0 <xTaskResumeAll>
    8c3c:	00f4f793          	andi	a5,s1,15
    8c40:	c7c1                	beqz	a5,8cc8 <pvPortMalloc+0x15c>
    8c42:	08800793          	li	a5,136
    8c46:	8007b073          	csrc	0x800,a5
    8c4a:	0000e637          	lui	a2,0xe
    8c4e:	0000c537          	lui	a0,0xc
    8c52:	3b060613          	addi	a2,a2,944 # e3b0 <lwip_cyclic_timers+0x358>
    8c56:	11000593          	li	a1,272
    8c5a:	51c50513          	addi	a0,a0,1308 # c51c <_read+0x1dc>
    8c5e:	44c020ef          	jal	ra,b0aa <iprintf>
    8c62:	a001                	j	8c62 <pvPortMalloc+0xf6>
    8c64:	87ba                	mv	a5,a4
    8c66:	9441a903          	lw	s2,-1724(gp) # 200001c4 <xFreeBytesRemaining>
    8c6a:	94418993          	addi	s3,gp,-1724 # 200001c4 <xFreeBytesRemaining>
    8c6e:	f8f966e3          	bltu	s2,a5,8bfa <pvPortMalloc+0x8e>
    8c72:	9541a403          	lw	s0,-1708(gp) # 200001d4 <xStart>
    8c76:	95418713          	addi	a4,gp,-1708 # 200001d4 <xStart>
    8c7a:	4050                	lw	a2,4(s0)
    8c7c:	00f67463          	bgeu	a2,a5,8c84 <pvPortMalloc+0x118>
    8c80:	400c                	lw	a1,0(s0)
    8c82:	fdb5                	bnez	a1,8bfe <pvPortMalloc+0x92>
    8c84:	4294                	lw	a3,0(a3)
    8c86:	f6868ae3          	beq	a3,s0,8bfa <pvPortMalloc+0x8e>
    8c8a:	4014                	lw	a3,0(s0)
    8c8c:	4304                	lw	s1,0(a4)
    8c8e:	c314                	sw	a3,0(a4)
    8c90:	40f60733          	sub	a4,a2,a5
    8c94:	02000693          	li	a3,32
    8c98:	f6e6fae3          	bgeu	a3,a4,8c0c <pvPortMalloc+0xa0>
    8c9c:	00f40533          	add	a0,s0,a5
    8ca0:	00f57693          	andi	a3,a0,15
    8ca4:	d2a5                	beqz	a3,8c04 <pvPortMalloc+0x98>
    8ca6:	08800793          	li	a5,136
    8caa:	8007b073          	csrc	0x800,a5
    8cae:	0000e637          	lui	a2,0xe
    8cb2:	0000c537          	lui	a0,0xc
    8cb6:	3b060613          	addi	a2,a2,944 # e3b0 <lwip_cyclic_timers+0x358>
    8cba:	0cf00593          	li	a1,207
    8cbe:	51c50513          	addi	a0,a0,1308 # c51c <_read+0x1dc>
    8cc2:	3e8020ef          	jal	ra,b0aa <iprintf>
    8cc6:	a001                	j	8cc6 <pvPortMalloc+0x15a>
    8cc8:	8526                	mv	a0,s1
    8cca:	0141                	addi	sp,sp,16
    8ccc:	85df706f          	j	528 <__riscv_restore_4>

00008cd0 <vPortFree>:
    8cd0:	c959                	beqz	a0,8d66 <vPortFree+0x96>
    8cd2:	83df72ef          	jal	t0,50e <__riscv_save_0>
    8cd6:	ff452703          	lw	a4,-12(a0)
    8cda:	9401a783          	lw	a5,-1728(gp) # 200001c0 <xBlockAllocatedBit>
    8cde:	842a                	mv	s0,a0
    8ce0:	00f776b3          	and	a3,a4,a5
    8ce4:	e295                	bnez	a3,8d08 <vPortFree+0x38>
    8ce6:	08800793          	li	a5,136
    8cea:	8007b073          	csrc	0x800,a5
    8cee:	0000e637          	lui	a2,0xe
    8cf2:	0000c537          	lui	a0,0xc
    8cf6:	3b060613          	addi	a2,a2,944 # e3b0 <lwip_cyclic_timers+0x358>
    8cfa:	12400593          	li	a1,292
    8cfe:	51c50513          	addi	a0,a0,1308 # c51c <_read+0x1dc>
    8d02:	3a8020ef          	jal	ra,b0aa <iprintf>
    8d06:	a001                	j	8d06 <vPortFree+0x36>
    8d08:	ff052683          	lw	a3,-16(a0)
    8d0c:	c295                	beqz	a3,8d30 <vPortFree+0x60>
    8d0e:	08800793          	li	a5,136
    8d12:	8007b073          	csrc	0x800,a5
    8d16:	0000e637          	lui	a2,0xe
    8d1a:	0000c537          	lui	a0,0xc
    8d1e:	3b060613          	addi	a2,a2,944 # e3b0 <lwip_cyclic_timers+0x358>
    8d22:	12500593          	li	a1,293
    8d26:	51c50513          	addi	a0,a0,1308 # c51c <_read+0x1dc>
    8d2a:	380020ef          	jal	ra,b0aa <iprintf>
    8d2e:	a001                	j	8d2e <vPortFree+0x5e>
    8d30:	fff7c793          	not	a5,a5
    8d34:	8ff9                	and	a5,a5,a4
    8d36:	fef52a23          	sw	a5,-12(a0)
    8d3a:	0e6010ef          	jal	ra,9e20 <vTaskSuspendAll>
    8d3e:	94418793          	addi	a5,gp,-1724 # 200001c4 <xFreeBytesRemaining>
    8d42:	4394                	lw	a3,0(a5)
    8d44:	ff442703          	lw	a4,-12(s0)
    8d48:	ff040513          	addi	a0,s0,-16
    8d4c:	9736                	add	a4,a4,a3
    8d4e:	c398                	sw	a4,0(a5)
    8d50:	dd9ff0ef          	jal	ra,8b28 <prvInsertBlockIntoFreeList>
    8d54:	95018793          	addi	a5,gp,-1712 # 200001d0 <xNumberOfSuccessfulFrees>
    8d58:	4398                	lw	a4,0(a5)
    8d5a:	0705                	addi	a4,a4,1
    8d5c:	c398                	sw	a4,0(a5)
    8d5e:	252010ef          	jal	ra,9fb0 <xTaskResumeAll>
    8d62:	fd0f706f          	j	532 <__riscv_restore_0>
    8d66:	8082                	ret

00008d68 <vPortSetupTimerInterrupt>:
    8d68:	e000e7b7          	lui	a5,0xe000e
    8d6c:	5741                	li	a4,-16
    8d6e:	40e78723          	sb	a4,1038(a5) # e000e40e <__freertos_irq_stack_top+0xbfffe40e>
    8d72:	40e78623          	sb	a4,1036(a5)
    8d76:	e000f7b7          	lui	a5,0xe000f
    8d7a:	0007a023          	sw	zero,0(a5) # e000f000 <__freertos_irq_stack_top+0xbffff000>
    8d7e:	0007a223          	sw	zero,4(a5)
    8d82:	4681                	li	a3,0
    8d84:	c794                	sw	a3,8(a5)
    8d86:	4701                	li	a4,0
    8d88:	c7d8                	sw	a4,12(a5)
    8d8a:	20000737          	lui	a4,0x20000
    8d8e:	08072583          	lw	a1,128(a4) # 20000080 <SystemCoreClock>
    8d92:	1f400713          	li	a4,500
    8d96:	4681                	li	a3,0
    8d98:	02e5d633          	divu	a2,a1,a4
    8d9c:	473d                	li	a4,15
    8d9e:	cb90                	sw	a2,16(a5)
    8da0:	cbd4                	sw	a3,20(a5)
    8da2:	c398                	sw	a4,0(a5)
    8da4:	8082                	ret

00008da6 <xPortStartScheduler>:
    8da6:	f68f72ef          	jal	t0,50e <__riscv_save_0>
    8daa:	1141                	addi	sp,sp,-16
    8dac:	c602                	sw	zero,12(sp)
    8dae:	305027f3          	csrr	a5,mtvec
    8db2:	c63e                	sw	a5,12(sp)
    8db4:	47b2                	lw	a5,12(sp)
    8db6:	470d                	li	a4,3
    8db8:	8b8d                	andi	a5,a5,3
    8dba:	02e78363          	beq	a5,a4,8de0 <xPortStartScheduler+0x3a>
    8dbe:	08800793          	li	a5,136
    8dc2:	8007b073          	csrc	0x800,a5
    8dc6:	0000e637          	lui	a2,0xe
    8dca:	0000c537          	lui	a0,0xc
    8dce:	3d860613          	addi	a2,a2,984 # e3d8 <lwip_cyclic_timers+0x380>
    8dd2:	0b600593          	li	a1,182
    8dd6:	51c50513          	addi	a0,a0,1308 # c51c <_read+0x1dc>
    8dda:	2d0020ef          	jal	ra,b0aa <iprintf>
    8dde:	a001                	j	8dde <xPortStartScheduler+0x38>
    8de0:	200107b7          	lui	a5,0x20010
    8de4:	00078793          	mv	a5,a5
    8de8:	8bbd                	andi	a5,a5,15
    8dea:	c395                	beqz	a5,8e0e <xPortStartScheduler+0x68>
    8dec:	08800793          	li	a5,136
    8df0:	8007b073          	csrc	0x800,a5
    8df4:	0000e637          	lui	a2,0xe
    8df8:	0000c537          	lui	a0,0xc
    8dfc:	3d860613          	addi	a2,a2,984 # e3d8 <lwip_cyclic_timers+0x380>
    8e00:	0bb00593          	li	a1,187
    8e04:	51c50513          	addi	a0,a0,1308 # c51c <_read+0x1dc>
    8e08:	2a2020ef          	jal	ra,b0aa <iprintf>
    8e0c:	a001                	j	8e0c <xPortStartScheduler+0x66>
    8e0e:	f5bff0ef          	jal	ra,8d68 <vPortSetupTimerInterrupt>
    8e12:	e000e7b7          	lui	a5,0xe000e
    8e16:	6705                	lui	a4,0x1
    8e18:	10e7a023          	sw	a4,256(a5) # e000e100 <__freertos_irq_stack_top+0xbfffe100>
    8e1c:	6711                	lui	a4,0x4
    8e1e:	10e7a023          	sw	a4,256(a5)
    8e22:	8001a823          	sw	zero,-2032(gp) # 20000090 <uxCriticalNesting>
    8e26:	cdaf70ef          	jal	ra,300 <xPortStartFirstTask>
    8e2a:	4501                	li	a0,0
    8e2c:	0141                	addi	sp,sp,16
    8e2e:	f04f706f          	j	532 <__riscv_restore_0>

00008e32 <SysTick_Handler>:
    8e32:	34011173          	csrrw	sp,mscratch,sp
    8e36:	08800793          	li	a5,136
    8e3a:	8007b073          	csrc	0x800,a5
    8e3e:	e000f7b7          	lui	a5,0xe000f
    8e42:	0007a223          	sw	zero,4(a5) # e000f004 <__freertos_irq_stack_top+0xbffff004>
    8e46:	7ed000ef          	jal	ra,9e32 <xTaskIncrementTick>
    8e4a:	c511                	beqz	a0,8e56 <SysTick_Handler+0x24>
    8e4c:	e000e7b7          	lui	a5,0xe000e
    8e50:	6711                	lui	a4,0x4
    8e52:	20e7a023          	sw	a4,512(a5) # e000e200 <__freertos_irq_stack_top+0xbfffe200>
    8e56:	08800793          	li	a5,136
    8e5a:	8007a073          	csrs	0x800,a5
    8e5e:	34011173          	csrrw	sp,mscratch,sp
    8e62:	30200073          	mret

00008e66 <vPortEnterCritical>:
    8e66:	08800793          	li	a5,136
    8e6a:	8007b073          	csrc	0x800,a5
    8e6e:	81018793          	addi	a5,gp,-2032 # 20000090 <uxCriticalNesting>
    8e72:	4398                	lw	a4,0(a5)
    8e74:	0705                	addi	a4,a4,1
    8e76:	c398                	sw	a4,0(a5)
    8e78:	8082                	ret

00008e7a <vPortExitCritical>:
    8e7a:	81018713          	addi	a4,gp,-2032 # 20000090 <uxCriticalNesting>
    8e7e:	431c                	lw	a5,0(a4)
    8e80:	e785                	bnez	a5,8ea8 <vPortExitCritical+0x2e>
    8e82:	e8cf72ef          	jal	t0,50e <__riscv_save_0>
    8e86:	08800793          	li	a5,136
    8e8a:	8007b073          	csrc	0x800,a5
    8e8e:	0000e637          	lui	a2,0xe
    8e92:	0000c537          	lui	a0,0xc
    8e96:	3d860613          	addi	a2,a2,984 # e3d8 <lwip_cyclic_timers+0x380>
    8e9a:	10200593          	li	a1,258
    8e9e:	51c50513          	addi	a0,a0,1308 # c51c <_read+0x1dc>
    8ea2:	208020ef          	jal	ra,b0aa <iprintf>
    8ea6:	a001                	j	8ea6 <vPortExitCritical+0x2c>
    8ea8:	17fd                	addi	a5,a5,-1
    8eaa:	c31c                	sw	a5,0(a4)
    8eac:	e789                	bnez	a5,8eb6 <vPortExitCritical+0x3c>
    8eae:	08800793          	li	a5,136
    8eb2:	8007a073          	csrs	0x800,a5
    8eb6:	8082                	ret

00008eb8 <xPortSetInterruptMask>:
    8eb8:	4501                	li	a0,0
    8eba:	80051573          	csrrw	a0,0x800,a0
    8ebe:	8082                	ret

00008ec0 <vPortClearInterruptMask>:
    8ec0:	80051073          	csrw	0x800,a0
    8ec4:	8082                	ret

00008ec6 <vListInitialise>:
    8ec6:	00850793          	addi	a5,a0,8
    8eca:	577d                	li	a4,-1
    8ecc:	c15c                	sw	a5,4(a0)
    8ece:	c518                	sw	a4,8(a0)
    8ed0:	c55c                	sw	a5,12(a0)
    8ed2:	c91c                	sw	a5,16(a0)
    8ed4:	00052023          	sw	zero,0(a0)
    8ed8:	8082                	ret

00008eda <vListInitialiseItem>:
    8eda:	00052823          	sw	zero,16(a0)
    8ede:	8082                	ret

00008ee0 <vListInsertEnd>:
    8ee0:	415c                	lw	a5,4(a0)
    8ee2:	4798                	lw	a4,8(a5)
    8ee4:	c1dc                	sw	a5,4(a1)
    8ee6:	c598                	sw	a4,8(a1)
    8ee8:	4798                	lw	a4,8(a5)
    8eea:	c34c                	sw	a1,4(a4)
    8eec:	c78c                	sw	a1,8(a5)
    8eee:	411c                	lw	a5,0(a0)
    8ef0:	c988                	sw	a0,16(a1)
    8ef2:	0785                	addi	a5,a5,1
    8ef4:	c11c                	sw	a5,0(a0)
    8ef6:	8082                	ret

00008ef8 <vListInsert>:
    8ef8:	4198                	lw	a4,0(a1)
    8efa:	56fd                	li	a3,-1
    8efc:	00850793          	addi	a5,a0,8
    8f00:	00d71e63          	bne	a4,a3,8f1c <vListInsert+0x24>
    8f04:	491c                	lw	a5,16(a0)
    8f06:	43d8                	lw	a4,4(a5)
    8f08:	c1d8                	sw	a4,4(a1)
    8f0a:	c70c                	sw	a1,8(a4)
    8f0c:	c59c                	sw	a5,8(a1)
    8f0e:	c3cc                	sw	a1,4(a5)
    8f10:	411c                	lw	a5,0(a0)
    8f12:	c988                	sw	a0,16(a1)
    8f14:	0785                	addi	a5,a5,1
    8f16:	c11c                	sw	a5,0(a0)
    8f18:	8082                	ret
    8f1a:	87b6                	mv	a5,a3
    8f1c:	43d4                	lw	a3,4(a5)
    8f1e:	4290                	lw	a2,0(a3)
    8f20:	fec77de3          	bgeu	a4,a2,8f1a <vListInsert+0x22>
    8f24:	b7cd                	j	8f06 <vListInsert+0xe>

00008f26 <uxListRemove>:
    8f26:	4154                	lw	a3,4(a0)
    8f28:	4518                	lw	a4,8(a0)
    8f2a:	491c                	lw	a5,16(a0)
    8f2c:	c698                	sw	a4,8(a3)
    8f2e:	c354                	sw	a3,4(a4)
    8f30:	43d4                	lw	a3,4(a5)
    8f32:	00a69363          	bne	a3,a0,8f38 <uxListRemove+0x12>
    8f36:	c3d8                	sw	a4,4(a5)
    8f38:	4398                	lw	a4,0(a5)
    8f3a:	00052823          	sw	zero,16(a0)
    8f3e:	177d                	addi	a4,a4,-1
    8f40:	c398                	sw	a4,0(a5)
    8f42:	4388                	lw	a0,0(a5)
    8f44:	8082                	ret

00008f46 <prvIsQueueEmpty>:
    8f46:	dc8f72ef          	jal	t0,50e <__riscv_save_0>
    8f4a:	1141                	addi	sp,sp,-16
    8f4c:	c62a                	sw	a0,12(sp)
    8f4e:	f19ff0ef          	jal	ra,8e66 <vPortEnterCritical>
    8f52:	4532                	lw	a0,12(sp)
    8f54:	5d00                	lw	s0,56(a0)
    8f56:	f25ff0ef          	jal	ra,8e7a <vPortExitCritical>
    8f5a:	00143513          	seqz	a0,s0
    8f5e:	0141                	addi	sp,sp,16
    8f60:	dd2f706f          	j	532 <__riscv_restore_0>

00008f64 <prvCopyDataToQueue>:
    8f64:	daaf72ef          	jal	t0,50e <__riscv_save_0>
    8f68:	8932                	mv	s2,a2
    8f6a:	4130                	lw	a2,64(a0)
    8f6c:	5d04                	lw	s1,56(a0)
    8f6e:	842a                	mv	s0,a0
    8f70:	ee09                	bnez	a2,8f8a <prvCopyDataToQueue+0x26>
    8f72:	411c                	lw	a5,0(a0)
    8f74:	4501                	li	a0,0
    8f76:	e791                	bnez	a5,8f82 <prvCopyDataToQueue+0x1e>
    8f78:	4408                	lw	a0,8(s0)
    8f7a:	5a0010ef          	jal	ra,a51a <xTaskPriorityDisinherit>
    8f7e:	00042423          	sw	zero,8(s0)
    8f82:	0485                	addi	s1,s1,1
    8f84:	dc04                	sw	s1,56(s0)
    8f86:	dacf706f          	j	532 <__riscv_restore_0>
    8f8a:	02091063          	bnez	s2,8faa <prvCopyDataToQueue+0x46>
    8f8e:	4148                	lw	a0,4(a0)
    8f90:	068020ef          	jal	ra,aff8 <memcpy>
    8f94:	405c                	lw	a5,4(s0)
    8f96:	4038                	lw	a4,64(s0)
    8f98:	4501                	li	a0,0
    8f9a:	97ba                	add	a5,a5,a4
    8f9c:	4418                	lw	a4,8(s0)
    8f9e:	c05c                	sw	a5,4(s0)
    8fa0:	fee7e1e3          	bltu	a5,a4,8f82 <prvCopyDataToQueue+0x1e>
    8fa4:	401c                	lw	a5,0(s0)
    8fa6:	c05c                	sw	a5,4(s0)
    8fa8:	bfe9                	j	8f82 <prvCopyDataToQueue+0x1e>
    8faa:	4548                	lw	a0,12(a0)
    8fac:	04c020ef          	jal	ra,aff8 <memcpy>
    8fb0:	403c                	lw	a5,64(s0)
    8fb2:	4458                	lw	a4,12(s0)
    8fb4:	4014                	lw	a3,0(s0)
    8fb6:	40f007b3          	neg	a5,a5
    8fba:	973e                	add	a4,a4,a5
    8fbc:	c458                	sw	a4,12(s0)
    8fbe:	00d77563          	bgeu	a4,a3,8fc8 <prvCopyDataToQueue+0x64>
    8fc2:	4418                	lw	a4,8(s0)
    8fc4:	97ba                	add	a5,a5,a4
    8fc6:	c45c                	sw	a5,12(s0)
    8fc8:	4789                	li	a5,2
    8fca:	4501                	li	a0,0
    8fcc:	faf91be3          	bne	s2,a5,8f82 <prvCopyDataToQueue+0x1e>
    8fd0:	d8cd                	beqz	s1,8f82 <prvCopyDataToQueue+0x1e>
    8fd2:	14fd                	addi	s1,s1,-1
    8fd4:	b77d                	j	8f82 <prvCopyDataToQueue+0x1e>

00008fd6 <prvCopyDataFromQueue>:
    8fd6:	4130                	lw	a2,64(a0)
    8fd8:	c215                	beqz	a2,8ffc <prvCopyDataFromQueue+0x26>
    8fda:	d34f72ef          	jal	t0,50e <__riscv_save_0>
    8fde:	4558                	lw	a4,12(a0)
    8fe0:	4514                	lw	a3,8(a0)
    8fe2:	87aa                	mv	a5,a0
    8fe4:	9732                	add	a4,a4,a2
    8fe6:	c558                	sw	a4,12(a0)
    8fe8:	00d76463          	bltu	a4,a3,8ff0 <prvCopyDataFromQueue+0x1a>
    8fec:	4118                	lw	a4,0(a0)
    8fee:	c558                	sw	a4,12(a0)
    8ff0:	852e                	mv	a0,a1
    8ff2:	47cc                	lw	a1,12(a5)
    8ff4:	004020ef          	jal	ra,aff8 <memcpy>
    8ff8:	d3af706f          	j	532 <__riscv_restore_0>
    8ffc:	8082                	ret

00008ffe <prvUnlockQueue>:
    8ffe:	d10f72ef          	jal	t0,50e <__riscv_save_0>
    9002:	842a                	mv	s0,a0
    9004:	e63ff0ef          	jal	ra,8e66 <vPortEnterCritical>
    9008:	04544483          	lbu	s1,69(s0)
    900c:	02440913          	addi	s2,s0,36
    9010:	04e2                	slli	s1,s1,0x18
    9012:	84e1                	srai	s1,s1,0x18
    9014:	02904863          	bgtz	s1,9044 <prvUnlockQueue+0x46>
    9018:	57fd                	li	a5,-1
    901a:	04f402a3          	sb	a5,69(s0)
    901e:	e5dff0ef          	jal	ra,8e7a <vPortExitCritical>
    9022:	e45ff0ef          	jal	ra,8e66 <vPortEnterCritical>
    9026:	04444483          	lbu	s1,68(s0)
    902a:	01040913          	addi	s2,s0,16
    902e:	04e2                	slli	s1,s1,0x18
    9030:	84e1                	srai	s1,s1,0x18
    9032:	02904563          	bgtz	s1,905c <prvUnlockQueue+0x5e>
    9036:	57fd                	li	a5,-1
    9038:	04f40223          	sb	a5,68(s0)
    903c:	e3fff0ef          	jal	ra,8e7a <vPortExitCritical>
    9040:	cf2f706f          	j	532 <__riscv_restore_0>
    9044:	505c                	lw	a5,36(s0)
    9046:	dbe9                	beqz	a5,9018 <prvUnlockQueue+0x1a>
    9048:	854a                	mv	a0,s2
    904a:	266010ef          	jal	ra,a2b0 <xTaskRemoveFromEventList>
    904e:	c119                	beqz	a0,9054 <prvUnlockQueue+0x56>
    9050:	402010ef          	jal	ra,a452 <vTaskMissedYield>
    9054:	14fd                	addi	s1,s1,-1
    9056:	04e2                	slli	s1,s1,0x18
    9058:	84e1                	srai	s1,s1,0x18
    905a:	bf6d                	j	9014 <prvUnlockQueue+0x16>
    905c:	481c                	lw	a5,16(s0)
    905e:	dfe1                	beqz	a5,9036 <prvUnlockQueue+0x38>
    9060:	854a                	mv	a0,s2
    9062:	24e010ef          	jal	ra,a2b0 <xTaskRemoveFromEventList>
    9066:	c119                	beqz	a0,906c <prvUnlockQueue+0x6e>
    9068:	3ea010ef          	jal	ra,a452 <vTaskMissedYield>
    906c:	14fd                	addi	s1,s1,-1
    906e:	04e2                	slli	s1,s1,0x18
    9070:	84e1                	srai	s1,s1,0x18
    9072:	b7c1                	j	9032 <prvUnlockQueue+0x34>

00009074 <xQueueGenericReset>:
    9074:	c9af72ef          	jal	t0,50e <__riscv_save_0>
    9078:	1141                	addi	sp,sp,-16
    907a:	e115                	bnez	a0,909e <xQueueGenericReset+0x2a>
    907c:	08800793          	li	a5,136
    9080:	8007b073          	csrc	0x800,a5
    9084:	0000e637          	lui	a2,0xe
    9088:	0000c537          	lui	a0,0xc
    908c:	40060613          	addi	a2,a2,1024 # e400 <lwip_cyclic_timers+0x3a8>
    9090:	11000593          	li	a1,272
    9094:	51c50513          	addi	a0,a0,1308 # c51c <_read+0x1dc>
    9098:	012020ef          	jal	ra,b0aa <iprintf>
    909c:	a001                	j	909c <xQueueGenericReset+0x28>
    909e:	5d5c                	lw	a5,60(a0)
    90a0:	c62e                	sw	a1,12(sp)
    90a2:	842a                	mv	s0,a0
    90a4:	c7bd                	beqz	a5,9112 <xQueueGenericReset+0x9e>
    90a6:	4138                	lw	a4,64(a0)
    90a8:	02e7b7b3          	mulhu	a5,a5,a4
    90ac:	e3bd                	bnez	a5,9112 <xQueueGenericReset+0x9e>
    90ae:	db9ff0ef          	jal	ra,8e66 <vPortEnterCritical>
    90b2:	4030                	lw	a2,64(s0)
    90b4:	5c58                	lw	a4,60(s0)
    90b6:	4014                	lw	a3,0(s0)
    90b8:	02042c23          	sw	zero,56(s0)
    90bc:	02e607b3          	mul	a5,a2,a4
    90c0:	45b2                	lw	a1,12(sp)
    90c2:	c054                	sw	a3,4(s0)
    90c4:	00f68733          	add	a4,a3,a5
    90c8:	8f91                	sub	a5,a5,a2
    90ca:	97b6                	add	a5,a5,a3
    90cc:	c45c                	sw	a5,12(s0)
    90ce:	57fd                	li	a5,-1
    90d0:	04f40223          	sb	a5,68(s0)
    90d4:	c418                	sw	a4,8(s0)
    90d6:	04f402a3          	sb	a5,69(s0)
    90da:	e19d                	bnez	a1,9100 <xQueueGenericReset+0x8c>
    90dc:	481c                	lw	a5,16(s0)
    90de:	cb99                	beqz	a5,90f4 <xQueueGenericReset+0x80>
    90e0:	01040513          	addi	a0,s0,16
    90e4:	1cc010ef          	jal	ra,a2b0 <xTaskRemoveFromEventList>
    90e8:	c511                	beqz	a0,90f4 <xQueueGenericReset+0x80>
    90ea:	e000e7b7          	lui	a5,0xe000e
    90ee:	6711                	lui	a4,0x4
    90f0:	20e7a023          	sw	a4,512(a5) # e000e200 <__freertos_irq_stack_top+0xbfffe200>
    90f4:	d87ff0ef          	jal	ra,8e7a <vPortExitCritical>
    90f8:	4505                	li	a0,1
    90fa:	0141                	addi	sp,sp,16
    90fc:	c36f706f          	j	532 <__riscv_restore_0>
    9100:	01040513          	addi	a0,s0,16
    9104:	dc3ff0ef          	jal	ra,8ec6 <vListInitialise>
    9108:	02440513          	addi	a0,s0,36
    910c:	dbbff0ef          	jal	ra,8ec6 <vListInitialise>
    9110:	b7d5                	j	90f4 <xQueueGenericReset+0x80>
    9112:	08800793          	li	a5,136
    9116:	8007b073          	csrc	0x800,a5
    911a:	0000e637          	lui	a2,0xe
    911e:	0000c537          	lui	a0,0xc
    9122:	40060613          	addi	a2,a2,1024 # e400 <lwip_cyclic_timers+0x3a8>
    9126:	14500593          	li	a1,325
    912a:	51c50513          	addi	a0,a0,1308 # c51c <_read+0x1dc>
    912e:	77d010ef          	jal	ra,b0aa <iprintf>
    9132:	a001                	j	9132 <xQueueGenericReset+0xbe>

00009134 <xQueueGenericCreate>:
    9134:	bdaf72ef          	jal	t0,50e <__riscv_save_0>
    9138:	1141                	addi	sp,sp,-16
    913a:	c131                	beqz	a0,917e <xQueueGenericCreate+0x4a>
    913c:	02a5b7b3          	mulhu	a5,a1,a0
    9140:	84aa                	mv	s1,a0
    9142:	ef95                	bnez	a5,917e <xQueueGenericCreate+0x4a>
    9144:	02b50533          	mul	a0,a0,a1
    9148:	fb700793          	li	a5,-73
    914c:	02a7e963          	bltu	a5,a0,917e <xQueueGenericCreate+0x4a>
    9150:	04850513          	addi	a0,a0,72
    9154:	c62e                	sw	a1,12(sp)
    9156:	a17ff0ef          	jal	ra,8b6c <pvPortMalloc>
    915a:	842a                	mv	s0,a0
    915c:	cd09                	beqz	a0,9176 <xQueueGenericCreate+0x42>
    915e:	45b2                	lw	a1,12(sp)
    9160:	87aa                	mv	a5,a0
    9162:	c199                	beqz	a1,9168 <xQueueGenericCreate+0x34>
    9164:	04850793          	addi	a5,a0,72
    9168:	c02c                	sw	a1,64(s0)
    916a:	c01c                	sw	a5,0(s0)
    916c:	dc44                	sw	s1,60(s0)
    916e:	4585                	li	a1,1
    9170:	8522                	mv	a0,s0
    9172:	f03ff0ef          	jal	ra,9074 <xQueueGenericReset>
    9176:	8522                	mv	a0,s0
    9178:	0141                	addi	sp,sp,16
    917a:	bb8f706f          	j	532 <__riscv_restore_0>
    917e:	08800793          	li	a5,136
    9182:	8007b073          	csrc	0x800,a5
    9186:	0000e637          	lui	a2,0xe
    918a:	0000c537          	lui	a0,0xc
    918e:	40060613          	addi	a2,a2,1024 # e400 <lwip_cyclic_timers+0x3a8>
    9192:	1c600593          	li	a1,454
    9196:	51c50513          	addi	a0,a0,1308 # c51c <_read+0x1dc>
    919a:	711010ef          	jal	ra,b0aa <iprintf>
    919e:	a001                	j	919e <xQueueGenericCreate+0x6a>

000091a0 <xQueueGenericSend>:
    91a0:	b46f72ef          	jal	t0,4e6 <__riscv_save_10>
    91a4:	1101                	addi	sp,sp,-32
    91a6:	c632                	sw	a2,12(sp)
    91a8:	e115                	bnez	a0,91cc <xQueueGenericSend+0x2c>
    91aa:	08800793          	li	a5,136
    91ae:	8007b073          	csrc	0x800,a5
    91b2:	0000e637          	lui	a2,0xe
    91b6:	0000c537          	lui	a0,0xc
    91ba:	40060613          	addi	a2,a2,1024 # e400 <lwip_cyclic_timers+0x3a8>
    91be:	32e00593          	li	a1,814
    91c2:	51c50513          	addi	a0,a0,1308 # c51c <_read+0x1dc>
    91c6:	6e5010ef          	jal	ra,b0aa <iprintf>
    91ca:	a001                	j	91ca <xQueueGenericSend+0x2a>
    91cc:	842a                	mv	s0,a0
    91ce:	892e                	mv	s2,a1
    91d0:	84b6                	mv	s1,a3
    91d2:	e585                	bnez	a1,91fa <xQueueGenericSend+0x5a>
    91d4:	413c                	lw	a5,64(a0)
    91d6:	c395                	beqz	a5,91fa <xQueueGenericSend+0x5a>
    91d8:	08800793          	li	a5,136
    91dc:	8007b073          	csrc	0x800,a5
    91e0:	0000e637          	lui	a2,0xe
    91e4:	0000c537          	lui	a0,0xc
    91e8:	40060613          	addi	a2,a2,1024 # e400 <lwip_cyclic_timers+0x3a8>
    91ec:	32f00593          	li	a1,815
    91f0:	51c50513          	addi	a0,a0,1308 # c51c <_read+0x1dc>
    91f4:	6b7010ef          	jal	ra,b0aa <iprintf>
    91f8:	a001                	j	91f8 <xQueueGenericSend+0x58>
    91fa:	4789                	li	a5,2
    91fc:	02f49763          	bne	s1,a5,922a <xQueueGenericSend+0x8a>
    9200:	5c58                	lw	a4,60(s0)
    9202:	4785                	li	a5,1
    9204:	02f70363          	beq	a4,a5,922a <xQueueGenericSend+0x8a>
    9208:	08800793          	li	a5,136
    920c:	8007b073          	csrc	0x800,a5
    9210:	0000e637          	lui	a2,0xe
    9214:	0000c537          	lui	a0,0xc
    9218:	40060613          	addi	a2,a2,1024 # e400 <lwip_cyclic_timers+0x3a8>
    921c:	33000593          	li	a1,816
    9220:	51c50513          	addi	a0,a0,1308 # c51c <_read+0x1dc>
    9224:	687010ef          	jal	ra,b0aa <iprintf>
    9228:	a001                	j	9228 <xQueueGenericSend+0x88>
    922a:	236010ef          	jal	ra,a460 <xTaskGetSchedulerState>
    922e:	e50d                	bnez	a0,9258 <xQueueGenericSend+0xb8>
    9230:	47b2                	lw	a5,12(sp)
    9232:	4c01                	li	s8,0
    9234:	c39d                	beqz	a5,925a <xQueueGenericSend+0xba>
    9236:	08800793          	li	a5,136
    923a:	8007b073          	csrc	0x800,a5
    923e:	0000e637          	lui	a2,0xe
    9242:	0000c537          	lui	a0,0xc
    9246:	40060613          	addi	a2,a2,1024 # e400 <lwip_cyclic_timers+0x3a8>
    924a:	33300593          	li	a1,819
    924e:	51c50513          	addi	a0,a0,1308 # c51c <_read+0x1dc>
    9252:	659010ef          	jal	ra,b0aa <iprintf>
    9256:	a001                	j	9256 <xQueueGenericSend+0xb6>
    9258:	4c01                	li	s8,0
    925a:	4b09                	li	s6,2
    925c:	59fd                	li	s3,-1
    925e:	01040b93          	addi	s7,s0,16
    9262:	e000ea37          	lui	s4,0xe000e
    9266:	6a91                	lui	s5,0x4
    9268:	a8a5                	j	92e0 <xQueueGenericSend+0x140>
    926a:	47b2                	lw	a5,12(sp)
    926c:	e789                	bnez	a5,9276 <xQueueGenericSend+0xd6>
    926e:	c0dff0ef          	jal	ra,8e7a <vPortExitCritical>
    9272:	4501                	li	a0,0
    9274:	a055                	j	9318 <xQueueGenericSend+0x178>
    9276:	000c1563          	bnez	s8,9280 <xQueueGenericSend+0xe0>
    927a:	0828                	addi	a0,sp,24
    927c:	10e010ef          	jal	ra,a38a <vTaskInternalSetTimeOutState>
    9280:	bfbff0ef          	jal	ra,8e7a <vPortExitCritical>
    9284:	39d000ef          	jal	ra,9e20 <vTaskSuspendAll>
    9288:	bdfff0ef          	jal	ra,8e66 <vPortEnterCritical>
    928c:	04444783          	lbu	a5,68(s0)
    9290:	07e2                	slli	a5,a5,0x18
    9292:	87e1                	srai	a5,a5,0x18
    9294:	01379463          	bne	a5,s3,929c <xQueueGenericSend+0xfc>
    9298:	04040223          	sb	zero,68(s0)
    929c:	04544783          	lbu	a5,69(s0)
    92a0:	07e2                	slli	a5,a5,0x18
    92a2:	87e1                	srai	a5,a5,0x18
    92a4:	01379463          	bne	a5,s3,92ac <xQueueGenericSend+0x10c>
    92a8:	040402a3          	sb	zero,69(s0)
    92ac:	bcfff0ef          	jal	ra,8e7a <vPortExitCritical>
    92b0:	006c                	addi	a1,sp,12
    92b2:	0828                	addi	a0,sp,24
    92b4:	0e4010ef          	jal	ra,a398 <xTaskCheckForTimeOut>
    92b8:	ed35                	bnez	a0,9334 <xQueueGenericSend+0x194>
    92ba:	badff0ef          	jal	ra,8e66 <vPortEnterCritical>
    92be:	5c18                	lw	a4,56(s0)
    92c0:	5c5c                	lw	a5,60(s0)
    92c2:	04f71e63          	bne	a4,a5,931e <xQueueGenericSend+0x17e>
    92c6:	bb5ff0ef          	jal	ra,8e7a <vPortExitCritical>
    92ca:	45b2                	lw	a1,12(sp)
    92cc:	855e                	mv	a0,s7
    92ce:	731000ef          	jal	ra,a1fe <vTaskPlaceOnEventList>
    92d2:	8522                	mv	a0,s0
    92d4:	d2bff0ef          	jal	ra,8ffe <prvUnlockQueue>
    92d8:	4d9000ef          	jal	ra,9fb0 <xTaskResumeAll>
    92dc:	c929                	beqz	a0,932e <xQueueGenericSend+0x18e>
    92de:	4c05                	li	s8,1
    92e0:	b87ff0ef          	jal	ra,8e66 <vPortEnterCritical>
    92e4:	5c18                	lw	a4,56(s0)
    92e6:	5c5c                	lw	a5,60(s0)
    92e8:	00f76463          	bltu	a4,a5,92f0 <xQueueGenericSend+0x150>
    92ec:	f7649fe3          	bne	s1,s6,926a <xQueueGenericSend+0xca>
    92f0:	8626                	mv	a2,s1
    92f2:	85ca                	mv	a1,s2
    92f4:	8522                	mv	a0,s0
    92f6:	c6fff0ef          	jal	ra,8f64 <prvCopyDataToQueue>
    92fa:	505c                	lw	a5,36(s0)
    92fc:	c789                	beqz	a5,9306 <xQueueGenericSend+0x166>
    92fe:	02440513          	addi	a0,s0,36
    9302:	7af000ef          	jal	ra,a2b0 <xTaskRemoveFromEventList>
    9306:	c511                	beqz	a0,9312 <xQueueGenericSend+0x172>
    9308:	e000e7b7          	lui	a5,0xe000e
    930c:	6711                	lui	a4,0x4
    930e:	20e7a023          	sw	a4,512(a5) # e000e200 <__freertos_irq_stack_top+0xbfffe200>
    9312:	b69ff0ef          	jal	ra,8e7a <vPortExitCritical>
    9316:	4505                	li	a0,1
    9318:	6105                	addi	sp,sp,32
    931a:	a04f706f          	j	51e <__riscv_restore_10>
    931e:	b5dff0ef          	jal	ra,8e7a <vPortExitCritical>
    9322:	8522                	mv	a0,s0
    9324:	cdbff0ef          	jal	ra,8ffe <prvUnlockQueue>
    9328:	489000ef          	jal	ra,9fb0 <xTaskResumeAll>
    932c:	bf4d                	j	92de <xQueueGenericSend+0x13e>
    932e:	215a2023          	sw	s5,512(s4) # e000e200 <__freertos_irq_stack_top+0xbfffe200>
    9332:	b775                	j	92de <xQueueGenericSend+0x13e>
    9334:	8522                	mv	a0,s0
    9336:	cc9ff0ef          	jal	ra,8ffe <prvUnlockQueue>
    933a:	477000ef          	jal	ra,9fb0 <xTaskResumeAll>
    933e:	bf15                	j	9272 <xQueueGenericSend+0xd2>

00009340 <xQueueCreateMutex>:
    9340:	9cef72ef          	jal	t0,50e <__riscv_save_0>
    9344:	862a                	mv	a2,a0
    9346:	4581                	li	a1,0
    9348:	4505                	li	a0,1
    934a:	debff0ef          	jal	ra,9134 <xQueueGenericCreate>
    934e:	842a                	mv	s0,a0
    9350:	cd01                	beqz	a0,9368 <xQueueCreateMutex+0x28>
    9352:	00052423          	sw	zero,8(a0)
    9356:	00052023          	sw	zero,0(a0)
    935a:	00052623          	sw	zero,12(a0)
    935e:	4681                	li	a3,0
    9360:	4601                	li	a2,0
    9362:	4581                	li	a1,0
    9364:	e3dff0ef          	jal	ra,91a0 <xQueueGenericSend>
    9368:	8522                	mv	a0,s0
    936a:	9c8f706f          	j	532 <__riscv_restore_0>

0000936e <xQueueGiveMutexRecursive>:
    936e:	9a0f72ef          	jal	t0,50e <__riscv_save_0>
    9372:	e115                	bnez	a0,9396 <xQueueGiveMutexRecursive+0x28>
    9374:	08800793          	li	a5,136
    9378:	8007b073          	csrc	0x800,a5
    937c:	0000e637          	lui	a2,0xe
    9380:	0000c537          	lui	a0,0xc
    9384:	40060613          	addi	a2,a2,1024 # e400 <lwip_cyclic_timers+0x3a8>
    9388:	28300593          	li	a1,643
    938c:	51c50513          	addi	a0,a0,1308 # c51c <_read+0x1dc>
    9390:	51b010ef          	jal	ra,b0aa <iprintf>
    9394:	a001                	j	9394 <xQueueGiveMutexRecursive+0x26>
    9396:	00852903          	lw	s2,8(a0)
    939a:	842a                	mv	s0,a0
    939c:	0be010ef          	jal	ra,a45a <xTaskGetCurrentTaskHandle>
    93a0:	4481                	li	s1,0
    93a2:	00a91d63          	bne	s2,a0,93bc <xQueueGiveMutexRecursive+0x4e>
    93a6:	445c                	lw	a5,12(s0)
    93a8:	4485                	li	s1,1
    93aa:	17fd                	addi	a5,a5,-1
    93ac:	c45c                	sw	a5,12(s0)
    93ae:	e799                	bnez	a5,93bc <xQueueGiveMutexRecursive+0x4e>
    93b0:	4681                	li	a3,0
    93b2:	4601                	li	a2,0
    93b4:	4581                	li	a1,0
    93b6:	8522                	mv	a0,s0
    93b8:	de9ff0ef          	jal	ra,91a0 <xQueueGenericSend>
    93bc:	8526                	mv	a0,s1
    93be:	974f706f          	j	532 <__riscv_restore_0>

000093c2 <xQueueGenericSendFromISR>:
    93c2:	932f72ef          	jal	t0,4f4 <__riscv_save_4>
    93c6:	1141                	addi	sp,sp,-16
    93c8:	e115                	bnez	a0,93ec <xQueueGenericSendFromISR+0x2a>
    93ca:	08800793          	li	a5,136
    93ce:	8007b073          	csrc	0x800,a5
    93d2:	0000e637          	lui	a2,0xe
    93d6:	0000c537          	lui	a0,0xc
    93da:	40060613          	addi	a2,a2,1024 # e400 <lwip_cyclic_timers+0x3a8>
    93de:	40200593          	li	a1,1026
    93e2:	51c50513          	addi	a0,a0,1308 # c51c <_read+0x1dc>
    93e6:	4c5010ef          	jal	ra,b0aa <iprintf>
    93ea:	a001                	j	93ea <xQueueGenericSendFromISR+0x28>
    93ec:	842a                	mv	s0,a0
    93ee:	89b2                	mv	s3,a2
    93f0:	e585                	bnez	a1,9418 <xQueueGenericSendFromISR+0x56>
    93f2:	413c                	lw	a5,64(a0)
    93f4:	c395                	beqz	a5,9418 <xQueueGenericSendFromISR+0x56>
    93f6:	08800793          	li	a5,136
    93fa:	8007b073          	csrc	0x800,a5
    93fe:	0000e637          	lui	a2,0xe
    9402:	0000c537          	lui	a0,0xc
    9406:	40060613          	addi	a2,a2,1024 # e400 <lwip_cyclic_timers+0x3a8>
    940a:	40300593          	li	a1,1027
    940e:	51c50513          	addi	a0,a0,1308 # c51c <_read+0x1dc>
    9412:	499010ef          	jal	ra,b0aa <iprintf>
    9416:	a001                	j	9416 <xQueueGenericSendFromISR+0x54>
    9418:	4789                	li	a5,2
    941a:	02f69763          	bne	a3,a5,9448 <xQueueGenericSendFromISR+0x86>
    941e:	5c58                	lw	a4,60(s0)
    9420:	4785                	li	a5,1
    9422:	02f70363          	beq	a4,a5,9448 <xQueueGenericSendFromISR+0x86>
    9426:	08800793          	li	a5,136
    942a:	8007b073          	csrc	0x800,a5
    942e:	0000e637          	lui	a2,0xe
    9432:	0000c537          	lui	a0,0xc
    9436:	40060613          	addi	a2,a2,1024 # e400 <lwip_cyclic_timers+0x3a8>
    943a:	40400593          	li	a1,1028
    943e:	51c50513          	addi	a0,a0,1308 # c51c <_read+0x1dc>
    9442:	469010ef          	jal	ra,b0aa <iprintf>
    9446:	a001                	j	9446 <xQueueGenericSendFromISR+0x84>
    9448:	c636                	sw	a3,12(sp)
    944a:	c42e                	sw	a1,8(sp)
    944c:	a6dff0ef          	jal	ra,8eb8 <xPortSetInterruptMask>
    9450:	5c18                	lw	a4,56(s0)
    9452:	5c5c                	lw	a5,60(s0)
    9454:	8a2a                	mv	s4,a0
    9456:	45a2                	lw	a1,8(sp)
    9458:	46b2                	lw	a3,12(sp)
    945a:	00f76663          	bltu	a4,a5,9466 <xQueueGenericSendFromISR+0xa4>
    945e:	4789                	li	a5,2
    9460:	4481                	li	s1,0
    9462:	02f69363          	bne	a3,a5,9488 <xQueueGenericSendFromISR+0xc6>
    9466:	04544483          	lbu	s1,69(s0)
    946a:	5c1c                	lw	a5,56(s0)
    946c:	8636                	mv	a2,a3
    946e:	8522                	mv	a0,s0
    9470:	01849913          	slli	s2,s1,0x18
    9474:	af1ff0ef          	jal	ra,8f64 <prvCopyDataToQueue>
    9478:	41895913          	srai	s2,s2,0x18
    947c:	57fd                	li	a5,-1
    947e:	02f91763          	bne	s2,a5,94ac <xQueueGenericSendFromISR+0xea>
    9482:	505c                	lw	a5,36(s0)
    9484:	eb89                	bnez	a5,9496 <xQueueGenericSendFromISR+0xd4>
    9486:	4485                	li	s1,1
    9488:	8552                	mv	a0,s4
    948a:	a37ff0ef          	jal	ra,8ec0 <vPortClearInterruptMask>
    948e:	8526                	mv	a0,s1
    9490:	0141                	addi	sp,sp,16
    9492:	896f706f          	j	528 <__riscv_restore_4>
    9496:	02440513          	addi	a0,s0,36
    949a:	617000ef          	jal	ra,a2b0 <xTaskRemoveFromEventList>
    949e:	d565                	beqz	a0,9486 <xQueueGenericSendFromISR+0xc4>
    94a0:	fe0983e3          	beqz	s3,9486 <xQueueGenericSendFromISR+0xc4>
    94a4:	4785                	li	a5,1
    94a6:	00f9a023          	sw	a5,0(s3)
    94aa:	bff1                	j	9486 <xQueueGenericSendFromISR+0xc4>
    94ac:	07f00793          	li	a5,127
    94b0:	02f91363          	bne	s2,a5,94d6 <xQueueGenericSendFromISR+0x114>
    94b4:	08800793          	li	a5,136
    94b8:	8007b073          	csrc	0x800,a5
    94bc:	0000e637          	lui	a2,0xe
    94c0:	0000c537          	lui	a0,0xc
    94c4:	40060613          	addi	a2,a2,1024 # e400 <lwip_cyclic_timers+0x3a8>
    94c8:	48d00593          	li	a1,1165
    94cc:	51c50513          	addi	a0,a0,1308 # c51c <_read+0x1dc>
    94d0:	3db010ef          	jal	ra,b0aa <iprintf>
    94d4:	a001                	j	94d4 <xQueueGenericSendFromISR+0x112>
    94d6:	0485                	addi	s1,s1,1
    94d8:	04e2                	slli	s1,s1,0x18
    94da:	84e1                	srai	s1,s1,0x18
    94dc:	049402a3          	sb	s1,69(s0)
    94e0:	b75d                	j	9486 <xQueueGenericSendFromISR+0xc4>

000094e2 <xQueueGiveFromISR>:
    94e2:	82cf72ef          	jal	t0,50e <__riscv_save_0>
    94e6:	e115                	bnez	a0,950a <xQueueGiveFromISR+0x28>
    94e8:	08800793          	li	a5,136
    94ec:	8007b073          	csrc	0x800,a5
    94f0:	0000e637          	lui	a2,0xe
    94f4:	0000c537          	lui	a0,0xc
    94f8:	40060613          	addi	a2,a2,1024 # e400 <lwip_cyclic_timers+0x3a8>
    94fc:	4ad00593          	li	a1,1197
    9500:	51c50513          	addi	a0,a0,1308 # c51c <_read+0x1dc>
    9504:	3a7010ef          	jal	ra,b0aa <iprintf>
    9508:	a001                	j	9508 <xQueueGiveFromISR+0x26>
    950a:	413c                	lw	a5,64(a0)
    950c:	842a                	mv	s0,a0
    950e:	c395                	beqz	a5,9532 <xQueueGiveFromISR+0x50>
    9510:	08800793          	li	a5,136
    9514:	8007b073          	csrc	0x800,a5
    9518:	0000e637          	lui	a2,0xe
    951c:	0000c537          	lui	a0,0xc
    9520:	40060613          	addi	a2,a2,1024 # e400 <lwip_cyclic_timers+0x3a8>
    9524:	4b100593          	li	a1,1201
    9528:	51c50513          	addi	a0,a0,1308 # c51c <_read+0x1dc>
    952c:	37f010ef          	jal	ra,b0aa <iprintf>
    9530:	a001                	j	9530 <xQueueGiveFromISR+0x4e>
    9532:	411c                	lw	a5,0(a0)
    9534:	84ae                	mv	s1,a1
    9536:	e785                	bnez	a5,955e <xQueueGiveFromISR+0x7c>
    9538:	451c                	lw	a5,8(a0)
    953a:	c395                	beqz	a5,955e <xQueueGiveFromISR+0x7c>
    953c:	08800793          	li	a5,136
    9540:	8007b073          	csrc	0x800,a5
    9544:	0000e637          	lui	a2,0xe
    9548:	0000c537          	lui	a0,0xc
    954c:	40060613          	addi	a2,a2,1024 # e400 <lwip_cyclic_timers+0x3a8>
    9550:	4b600593          	li	a1,1206
    9554:	51c50513          	addi	a0,a0,1308 # c51c <_read+0x1dc>
    9558:	353010ef          	jal	ra,b0aa <iprintf>
    955c:	a001                	j	955c <xQueueGiveFromISR+0x7a>
    955e:	95bff0ef          	jal	ra,8eb8 <xPortSetInterruptMask>
    9562:	5c18                	lw	a4,56(s0)
    9564:	5c5c                	lw	a5,60(s0)
    9566:	892a                	mv	s2,a0
    9568:	06f77963          	bgeu	a4,a5,95da <xQueueGiveFromISR+0xf8>
    956c:	04544783          	lbu	a5,69(s0)
    9570:	0705                	addi	a4,a4,1
    9572:	dc18                	sw	a4,56(s0)
    9574:	01879693          	slli	a3,a5,0x18
    9578:	86e1                	srai	a3,a3,0x18
    957a:	577d                	li	a4,-1
    957c:	02e69463          	bne	a3,a4,95a4 <xQueueGiveFromISR+0xc2>
    9580:	505c                	lw	a5,36(s0)
    9582:	eb81                	bnez	a5,9592 <xQueueGiveFromISR+0xb0>
    9584:	4405                	li	s0,1
    9586:	854a                	mv	a0,s2
    9588:	939ff0ef          	jal	ra,8ec0 <vPortClearInterruptMask>
    958c:	8522                	mv	a0,s0
    958e:	fa5f606f          	j	532 <__riscv_restore_0>
    9592:	02440513          	addi	a0,s0,36
    9596:	51b000ef          	jal	ra,a2b0 <xTaskRemoveFromEventList>
    959a:	d56d                	beqz	a0,9584 <xQueueGiveFromISR+0xa2>
    959c:	d4e5                	beqz	s1,9584 <xQueueGiveFromISR+0xa2>
    959e:	4785                	li	a5,1
    95a0:	c09c                	sw	a5,0(s1)
    95a2:	b7cd                	j	9584 <xQueueGiveFromISR+0xa2>
    95a4:	07f00713          	li	a4,127
    95a8:	02e69363          	bne	a3,a4,95ce <xQueueGiveFromISR+0xec>
    95ac:	08800793          	li	a5,136
    95b0:	8007b073          	csrc	0x800,a5
    95b4:	0000e637          	lui	a2,0xe
    95b8:	0000c537          	lui	a0,0xc
    95bc:	40060613          	addi	a2,a2,1024 # e400 <lwip_cyclic_timers+0x3a8>
    95c0:	53500593          	li	a1,1333
    95c4:	51c50513          	addi	a0,a0,1308 # c51c <_read+0x1dc>
    95c8:	2e3010ef          	jal	ra,b0aa <iprintf>
    95cc:	a001                	j	95cc <xQueueGiveFromISR+0xea>
    95ce:	0785                	addi	a5,a5,1
    95d0:	07e2                	slli	a5,a5,0x18
    95d2:	87e1                	srai	a5,a5,0x18
    95d4:	04f402a3          	sb	a5,69(s0)
    95d8:	b775                	j	9584 <xQueueGiveFromISR+0xa2>
    95da:	4401                	li	s0,0
    95dc:	b76d                	j	9586 <xQueueGiveFromISR+0xa4>

000095de <xQueueReceive>:
    95de:	f09f62ef          	jal	t0,4e6 <__riscv_save_10>
    95e2:	1101                	addi	sp,sp,-32
    95e4:	c632                	sw	a2,12(sp)
    95e6:	e115                	bnez	a0,960a <xQueueReceive+0x2c>
    95e8:	08800793          	li	a5,136
    95ec:	8007b073          	csrc	0x800,a5
    95f0:	0000e637          	lui	a2,0xe
    95f4:	0000c537          	lui	a0,0xc
    95f8:	40060613          	addi	a2,a2,1024 # e400 <lwip_cyclic_timers+0x3a8>
    95fc:	55100593          	li	a1,1361
    9600:	51c50513          	addi	a0,a0,1308 # c51c <_read+0x1dc>
    9604:	2a7010ef          	jal	ra,b0aa <iprintf>
    9608:	a001                	j	9608 <xQueueReceive+0x2a>
    960a:	842a                	mv	s0,a0
    960c:	89ae                	mv	s3,a1
    960e:	e585                	bnez	a1,9636 <xQueueReceive+0x58>
    9610:	413c                	lw	a5,64(a0)
    9612:	c395                	beqz	a5,9636 <xQueueReceive+0x58>
    9614:	08800793          	li	a5,136
    9618:	8007b073          	csrc	0x800,a5
    961c:	0000e637          	lui	a2,0xe
    9620:	0000c537          	lui	a0,0xc
    9624:	40060613          	addi	a2,a2,1024 # e400 <lwip_cyclic_timers+0x3a8>
    9628:	55500593          	li	a1,1365
    962c:	51c50513          	addi	a0,a0,1308 # c51c <_read+0x1dc>
    9630:	27b010ef          	jal	ra,b0aa <iprintf>
    9634:	a001                	j	9634 <xQueueReceive+0x56>
    9636:	62b000ef          	jal	ra,a460 <xTaskGetSchedulerState>
    963a:	e50d                	bnez	a0,9664 <xQueueReceive+0x86>
    963c:	47b2                	lw	a5,12(sp)
    963e:	4901                	li	s2,0
    9640:	c39d                	beqz	a5,9666 <xQueueReceive+0x88>
    9642:	08800793          	li	a5,136
    9646:	8007b073          	csrc	0x800,a5
    964a:	0000e637          	lui	a2,0xe
    964e:	0000c537          	lui	a0,0xc
    9652:	40060613          	addi	a2,a2,1024 # e400 <lwip_cyclic_timers+0x3a8>
    9656:	55a00593          	li	a1,1370
    965a:	51c50513          	addi	a0,a0,1308 # c51c <_read+0x1dc>
    965e:	24d010ef          	jal	ra,b0aa <iprintf>
    9662:	a001                	j	9662 <xQueueReceive+0x84>
    9664:	4901                	li	s2,0
    9666:	5a7d                	li	s4,-1
    9668:	02440a93          	addi	s5,s0,36
    966c:	e000eb37          	lui	s6,0xe000e
    9670:	6b91                	lui	s7,0x4
    9672:	a895                	j	96e6 <xQueueReceive+0x108>
    9674:	47b2                	lw	a5,12(sp)
    9676:	e789                	bnez	a5,9680 <xQueueReceive+0xa2>
    9678:	803ff0ef          	jal	ra,8e7a <vPortExitCritical>
    967c:	4501                	li	a0,0
    967e:	a869                	j	9718 <xQueueReceive+0x13a>
    9680:	00091563          	bnez	s2,968a <xQueueReceive+0xac>
    9684:	0828                	addi	a0,sp,24
    9686:	505000ef          	jal	ra,a38a <vTaskInternalSetTimeOutState>
    968a:	ff0ff0ef          	jal	ra,8e7a <vPortExitCritical>
    968e:	792000ef          	jal	ra,9e20 <vTaskSuspendAll>
    9692:	fd4ff0ef          	jal	ra,8e66 <vPortEnterCritical>
    9696:	04444783          	lbu	a5,68(s0)
    969a:	07e2                	slli	a5,a5,0x18
    969c:	87e1                	srai	a5,a5,0x18
    969e:	01479463          	bne	a5,s4,96a6 <xQueueReceive+0xc8>
    96a2:	04040223          	sb	zero,68(s0)
    96a6:	04544783          	lbu	a5,69(s0)
    96aa:	07e2                	slli	a5,a5,0x18
    96ac:	87e1                	srai	a5,a5,0x18
    96ae:	01479463          	bne	a5,s4,96b6 <xQueueReceive+0xd8>
    96b2:	040402a3          	sb	zero,69(s0)
    96b6:	fc4ff0ef          	jal	ra,8e7a <vPortExitCritical>
    96ba:	006c                	addi	a1,sp,12
    96bc:	0828                	addi	a0,sp,24
    96be:	4db000ef          	jal	ra,a398 <xTaskCheckForTimeOut>
    96c2:	e525                	bnez	a0,972a <xQueueReceive+0x14c>
    96c4:	8522                	mv	a0,s0
    96c6:	881ff0ef          	jal	ra,8f46 <prvIsQueueEmpty>
    96ca:	c931                	beqz	a0,971e <xQueueReceive+0x140>
    96cc:	45b2                	lw	a1,12(sp)
    96ce:	8556                	mv	a0,s5
    96d0:	32f000ef          	jal	ra,a1fe <vTaskPlaceOnEventList>
    96d4:	8522                	mv	a0,s0
    96d6:	929ff0ef          	jal	ra,8ffe <prvUnlockQueue>
    96da:	0d7000ef          	jal	ra,9fb0 <xTaskResumeAll>
    96de:	e119                	bnez	a0,96e4 <xQueueReceive+0x106>
    96e0:	217b2023          	sw	s7,512(s6) # e000e200 <__freertos_irq_stack_top+0xbfffe200>
    96e4:	4905                	li	s2,1
    96e6:	f80ff0ef          	jal	ra,8e66 <vPortEnterCritical>
    96ea:	5c04                	lw	s1,56(s0)
    96ec:	d4c1                	beqz	s1,9674 <xQueueReceive+0x96>
    96ee:	85ce                	mv	a1,s3
    96f0:	8522                	mv	a0,s0
    96f2:	14fd                	addi	s1,s1,-1
    96f4:	8e3ff0ef          	jal	ra,8fd6 <prvCopyDataFromQueue>
    96f8:	dc04                	sw	s1,56(s0)
    96fa:	481c                	lw	a5,16(s0)
    96fc:	cb99                	beqz	a5,9712 <xQueueReceive+0x134>
    96fe:	01040513          	addi	a0,s0,16
    9702:	3af000ef          	jal	ra,a2b0 <xTaskRemoveFromEventList>
    9706:	c511                	beqz	a0,9712 <xQueueReceive+0x134>
    9708:	e000e7b7          	lui	a5,0xe000e
    970c:	6711                	lui	a4,0x4
    970e:	20e7a023          	sw	a4,512(a5) # e000e200 <__freertos_irq_stack_top+0xbfffe200>
    9712:	f68ff0ef          	jal	ra,8e7a <vPortExitCritical>
    9716:	4505                	li	a0,1
    9718:	6105                	addi	sp,sp,32
    971a:	e05f606f          	j	51e <__riscv_restore_10>
    971e:	8522                	mv	a0,s0
    9720:	8dfff0ef          	jal	ra,8ffe <prvUnlockQueue>
    9724:	08d000ef          	jal	ra,9fb0 <xTaskResumeAll>
    9728:	bf75                	j	96e4 <xQueueReceive+0x106>
    972a:	8522                	mv	a0,s0
    972c:	8d3ff0ef          	jal	ra,8ffe <prvUnlockQueue>
    9730:	081000ef          	jal	ra,9fb0 <xTaskResumeAll>
    9734:	8522                	mv	a0,s0
    9736:	811ff0ef          	jal	ra,8f46 <prvIsQueueEmpty>
    973a:	d54d                	beqz	a0,96e4 <xQueueReceive+0x106>
    973c:	b781                	j	967c <xQueueReceive+0x9e>

0000973e <xQueueSemaphoreTake>:
    973e:	db7f62ef          	jal	t0,4f4 <__riscv_save_4>
    9742:	1101                	addi	sp,sp,-32
    9744:	c62e                	sw	a1,12(sp)
    9746:	e115                	bnez	a0,976a <xQueueSemaphoreTake+0x2c>
    9748:	08800793          	li	a5,136
    974c:	8007b073          	csrc	0x800,a5
    9750:	0000e637          	lui	a2,0xe
    9754:	0000c537          	lui	a0,0xc
    9758:	40060613          	addi	a2,a2,1024 # e400 <lwip_cyclic_timers+0x3a8>
    975c:	5e300593          	li	a1,1507
    9760:	51c50513          	addi	a0,a0,1308 # c51c <_read+0x1dc>
    9764:	147010ef          	jal	ra,b0aa <iprintf>
    9768:	a001                	j	9768 <xQueueSemaphoreTake+0x2a>
    976a:	413c                	lw	a5,64(a0)
    976c:	842a                	mv	s0,a0
    976e:	c395                	beqz	a5,9792 <xQueueSemaphoreTake+0x54>
    9770:	08800793          	li	a5,136
    9774:	8007b073          	csrc	0x800,a5
    9778:	0000e637          	lui	a2,0xe
    977c:	0000c537          	lui	a0,0xc
    9780:	40060613          	addi	a2,a2,1024 # e400 <lwip_cyclic_timers+0x3a8>
    9784:	5e700593          	li	a1,1511
    9788:	51c50513          	addi	a0,a0,1308 # c51c <_read+0x1dc>
    978c:	11f010ef          	jal	ra,b0aa <iprintf>
    9790:	a001                	j	9790 <xQueueSemaphoreTake+0x52>
    9792:	4cf000ef          	jal	ra,a460 <xTaskGetSchedulerState>
    9796:	e505                	bnez	a0,97be <xQueueSemaphoreTake+0x80>
    9798:	47b2                	lw	a5,12(sp)
    979a:	c395                	beqz	a5,97be <xQueueSemaphoreTake+0x80>
    979c:	08800793          	li	a5,136
    97a0:	8007b073          	csrc	0x800,a5
    97a4:	0000e637          	lui	a2,0xe
    97a8:	0000c537          	lui	a0,0xc
    97ac:	40060613          	addi	a2,a2,1024 # e400 <lwip_cyclic_timers+0x3a8>
    97b0:	5ec00593          	li	a1,1516
    97b4:	51c50513          	addi	a0,a0,1308 # c51c <_read+0x1dc>
    97b8:	0f3010ef          	jal	ra,b0aa <iprintf>
    97bc:	a001                	j	97bc <xQueueSemaphoreTake+0x7e>
    97be:	4481                	li	s1,0
    97c0:	4901                	li	s2,0
    97c2:	59fd                	li	s3,-1
    97c4:	02440a13          	addi	s4,s0,36
    97c8:	e000eab7          	lui	s5,0xe000e
    97cc:	6b11                	lui	s6,0x4
    97ce:	a065                	j	9876 <xQueueSemaphoreTake+0x138>
    97d0:	47b2                	lw	a5,12(sp)
    97d2:	e795                	bnez	a5,97fe <xQueueSemaphoreTake+0xc0>
    97d4:	c095                	beqz	s1,97f8 <xQueueSemaphoreTake+0xba>
    97d6:	08800793          	li	a5,136
    97da:	8007b073          	csrc	0x800,a5
    97de:	0000e637          	lui	a2,0xe
    97e2:	0000c537          	lui	a0,0xc
    97e6:	40060613          	addi	a2,a2,1024 # e400 <lwip_cyclic_timers+0x3a8>
    97ea:	63200593          	li	a1,1586
    97ee:	51c50513          	addi	a0,a0,1308 # c51c <_read+0x1dc>
    97f2:	0b9010ef          	jal	ra,b0aa <iprintf>
    97f6:	a001                	j	97f6 <xQueueSemaphoreTake+0xb8>
    97f8:	e82ff0ef          	jal	ra,8e7a <vPortExitCritical>
    97fc:	a07d                	j	98aa <xQueueSemaphoreTake+0x16c>
    97fe:	00091563          	bnez	s2,9808 <xQueueSemaphoreTake+0xca>
    9802:	0828                	addi	a0,sp,24
    9804:	387000ef          	jal	ra,a38a <vTaskInternalSetTimeOutState>
    9808:	e72ff0ef          	jal	ra,8e7a <vPortExitCritical>
    980c:	2d11                	jal	9e20 <vTaskSuspendAll>
    980e:	e58ff0ef          	jal	ra,8e66 <vPortEnterCritical>
    9812:	04444783          	lbu	a5,68(s0)
    9816:	07e2                	slli	a5,a5,0x18
    9818:	87e1                	srai	a5,a5,0x18
    981a:	01379463          	bne	a5,s3,9822 <xQueueSemaphoreTake+0xe4>
    981e:	04040223          	sb	zero,68(s0)
    9822:	04544783          	lbu	a5,69(s0)
    9826:	07e2                	slli	a5,a5,0x18
    9828:	87e1                	srai	a5,a5,0x18
    982a:	01379463          	bne	a5,s3,9832 <xQueueSemaphoreTake+0xf4>
    982e:	040402a3          	sb	zero,69(s0)
    9832:	e48ff0ef          	jal	ra,8e7a <vPortExitCritical>
    9836:	006c                	addi	a1,sp,12
    9838:	0828                	addi	a0,sp,24
    983a:	35f000ef          	jal	ra,a398 <xTaskCheckForTimeOut>
    983e:	e141                	bnez	a0,98be <xQueueSemaphoreTake+0x180>
    9840:	8522                	mv	a0,s0
    9842:	f04ff0ef          	jal	ra,8f46 <prvIsQueueEmpty>
    9846:	c535                	beqz	a0,98b2 <xQueueSemaphoreTake+0x174>
    9848:	401c                	lw	a5,0(s0)
    984a:	eb89                	bnez	a5,985c <xQueueSemaphoreTake+0x11e>
    984c:	e1aff0ef          	jal	ra,8e66 <vPortEnterCritical>
    9850:	4408                	lw	a0,8(s0)
    9852:	423000ef          	jal	ra,a474 <xTaskPriorityInherit>
    9856:	84aa                	mv	s1,a0
    9858:	e22ff0ef          	jal	ra,8e7a <vPortExitCritical>
    985c:	45b2                	lw	a1,12(sp)
    985e:	8552                	mv	a0,s4
    9860:	19f000ef          	jal	ra,a1fe <vTaskPlaceOnEventList>
    9864:	8522                	mv	a0,s0
    9866:	f98ff0ef          	jal	ra,8ffe <prvUnlockQueue>
    986a:	746000ef          	jal	ra,9fb0 <xTaskResumeAll>
    986e:	e119                	bnez	a0,9874 <xQueueSemaphoreTake+0x136>
    9870:	216aa023          	sw	s6,512(s5) # e000e200 <__freertos_irq_stack_top+0xbfffe200>
    9874:	4905                	li	s2,1
    9876:	df0ff0ef          	jal	ra,8e66 <vPortEnterCritical>
    987a:	5c1c                	lw	a5,56(s0)
    987c:	dbb1                	beqz	a5,97d0 <xQueueSemaphoreTake+0x92>
    987e:	17fd                	addi	a5,a5,-1
    9880:	dc1c                	sw	a5,56(s0)
    9882:	401c                	lw	a5,0(s0)
    9884:	e781                	bnez	a5,988c <xQueueSemaphoreTake+0x14e>
    9886:	62d000ef          	jal	ra,a6b2 <pvTaskIncrementMutexHeldCount>
    988a:	c408                	sw	a0,8(s0)
    988c:	481c                	lw	a5,16(s0)
    988e:	cb99                	beqz	a5,98a4 <xQueueSemaphoreTake+0x166>
    9890:	01040513          	addi	a0,s0,16
    9894:	21d000ef          	jal	ra,a2b0 <xTaskRemoveFromEventList>
    9898:	c511                	beqz	a0,98a4 <xQueueSemaphoreTake+0x166>
    989a:	e000e7b7          	lui	a5,0xe000e
    989e:	6711                	lui	a4,0x4
    98a0:	20e7a023          	sw	a4,512(a5) # e000e200 <__freertos_irq_stack_top+0xbfffe200>
    98a4:	dd6ff0ef          	jal	ra,8e7a <vPortExitCritical>
    98a8:	4485                	li	s1,1
    98aa:	8526                	mv	a0,s1
    98ac:	6105                	addi	sp,sp,32
    98ae:	c7bf606f          	j	528 <__riscv_restore_4>
    98b2:	8522                	mv	a0,s0
    98b4:	f4aff0ef          	jal	ra,8ffe <prvUnlockQueue>
    98b8:	6f8000ef          	jal	ra,9fb0 <xTaskResumeAll>
    98bc:	bf65                	j	9874 <xQueueSemaphoreTake+0x136>
    98be:	8522                	mv	a0,s0
    98c0:	f3eff0ef          	jal	ra,8ffe <prvUnlockQueue>
    98c4:	6ec000ef          	jal	ra,9fb0 <xTaskResumeAll>
    98c8:	8522                	mv	a0,s0
    98ca:	e7cff0ef          	jal	ra,8f46 <prvIsQueueEmpty>
    98ce:	d15d                	beqz	a0,9874 <xQueueSemaphoreTake+0x136>
    98d0:	dce9                	beqz	s1,98aa <xQueueSemaphoreTake+0x16c>
    98d2:	d94ff0ef          	jal	ra,8e66 <vPortEnterCritical>
    98d6:	505c                	lw	a5,36(s0)
    98d8:	4581                	li	a1,0
    98da:	c789                	beqz	a5,98e4 <xQueueSemaphoreTake+0x1a6>
    98dc:	581c                	lw	a5,48(s0)
    98de:	45bd                	li	a1,15
    98e0:	439c                	lw	a5,0(a5)
    98e2:	8d9d                	sub	a1,a1,a5
    98e4:	4408                	lw	a0,8(s0)
    98e6:	4481                	li	s1,0
    98e8:	4f1000ef          	jal	ra,a5d8 <vTaskPriorityDisinheritAfterTimeout>
    98ec:	d8eff0ef          	jal	ra,8e7a <vPortExitCritical>
    98f0:	bf6d                	j	98aa <xQueueSemaphoreTake+0x16c>

000098f2 <xQueueTakeMutexRecursive>:
    98f2:	c1df62ef          	jal	t0,50e <__riscv_save_0>
    98f6:	1141                	addi	sp,sp,-16
    98f8:	e115                	bnez	a0,991c <xQueueTakeMutexRecursive+0x2a>
    98fa:	08800793          	li	a5,136
    98fe:	8007b073          	csrc	0x800,a5
    9902:	0000e637          	lui	a2,0xe
    9906:	0000c537          	lui	a0,0xc
    990a:	40060613          	addi	a2,a2,1024 # e400 <lwip_cyclic_timers+0x3a8>
    990e:	2bb00593          	li	a1,699
    9912:	51c50513          	addi	a0,a0,1308 # c51c <_read+0x1dc>
    9916:	794010ef          	jal	ra,b0aa <iprintf>
    991a:	a001                	j	991a <xQueueTakeMutexRecursive+0x28>
    991c:	4504                	lw	s1,8(a0)
    991e:	c62e                	sw	a1,12(sp)
    9920:	842a                	mv	s0,a0
    9922:	339000ef          	jal	ra,a45a <xTaskGetCurrentTaskHandle>
    9926:	45b2                	lw	a1,12(sp)
    9928:	00a49963          	bne	s1,a0,993a <xQueueTakeMutexRecursive+0x48>
    992c:	445c                	lw	a5,12(s0)
    992e:	4505                	li	a0,1
    9930:	0785                	addi	a5,a5,1
    9932:	c45c                	sw	a5,12(s0)
    9934:	0141                	addi	sp,sp,16
    9936:	bfdf606f          	j	532 <__riscv_restore_0>
    993a:	8522                	mv	a0,s0
    993c:	e03ff0ef          	jal	ra,973e <xQueueSemaphoreTake>
    9940:	d975                	beqz	a0,9934 <xQueueTakeMutexRecursive+0x42>
    9942:	445c                	lw	a5,12(s0)
    9944:	0785                	addi	a5,a5,1
    9946:	c45c                	sw	a5,12(s0)
    9948:	b7f5                	j	9934 <xQueueTakeMutexRecursive+0x42>

0000994a <vQueueAddToRegistry>:
    994a:	e50d                	bnez	a0,9974 <vQueueAddToRegistry+0x2a>
    994c:	bc3f62ef          	jal	t0,50e <__riscv_save_0>
    9950:	08800793          	li	a5,136
    9954:	8007b073          	csrc	0x800,a5
    9958:	0000e637          	lui	a2,0xe
    995c:	6585                	lui	a1,0x1
    995e:	0000c537          	lui	a0,0xc
    9962:	40060613          	addi	a2,a2,1024 # e400 <lwip_cyclic_timers+0x3a8>
    9966:	ac858593          	addi	a1,a1,-1336 # ac8 <ETH_DMARxDescChainInit+0x30>
    996a:	51c50513          	addi	a0,a0,1308 # c51c <_read+0x1dc>
    996e:	73c010ef          	jal	ra,b0aa <iprintf>
    9972:	a001                	j	9972 <vQueueAddToRegistry+0x28>
    9974:	cd9d                	beqz	a1,99b2 <vQueueAddToRegistry+0x68>
    9976:	20008637          	lui	a2,0x20008
    997a:	ab860693          	addi	a3,a2,-1352 # 20007ab8 <xQueueRegistry>
    997e:	4781                	li	a5,0
    9980:	4701                	li	a4,0
    9982:	ab860613          	addi	a2,a2,-1352
    9986:	4821                	li	a6,8
    9988:	0046a883          	lw	a7,4(a3)
    998c:	00a89863          	bne	a7,a0,999c <vQueueAddToRegistry+0x52>
    9990:	00371793          	slli	a5,a4,0x3
    9994:	97b2                	add	a5,a5,a2
    9996:	c38c                	sw	a1,0(a5)
    9998:	c3c8                	sw	a0,4(a5)
    999a:	a821                	j	99b2 <vQueueAddToRegistry+0x68>
    999c:	e791                	bnez	a5,99a8 <vQueueAddToRegistry+0x5e>
    999e:	0006a883          	lw	a7,0(a3)
    99a2:	00089363          	bnez	a7,99a8 <vQueueAddToRegistry+0x5e>
    99a6:	87b6                	mv	a5,a3
    99a8:	0705                	addi	a4,a4,1
    99aa:	06a1                	addi	a3,a3,8
    99ac:	fd071ee3          	bne	a4,a6,9988 <vQueueAddToRegistry+0x3e>
    99b0:	f3fd                	bnez	a5,9996 <vQueueAddToRegistry+0x4c>
    99b2:	8082                	ret

000099b4 <vQueueWaitForMessageRestricted>:
    99b4:	b5bf62ef          	jal	t0,50e <__riscv_save_0>
    99b8:	1141                	addi	sp,sp,-16
    99ba:	842a                	mv	s0,a0
    99bc:	c62e                	sw	a1,12(sp)
    99be:	c432                	sw	a2,8(sp)
    99c0:	ca6ff0ef          	jal	ra,8e66 <vPortEnterCritical>
    99c4:	04444783          	lbu	a5,68(s0)
    99c8:	577d                	li	a4,-1
    99ca:	4622                	lw	a2,8(sp)
    99cc:	07e2                	slli	a5,a5,0x18
    99ce:	87e1                	srai	a5,a5,0x18
    99d0:	45b2                	lw	a1,12(sp)
    99d2:	00e79463          	bne	a5,a4,99da <vQueueWaitForMessageRestricted+0x26>
    99d6:	04040223          	sb	zero,68(s0)
    99da:	04544783          	lbu	a5,69(s0)
    99de:	577d                	li	a4,-1
    99e0:	07e2                	slli	a5,a5,0x18
    99e2:	87e1                	srai	a5,a5,0x18
    99e4:	00e79463          	bne	a5,a4,99ec <vQueueWaitForMessageRestricted+0x38>
    99e8:	040402a3          	sb	zero,69(s0)
    99ec:	c632                	sw	a2,12(sp)
    99ee:	c42e                	sw	a1,8(sp)
    99f0:	c8aff0ef          	jal	ra,8e7a <vPortExitCritical>
    99f4:	5c1c                	lw	a5,56(s0)
    99f6:	45a2                	lw	a1,8(sp)
    99f8:	4632                	lw	a2,12(sp)
    99fa:	e789                	bnez	a5,9a04 <vQueueWaitForMessageRestricted+0x50>
    99fc:	02440513          	addi	a0,s0,36
    9a00:	041000ef          	jal	ra,a240 <vTaskPlaceOnEventListRestricted>
    9a04:	8522                	mv	a0,s0
    9a06:	df8ff0ef          	jal	ra,8ffe <prvUnlockQueue>
    9a0a:	0141                	addi	sp,sp,16
    9a0c:	b27f606f          	j	532 <__riscv_restore_0>

00009a10 <prvResetNextTaskUnblockTime>:
    9a10:	96018713          	addi	a4,gp,-1696 # 200001e0 <pxDelayedTaskList>
    9a14:	431c                	lw	a5,0(a4)
    9a16:	4394                	lw	a3,0(a5)
    9a18:	98018793          	addi	a5,gp,-1664 # 20000200 <xNextTaskUnblockTime>
    9a1c:	e681                	bnez	a3,9a24 <prvResetNextTaskUnblockTime+0x14>
    9a1e:	577d                	li	a4,-1
    9a20:	c398                	sw	a4,0(a5)
    9a22:	8082                	ret
    9a24:	4318                	lw	a4,0(a4)
    9a26:	4758                	lw	a4,12(a4)
    9a28:	4318                	lw	a4,0(a4)
    9a2a:	bfdd                	j	9a20 <prvResetNextTaskUnblockTime+0x10>

00009a2c <prvAddCurrentTaskToDelayedList>:
    9a2c:	ac9f62ef          	jal	t0,4f4 <__riscv_save_4>
    9a30:	95c18493          	addi	s1,gp,-1700 # 200001dc <pxCurrentTCB>
    9a34:	9901a983          	lw	s3,-1648(gp) # 20000210 <xTickCount>
    9a38:	842a                	mv	s0,a0
    9a3a:	409c                	lw	a5,0(s1)
    9a3c:	4088                	lw	a0,0(s1)
    9a3e:	1141                	addi	sp,sp,-16
    9a40:	040788a3          	sb	zero,81(a5)
    9a44:	0511                	addi	a0,a0,4
    9a46:	c62e                	sw	a1,12(sp)
    9a48:	cdeff0ef          	jal	ra,8f26 <uxListRemove>
    9a4c:	577d                	li	a4,-1
    9a4e:	95c18793          	addi	a5,gp,-1700 # 200001dc <pxCurrentTCB>
    9a52:	45b2                	lw	a1,12(sp)
    9a54:	02e41c63          	bne	s0,a4,9a8c <prvAddCurrentTaskToDelayedList+0x60>
    9a58:	c995                	beqz	a1,9a8c <prvAddCurrentTaskToDelayedList+0x60>
    9a5a:	200087b7          	lui	a5,0x20008
    9a5e:	c6078793          	addi	a5,a5,-928 # 20007c60 <xSuspendedTaskList>
    9a62:	4094                	lw	a3,0(s1)
    9a64:	43d8                	lw	a4,4(a5)
    9a66:	c698                	sw	a4,8(a3)
    9a68:	4710                	lw	a2,8(a4)
    9a6a:	4094                	lw	a3,0(s1)
    9a6c:	c6d0                	sw	a2,12(a3)
    9a6e:	4094                	lw	a3,0(s1)
    9a70:	4710                	lw	a2,8(a4)
    9a72:	0691                	addi	a3,a3,4
    9a74:	c254                	sw	a3,4(a2)
    9a76:	4094                	lw	a3,0(s1)
    9a78:	0691                	addi	a3,a3,4
    9a7a:	c714                	sw	a3,8(a4)
    9a7c:	4098                	lw	a4,0(s1)
    9a7e:	cb5c                	sw	a5,20(a4)
    9a80:	4398                	lw	a4,0(a5)
    9a82:	0705                	addi	a4,a4,1
    9a84:	c398                	sw	a4,0(a5)
    9a86:	0141                	addi	sp,sp,16
    9a88:	aa1f606f          	j	528 <__riscv_restore_4>
    9a8c:	4398                	lw	a4,0(a5)
    9a8e:	944e                	add	s0,s0,s3
    9a90:	c340                	sw	s0,4(a4)
    9a92:	01347963          	bgeu	s0,s3,9aa4 <prvAddCurrentTaskToDelayedList+0x78>
    9a96:	9641a503          	lw	a0,-1692(gp) # 200001e4 <pxOverflowDelayedTaskList>
    9a9a:	438c                	lw	a1,0(a5)
    9a9c:	0591                	addi	a1,a1,4
    9a9e:	c5aff0ef          	jal	ra,8ef8 <vListInsert>
    9aa2:	b7d5                	j	9a86 <prvAddCurrentTaskToDelayedList+0x5a>
    9aa4:	9601a503          	lw	a0,-1696(gp) # 200001e0 <pxDelayedTaskList>
    9aa8:	438c                	lw	a1,0(a5)
    9aaa:	0591                	addi	a1,a1,4
    9aac:	c4cff0ef          	jal	ra,8ef8 <vListInsert>
    9ab0:	98018793          	addi	a5,gp,-1664 # 20000200 <xNextTaskUnblockTime>
    9ab4:	4398                	lw	a4,0(a5)
    9ab6:	fce478e3          	bgeu	s0,a4,9a86 <prvAddCurrentTaskToDelayedList+0x5a>
    9aba:	c380                	sw	s0,0(a5)
    9abc:	b7e9                	j	9a86 <prvAddCurrentTaskToDelayedList+0x5a>

00009abe <prvIdleTask>:
    9abe:	a37f62ef          	jal	t0,4f4 <__riscv_save_4>
    9ac2:	20008437          	lui	s0,0x20008
    9ac6:	c7440413          	addi	s0,s0,-908 # 20007c74 <xTasksWaitingTermination>
    9aca:	96c18493          	addi	s1,gp,-1684 # 200001ec <uxDeletedTasksWaitingCleanUp>
    9ace:	409c                	lw	a5,0(s1)
    9ad0:	dfed                	beqz	a5,9aca <prvIdleTask+0xc>
    9ad2:	b94ff0ef          	jal	ra,8e66 <vPortEnterCritical>
    9ad6:	445c                	lw	a5,12(s0)
    9ad8:	00c7a903          	lw	s2,12(a5)
    9adc:	00490513          	addi	a0,s2,4
    9ae0:	c46ff0ef          	jal	ra,8f26 <uxListRemove>
    9ae4:	96818713          	addi	a4,gp,-1688 # 200001e8 <uxCurrentNumberOfTasks>
    9ae8:	431c                	lw	a5,0(a4)
    9aea:	17fd                	addi	a5,a5,-1
    9aec:	c31c                	sw	a5,0(a4)
    9aee:	409c                	lw	a5,0(s1)
    9af0:	17fd                	addi	a5,a5,-1
    9af2:	c09c                	sw	a5,0(s1)
    9af4:	b86ff0ef          	jal	ra,8e7a <vPortExitCritical>
    9af8:	03092503          	lw	a0,48(s2)
    9afc:	9d4ff0ef          	jal	ra,8cd0 <vPortFree>
    9b00:	854a                	mv	a0,s2
    9b02:	9ceff0ef          	jal	ra,8cd0 <vPortFree>
    9b06:	b7d1                	j	9aca <prvIdleTask+0xc>

00009b08 <xTaskCreate>:
    9b08:	9dff62ef          	jal	t0,4e6 <__riscv_save_10>
    9b0c:	00261913          	slli	s2,a2,0x2
    9b10:	8aaa                	mv	s5,a0
    9b12:	854a                	mv	a0,s2
    9b14:	8a2e                	mv	s4,a1
    9b16:	8b36                	mv	s6,a3
    9b18:	8bba                	mv	s7,a4
    9b1a:	89be                	mv	s3,a5
    9b1c:	850ff0ef          	jal	ra,8b6c <pvPortMalloc>
    9b20:	c11d                	beqz	a0,9b46 <xTaskCreate+0x3e>
    9b22:	84aa                	mv	s1,a0
    9b24:	05400513          	li	a0,84
    9b28:	844ff0ef          	jal	ra,8b6c <pvPortMalloc>
    9b2c:	842a                	mv	s0,a0
    9b2e:	c909                	beqz	a0,9b40 <xTaskCreate+0x38>
    9b30:	d904                	sw	s1,48(a0)
    9b32:	4781                	li	a5,0
    9b34:	46c1                	li	a3,16
    9b36:	000a1a63          	bnez	s4,9b4a <xTaskCreate+0x42>
    9b3a:	02050a23          	sb	zero,52(a0)
    9b3e:	a025                	j	9b66 <xTaskCreate+0x5e>
    9b40:	8526                	mv	a0,s1
    9b42:	98eff0ef          	jal	ra,8cd0 <vPortFree>
    9b46:	557d                	li	a0,-1
    9b48:	a269                	j	9cd2 <xTaskCreate+0x1ca>
    9b4a:	00fa0733          	add	a4,s4,a5
    9b4e:	00070703          	lb	a4,0(a4) # 4000 <memp_free+0xc>
    9b52:	00f40633          	add	a2,s0,a5
    9b56:	02e60a23          	sb	a4,52(a2)
    9b5a:	c701                	beqz	a4,9b62 <xTaskCreate+0x5a>
    9b5c:	0785                	addi	a5,a5,1
    9b5e:	fed796e3          	bne	a5,a3,9b4a <xTaskCreate+0x42>
    9b62:	040401a3          	sb	zero,67(s0)
    9b66:	47b9                	li	a5,14
    9b68:	0377f363          	bgeu	a5,s7,9b8e <xTaskCreate+0x86>
    9b6c:	08800793          	li	a5,136
    9b70:	8007b073          	csrc	0x800,a5
    9b74:	0000e637          	lui	a2,0xe
    9b78:	0000c537          	lui	a0,0xc
    9b7c:	41460613          	addi	a2,a2,1044 # e414 <lwip_cyclic_timers+0x3bc>
    9b80:	39700593          	li	a1,919
    9b84:	51c50513          	addi	a0,a0,1308 # c51c <_read+0x1dc>
    9b88:	522010ef          	jal	ra,b0aa <iprintf>
    9b8c:	a001                	j	9b8c <xTaskCreate+0x84>
    9b8e:	00440a13          	addi	s4,s0,4
    9b92:	8552                	mv	a0,s4
    9b94:	03742623          	sw	s7,44(s0)
    9b98:	05742223          	sw	s7,68(s0)
    9b9c:	04042423          	sw	zero,72(s0)
    9ba0:	b3aff0ef          	jal	ra,8eda <vListInitialiseItem>
    9ba4:	01840513          	addi	a0,s0,24
    9ba8:	b32ff0ef          	jal	ra,8eda <vListInitialiseItem>
    9bac:	473d                	li	a4,15
    9bae:	ffc90513          	addi	a0,s2,-4
    9bb2:	41770733          	sub	a4,a4,s7
    9bb6:	9526                	add	a0,a0,s1
    9bb8:	c800                	sw	s0,16(s0)
    9bba:	cc18                	sw	a4,24(s0)
    9bbc:	d040                	sw	s0,36(s0)
    9bbe:	04040623          	sb	zero,76(s0)
    9bc2:	040406a3          	sb	zero,77(s0)
    9bc6:	04040723          	sb	zero,78(s0)
    9bca:	040407a3          	sb	zero,79(s0)
    9bce:	04040823          	sb	zero,80(s0)
    9bd2:	040408a3          	sb	zero,81(s0)
    9bd6:	865a                	mv	a2,s6
    9bd8:	85d6                	mv	a1,s5
    9bda:	9941                	andi	a0,a0,-16
    9bdc:	825f60ef          	jal	ra,400 <pxPortInitialiseStack>
    9be0:	c008                	sw	a0,0(s0)
    9be2:	00098463          	beqz	s3,9bea <xTaskCreate+0xe2>
    9be6:	0089a023          	sw	s0,0(s3)
    9bea:	a7cff0ef          	jal	ra,8e66 <vPortEnterCritical>
    9bee:	96818793          	addi	a5,gp,-1688 # 200001e8 <uxCurrentNumberOfTasks>
    9bf2:	4398                	lw	a4,0(a5)
    9bf4:	200089b7          	lui	s3,0x20008
    9bf8:	0705                	addi	a4,a4,1
    9bfa:	c398                	sw	a4,0(a5)
    9bfc:	95c18713          	addi	a4,gp,-1700 # 200001dc <pxCurrentTCB>
    9c00:	4318                	lw	a4,0(a4)
    9c02:	95c18493          	addi	s1,gp,-1700 # 200001dc <pxCurrentTCB>
    9c06:	af898913          	addi	s2,s3,-1288 # 20007af8 <pxReadyTasksLists>
    9c0a:	0c071663          	bnez	a4,9cd6 <xTaskCreate+0x1ce>
    9c0e:	c080                	sw	s0,0(s1)
    9c10:	4398                	lw	a4,0(a5)
    9c12:	4785                	li	a5,1
    9c14:	06f71263          	bne	a4,a5,9c78 <xTaskCreate+0x170>
    9c18:	af898993          	addi	s3,s3,-1288
    9c1c:	12c90a93          	addi	s5,s2,300
    9c20:	854e                	mv	a0,s3
    9c22:	09d1                	addi	s3,s3,20
    9c24:	aa2ff0ef          	jal	ra,8ec6 <vListInitialise>
    9c28:	ff3a9ce3          	bne	s5,s3,9c20 <xTaskCreate+0x118>
    9c2c:	20008537          	lui	a0,0x20008
    9c30:	c2450a93          	addi	s5,a0,-988 # 20007c24 <xDelayedTaskList1>
    9c34:	c2450513          	addi	a0,a0,-988
    9c38:	a8eff0ef          	jal	ra,8ec6 <vListInitialise>
    9c3c:	20008537          	lui	a0,0x20008
    9c40:	c3850993          	addi	s3,a0,-968 # 20007c38 <xDelayedTaskList2>
    9c44:	c3850513          	addi	a0,a0,-968
    9c48:	a7eff0ef          	jal	ra,8ec6 <vListInitialise>
    9c4c:	20008537          	lui	a0,0x20008
    9c50:	c4c50513          	addi	a0,a0,-948 # 20007c4c <xPendingReadyList>
    9c54:	a72ff0ef          	jal	ra,8ec6 <vListInitialise>
    9c58:	20008537          	lui	a0,0x20008
    9c5c:	c7450513          	addi	a0,a0,-908 # 20007c74 <xTasksWaitingTermination>
    9c60:	a66ff0ef          	jal	ra,8ec6 <vListInitialise>
    9c64:	20008537          	lui	a0,0x20008
    9c68:	c6050513          	addi	a0,a0,-928 # 20007c60 <xSuspendedTaskList>
    9c6c:	a5aff0ef          	jal	ra,8ec6 <vListInitialise>
    9c70:	9751a023          	sw	s5,-1696(gp) # 200001e0 <pxDelayedTaskList>
    9c74:	9731a223          	sw	s3,-1692(gp) # 200001e4 <pxOverflowDelayedTaskList>
    9c78:	97418793          	addi	a5,gp,-1676 # 200001f4 <uxTaskNumber>
    9c7c:	4398                	lw	a4,0(a5)
    9c7e:	0705                	addi	a4,a4,1
    9c80:	c398                	sw	a4,0(a5)
    9c82:	97818713          	addi	a4,gp,-1672 # 200001f8 <uxTopReadyPriority>
    9c86:	545c                	lw	a5,44(s0)
    9c88:	4314                	lw	a3,0(a4)
    9c8a:	00f6f363          	bgeu	a3,a5,9c90 <xTaskCreate+0x188>
    9c8e:	c31c                	sw	a5,0(a4)
    9c90:	4751                	li	a4,20
    9c92:	02e787b3          	mul	a5,a5,a4
    9c96:	97ca                	add	a5,a5,s2
    9c98:	43d8                	lw	a4,4(a5)
    9c9a:	4714                	lw	a3,8(a4)
    9c9c:	c418                	sw	a4,8(s0)
    9c9e:	c454                	sw	a3,12(s0)
    9ca0:	4714                	lw	a3,8(a4)
    9ca2:	0146a223          	sw	s4,4(a3)
    9ca6:	01472423          	sw	s4,8(a4)
    9caa:	4398                	lw	a4,0(a5)
    9cac:	c85c                	sw	a5,20(s0)
    9cae:	0705                	addi	a4,a4,1
    9cb0:	c398                	sw	a4,0(a5)
    9cb2:	9c8ff0ef          	jal	ra,8e7a <vPortExitCritical>
    9cb6:	98c1a783          	lw	a5,-1652(gp) # 2000020c <xSchedulerRunning>
    9cba:	4505                	li	a0,1
    9cbc:	cb99                	beqz	a5,9cd2 <xTaskCreate+0x1ca>
    9cbe:	409c                	lw	a5,0(s1)
    9cc0:	57d8                	lw	a4,44(a5)
    9cc2:	545c                	lw	a5,44(s0)
    9cc4:	00f77763          	bgeu	a4,a5,9cd2 <xTaskCreate+0x1ca>
    9cc8:	e000e7b7          	lui	a5,0xe000e
    9ccc:	6711                	lui	a4,0x4
    9cce:	20e7a023          	sw	a4,512(a5) # e000e200 <__freertos_irq_stack_top+0xbfffe200>
    9cd2:	84df606f          	j	51e <__riscv_restore_10>
    9cd6:	98c1a783          	lw	a5,-1652(gp) # 2000020c <xSchedulerRunning>
    9cda:	ffd9                	bnez	a5,9c78 <xTaskCreate+0x170>
    9cdc:	409c                	lw	a5,0(s1)
    9cde:	57d8                	lw	a4,44(a5)
    9ce0:	545c                	lw	a5,44(s0)
    9ce2:	f8e7ebe3          	bltu	a5,a4,9c78 <xTaskCreate+0x170>
    9ce6:	c080                	sw	s0,0(s1)
    9ce8:	bf41                	j	9c78 <xTaskCreate+0x170>

00009cea <vTaskDelete>:
    9cea:	825f62ef          	jal	t0,50e <__riscv_save_0>
    9cee:	842a                	mv	s0,a0
    9cf0:	976ff0ef          	jal	ra,8e66 <vPortEnterCritical>
    9cf4:	95c18493          	addi	s1,gp,-1700 # 200001dc <pxCurrentTCB>
    9cf8:	e011                	bnez	s0,9cfc <vTaskDelete+0x12>
    9cfa:	4080                	lw	s0,0(s1)
    9cfc:	00440913          	addi	s2,s0,4
    9d00:	854a                	mv	a0,s2
    9d02:	a24ff0ef          	jal	ra,8f26 <uxListRemove>
    9d06:	541c                	lw	a5,40(s0)
    9d08:	c789                	beqz	a5,9d12 <vTaskDelete+0x28>
    9d0a:	01840513          	addi	a0,s0,24
    9d0e:	a18ff0ef          	jal	ra,8f26 <uxListRemove>
    9d12:	97418793          	addi	a5,gp,-1676 # 200001f4 <uxTaskNumber>
    9d16:	4398                	lw	a4,0(a5)
    9d18:	0705                	addi	a4,a4,1
    9d1a:	c398                	sw	a4,0(a5)
    9d1c:	409c                	lw	a5,0(s1)
    9d1e:	06879363          	bne	a5,s0,9d84 <vTaskDelete+0x9a>
    9d22:	20008537          	lui	a0,0x20008
    9d26:	85ca                	mv	a1,s2
    9d28:	c7450513          	addi	a0,a0,-908 # 20007c74 <xTasksWaitingTermination>
    9d2c:	9b4ff0ef          	jal	ra,8ee0 <vListInsertEnd>
    9d30:	96c18793          	addi	a5,gp,-1684 # 200001ec <uxDeletedTasksWaitingCleanUp>
    9d34:	4398                	lw	a4,0(a5)
    9d36:	0705                	addi	a4,a4,1
    9d38:	c398                	sw	a4,0(a5)
    9d3a:	940ff0ef          	jal	ra,8e7a <vPortExitCritical>
    9d3e:	409c                	lw	a5,0(s1)
    9d40:	00878863          	beq	a5,s0,9d50 <vTaskDelete+0x66>
    9d44:	5808                	lw	a0,48(s0)
    9d46:	f8bfe0ef          	jal	ra,8cd0 <vPortFree>
    9d4a:	8522                	mv	a0,s0
    9d4c:	f85fe0ef          	jal	ra,8cd0 <vPortFree>
    9d50:	98c1a783          	lw	a5,-1652(gp) # 2000020c <xSchedulerRunning>
    9d54:	c7a9                	beqz	a5,9d9e <vTaskDelete+0xb4>
    9d56:	409c                	lw	a5,0(s1)
    9d58:	04879363          	bne	a5,s0,9d9e <vTaskDelete+0xb4>
    9d5c:	9701a783          	lw	a5,-1680(gp) # 200001f0 <uxSchedulerSuspended>
    9d60:	cb95                	beqz	a5,9d94 <vTaskDelete+0xaa>
    9d62:	08800793          	li	a5,136
    9d66:	8007b073          	csrc	0x800,a5
    9d6a:	0000e637          	lui	a2,0xe
    9d6e:	0000c537          	lui	a0,0xc
    9d72:	41460613          	addi	a2,a2,1044 # e414 <lwip_cyclic_timers+0x3bc>
    9d76:	4dc00593          	li	a1,1244
    9d7a:	51c50513          	addi	a0,a0,1308 # c51c <_read+0x1dc>
    9d7e:	32c010ef          	jal	ra,b0aa <iprintf>
    9d82:	a001                	j	9d82 <vTaskDelete+0x98>
    9d84:	96818793          	addi	a5,gp,-1688 # 200001e8 <uxCurrentNumberOfTasks>
    9d88:	4398                	lw	a4,0(a5)
    9d8a:	177d                	addi	a4,a4,-1
    9d8c:	c398                	sw	a4,0(a5)
    9d8e:	c83ff0ef          	jal	ra,9a10 <prvResetNextTaskUnblockTime>
    9d92:	b765                	j	9d3a <vTaskDelete+0x50>
    9d94:	e000e7b7          	lui	a5,0xe000e
    9d98:	6711                	lui	a4,0x4
    9d9a:	20e7a023          	sw	a4,512(a5) # e000e200 <__freertos_irq_stack_top+0xbfffe200>
    9d9e:	f94f606f          	j	532 <__riscv_restore_0>

00009da2 <vTaskStartScheduler>:
    9da2:	f6cf62ef          	jal	t0,50e <__riscv_save_0>
    9da6:	0000e5b7          	lui	a1,0xe
    9daa:	0000a537          	lui	a0,0xa
    9dae:	97c18793          	addi	a5,gp,-1668 # 200001fc <xIdleTaskHandle>
    9db2:	4701                	li	a4,0
    9db4:	4681                	li	a3,0
    9db6:	20000613          	li	a2,512
    9dba:	42858593          	addi	a1,a1,1064 # e428 <lwip_cyclic_timers+0x3d0>
    9dbe:	abe50513          	addi	a0,a0,-1346 # 9abe <prvIdleTask>
    9dc2:	d47ff0ef          	jal	ra,9b08 <xTaskCreate>
    9dc6:	4405                	li	s0,1
    9dc8:	02851763          	bne	a0,s0,9df6 <vTaskStartScheduler+0x54>
    9dcc:	3b1000ef          	jal	ra,a97c <xTimerCreateTimerTask>
    9dd0:	02851363          	bne	a0,s0,9df6 <vTaskStartScheduler+0x54>
    9dd4:	08800793          	li	a5,136
    9dd8:	8007b073          	csrc	0x800,a5
    9ddc:	577d                	li	a4,-1
    9dde:	98e1a023          	sw	a4,-1664(gp) # 20000200 <xNextTaskUnblockTime>
    9de2:	98a1a623          	sw	a0,-1652(gp) # 2000020c <xSchedulerRunning>
    9de6:	9801a823          	sw	zero,-1648(gp) # 20000210 <xTickCount>
    9dea:	fbdfe0ef          	jal	ra,8da6 <xPortStartScheduler>
    9dee:	8141a783          	lw	a5,-2028(gp) # 20000094 <uxTopUsedPriority>
    9df2:	f40f606f          	j	532 <__riscv_restore_0>
    9df6:	57fd                	li	a5,-1
    9df8:	fef51be3          	bne	a0,a5,9dee <vTaskStartScheduler+0x4c>
    9dfc:	08800793          	li	a5,136
    9e00:	8007b073          	csrc	0x800,a5
    9e04:	0000e637          	lui	a2,0xe
    9e08:	6585                	lui	a1,0x1
    9e0a:	0000c537          	lui	a0,0xc
    9e0e:	41460613          	addi	a2,a2,1044 # e414 <lwip_cyclic_timers+0x3bc>
    9e12:	84058593          	addi	a1,a1,-1984 # 840 <__stack_size+0x40>
    9e16:	51c50513          	addi	a0,a0,1308 # c51c <_read+0x1dc>
    9e1a:	290010ef          	jal	ra,b0aa <iprintf>
    9e1e:	a001                	j	9e1e <vTaskStartScheduler+0x7c>

00009e20 <vTaskSuspendAll>:
    9e20:	97018793          	addi	a5,gp,-1680 # 200001f0 <uxSchedulerSuspended>
    9e24:	4398                	lw	a4,0(a5)
    9e26:	0705                	addi	a4,a4,1
    9e28:	c398                	sw	a4,0(a5)
    9e2a:	8082                	ret

00009e2c <xTaskGetTickCount>:
    9e2c:	9901a503          	lw	a0,-1648(gp) # 20000210 <xTickCount>
    9e30:	8082                	ret

00009e32 <xTaskIncrementTick>:
    9e32:	9701a783          	lw	a5,-1680(gp) # 200001f0 <uxSchedulerSuspended>
    9e36:	16079663          	bnez	a5,9fa2 <xTaskIncrementTick+0x170>
    9e3a:	ed4f62ef          	jal	t0,50e <__riscv_save_0>
    9e3e:	99018793          	addi	a5,gp,-1648 # 20000210 <xTickCount>
    9e42:	4380                	lw	s0,0(a5)
    9e44:	0405                	addi	s0,s0,1
    9e46:	c380                	sw	s0,0(a5)
    9e48:	e429                	bnez	s0,9e92 <xTaskIncrementTick+0x60>
    9e4a:	96018793          	addi	a5,gp,-1696 # 200001e0 <pxDelayedTaskList>
    9e4e:	4398                	lw	a4,0(a5)
    9e50:	4318                	lw	a4,0(a4)
    9e52:	c31d                	beqz	a4,9e78 <xTaskIncrementTick+0x46>
    9e54:	08800793          	li	a5,136
    9e58:	8007b073          	csrc	0x800,a5
    9e5c:	0000e637          	lui	a2,0xe
    9e60:	6585                	lui	a1,0x1
    9e62:	0000c537          	lui	a0,0xc
    9e66:	41460613          	addi	a2,a2,1044 # e414 <lwip_cyclic_timers+0x3bc>
    9e6a:	ac758593          	addi	a1,a1,-1337 # ac7 <ETH_DMARxDescChainInit+0x2f>
    9e6e:	51c50513          	addi	a0,a0,1308 # c51c <_read+0x1dc>
    9e72:	238010ef          	jal	ra,b0aa <iprintf>
    9e76:	a001                	j	9e76 <xTaskIncrementTick+0x44>
    9e78:	96418713          	addi	a4,gp,-1692 # 200001e4 <pxOverflowDelayedTaskList>
    9e7c:	4394                	lw	a3,0(a5)
    9e7e:	4310                	lw	a2,0(a4)
    9e80:	c390                	sw	a2,0(a5)
    9e82:	c314                	sw	a3,0(a4)
    9e84:	98418793          	addi	a5,gp,-1660 # 20000204 <xNumOfOverflows>
    9e88:	4398                	lw	a4,0(a5)
    9e8a:	0705                	addi	a4,a4,1
    9e8c:	c398                	sw	a4,0(a5)
    9e8e:	b83ff0ef          	jal	ra,9a10 <prvResetNextTaskUnblockTime>
    9e92:	98018793          	addi	a5,gp,-1664 # 20000200 <xNextTaskUnblockTime>
    9e96:	439c                	lw	a5,0(a5)
    9e98:	20008737          	lui	a4,0x20008
    9e9c:	98018613          	addi	a2,gp,-1664 # 20000200 <xNextTaskUnblockTime>
    9ea0:	af870713          	addi	a4,a4,-1288 # 20007af8 <pxReadyTasksLists>
    9ea4:	95c18593          	addi	a1,gp,-1700 # 200001dc <pxCurrentTCB>
    9ea8:	4501                	li	a0,0
    9eaa:	02f47363          	bgeu	s0,a5,9ed0 <xTaskIncrementTick+0x9e>
    9eae:	419c                	lw	a5,0(a1)
    9eb0:	46d1                	li	a3,20
    9eb2:	57dc                	lw	a5,44(a5)
    9eb4:	02d787b3          	mul	a5,a5,a3
    9eb8:	973e                	add	a4,a4,a5
    9eba:	4318                	lw	a4,0(a4)
    9ebc:	4785                	li	a5,1
    9ebe:	00e7f363          	bgeu	a5,a4,9ec4 <xTaskIncrementTick+0x92>
    9ec2:	4505                	li	a0,1
    9ec4:	9941a783          	lw	a5,-1644(gp) # 20000214 <xYieldPending>
    9ec8:	c391                	beqz	a5,9ecc <xTaskIncrementTick+0x9a>
    9eca:	4505                	li	a0,1
    9ecc:	e66f606f          	j	532 <__riscv_restore_0>
    9ed0:	4f51                	li	t5,20
    9ed2:	96018793          	addi	a5,gp,-1696 # 200001e0 <pxDelayedTaskList>
    9ed6:	4394                	lw	a3,0(a5)
    9ed8:	4294                	lw	a3,0(a3)
    9eda:	e681                	bnez	a3,9ee2 <xTaskIncrementTick+0xb0>
    9edc:	57fd                	li	a5,-1
    9ede:	c21c                	sw	a5,0(a2)
    9ee0:	b7f9                	j	9eae <xTaskIncrementTick+0x7c>
    9ee2:	439c                	lw	a5,0(a5)
    9ee4:	47dc                	lw	a5,12(a5)
    9ee6:	47dc                	lw	a5,12(a5)
    9ee8:	43d4                	lw	a3,4(a5)
    9eea:	00d47463          	bgeu	s0,a3,9ef2 <xTaskIncrementTick+0xc0>
    9eee:	c214                	sw	a3,0(a2)
    9ef0:	bf7d                	j	9eae <xTaskIncrementTick+0x7c>
    9ef2:	0087a883          	lw	a7,8(a5)
    9ef6:	00c7a803          	lw	a6,12(a5)
    9efa:	4bd4                	lw	a3,20(a5)
    9efc:	00478313          	addi	t1,a5,4
    9f00:	0108a423          	sw	a6,8(a7)
    9f04:	01182223          	sw	a7,4(a6)
    9f08:	0046a883          	lw	a7,4(a3)
    9f0c:	00689463          	bne	a7,t1,9f14 <xTaskIncrementTick+0xe2>
    9f10:	0106a223          	sw	a6,4(a3)
    9f14:	0006a803          	lw	a6,0(a3)
    9f18:	0007aa23          	sw	zero,20(a5)
    9f1c:	187d                	addi	a6,a6,-1
    9f1e:	0106a023          	sw	a6,0(a3)
    9f22:	5794                	lw	a3,40(a5)
    9f24:	ca95                	beqz	a3,9f58 <xTaskIncrementTick+0x126>
    9f26:	01c7a803          	lw	a6,28(a5)
    9f2a:	0207a883          	lw	a7,32(a5)
    9f2e:	0046af83          	lw	t6,4(a3)
    9f32:	01182423          	sw	a7,8(a6)
    9f36:	0207a883          	lw	a7,32(a5)
    9f3a:	0108a223          	sw	a6,4(a7)
    9f3e:	01878813          	addi	a6,a5,24
    9f42:	010f9463          	bne	t6,a6,9f4a <xTaskIncrementTick+0x118>
    9f46:	0116a223          	sw	a7,4(a3)
    9f4a:	0006a803          	lw	a6,0(a3)
    9f4e:	0207a423          	sw	zero,40(a5)
    9f52:	187d                	addi	a6,a6,-1
    9f54:	0106a023          	sw	a6,0(a3)
    9f58:	97818693          	addi	a3,gp,-1672 # 200001f8 <uxTopReadyPriority>
    9f5c:	02c7a803          	lw	a6,44(a5)
    9f60:	0006a883          	lw	a7,0(a3)
    9f64:	0108f463          	bgeu	a7,a6,9f6c <xTaskIncrementTick+0x13a>
    9f68:	0106a023          	sw	a6,0(a3)
    9f6c:	03e806b3          	mul	a3,a6,t5
    9f70:	96ba                	add	a3,a3,a4
    9f72:	0046a883          	lw	a7,4(a3)
    9f76:	0088af83          	lw	t6,8(a7)
    9f7a:	0117a423          	sw	a7,8(a5)
    9f7e:	01f7a623          	sw	t6,12(a5)
    9f82:	0088af83          	lw	t6,8(a7)
    9f86:	006fa223          	sw	t1,4(t6)
    9f8a:	0068a423          	sw	t1,8(a7)
    9f8e:	cbd4                	sw	a3,20(a5)
    9f90:	429c                	lw	a5,0(a3)
    9f92:	0785                	addi	a5,a5,1
    9f94:	c29c                	sw	a5,0(a3)
    9f96:	419c                	lw	a5,0(a1)
    9f98:	57dc                	lw	a5,44(a5)
    9f9a:	f2f86ce3          	bltu	a6,a5,9ed2 <xTaskIncrementTick+0xa0>
    9f9e:	4505                	li	a0,1
    9fa0:	bf0d                	j	9ed2 <xTaskIncrementTick+0xa0>
    9fa2:	98818793          	addi	a5,gp,-1656 # 20000208 <xPendedTicks>
    9fa6:	4398                	lw	a4,0(a5)
    9fa8:	4501                	li	a0,0
    9faa:	0705                	addi	a4,a4,1
    9fac:	c398                	sw	a4,0(a5)
    9fae:	8082                	ret

00009fb0 <xTaskResumeAll>:
    9fb0:	d44f62ef          	jal	t0,4f4 <__riscv_save_4>
    9fb4:	97018413          	addi	s0,gp,-1680 # 200001f0 <uxSchedulerSuspended>
    9fb8:	401c                	lw	a5,0(s0)
    9fba:	1141                	addi	sp,sp,-16
    9fbc:	e39d                	bnez	a5,9fe2 <xTaskResumeAll+0x32>
    9fbe:	08800793          	li	a5,136
    9fc2:	8007b073          	csrc	0x800,a5
    9fc6:	0000e637          	lui	a2,0xe
    9fca:	6585                	lui	a1,0x1
    9fcc:	0000c537          	lui	a0,0xc
    9fd0:	41460613          	addi	a2,a2,1044 # e414 <lwip_cyclic_timers+0x3bc>
    9fd4:	8b358593          	addi	a1,a1,-1869 # 8b3 <__stack_size+0xb3>
    9fd8:	51c50513          	addi	a0,a0,1308 # c51c <_read+0x1dc>
    9fdc:	0ce010ef          	jal	ra,b0aa <iprintf>
    9fe0:	a001                	j	9fe0 <xTaskResumeAll+0x30>
    9fe2:	e85fe0ef          	jal	ra,8e66 <vPortEnterCritical>
    9fe6:	401c                	lw	a5,0(s0)
    9fe8:	17fd                	addi	a5,a5,-1
    9fea:	c01c                	sw	a5,0(s0)
    9fec:	401c                	lw	a5,0(s0)
    9fee:	cb89                	beqz	a5,a000 <xTaskResumeAll+0x50>
    9ff0:	4501                	li	a0,0
    9ff2:	c62a                	sw	a0,12(sp)
    9ff4:	e87fe0ef          	jal	ra,8e7a <vPortExitCritical>
    9ff8:	4532                	lw	a0,12(sp)
    9ffa:	0141                	addi	sp,sp,16
    9ffc:	d2cf606f          	j	528 <__riscv_restore_4>
    a000:	9681a783          	lw	a5,-1688(gp) # 200001e8 <uxCurrentNumberOfTasks>
    a004:	d7f5                	beqz	a5,9ff0 <xTaskResumeAll+0x40>
    a006:	200086b7          	lui	a3,0x20008
    a00a:	20008537          	lui	a0,0x20008
    a00e:	4781                	li	a5,0
    a010:	c4c68693          	addi	a3,a3,-948 # 20007c4c <xPendingReadyList>
    a014:	af850513          	addi	a0,a0,-1288 # 20007af8 <pxReadyTasksLists>
    a018:	48d1                	li	a7,20
    a01a:	4e85                	li	t4,1
    a01c:	a859                	j	a0b2 <xTaskResumeAll+0x102>
    a01e:	46dc                	lw	a5,12(a3)
    a020:	47dc                	lw	a5,12(a5)
    a022:	4fcc                	lw	a1,28(a5)
    a024:	5390                	lw	a2,32(a5)
    a026:	5798                	lw	a4,40(a5)
    a028:	c590                	sw	a2,8(a1)
    a02a:	0207a803          	lw	a6,32(a5)
    a02e:	00b82223          	sw	a1,4(a6)
    a032:	00472803          	lw	a6,4(a4)
    a036:	01878593          	addi	a1,a5,24
    a03a:	00b81363          	bne	a6,a1,a040 <xTaskResumeAll+0x90>
    a03e:	c350                	sw	a2,4(a4)
    a040:	4310                	lw	a2,0(a4)
    a042:	0207a423          	sw	zero,40(a5)
    a046:	167d                	addi	a2,a2,-1
    a048:	c310                	sw	a2,0(a4)
    a04a:	478c                	lw	a1,8(a5)
    a04c:	47d0                	lw	a2,12(a5)
    a04e:	4bd8                	lw	a4,20(a5)
    a050:	00478813          	addi	a6,a5,4
    a054:	c590                	sw	a2,8(a1)
    a056:	c24c                	sw	a1,4(a2)
    a058:	434c                	lw	a1,4(a4)
    a05a:	01059363          	bne	a1,a6,a060 <xTaskResumeAll+0xb0>
    a05e:	c350                	sw	a2,4(a4)
    a060:	4310                	lw	a2,0(a4)
    a062:	0007aa23          	sw	zero,20(a5)
    a066:	167d                	addi	a2,a2,-1
    a068:	c310                	sw	a2,0(a4)
    a06a:	97818713          	addi	a4,gp,-1672 # 200001f8 <uxTopReadyPriority>
    a06e:	57d0                	lw	a2,44(a5)
    a070:	430c                	lw	a1,0(a4)
    a072:	00c5f363          	bgeu	a1,a2,a078 <xTaskResumeAll+0xc8>
    a076:	c310                	sw	a2,0(a4)
    a078:	03160733          	mul	a4,a2,a7
    a07c:	972a                	add	a4,a4,a0
    a07e:	434c                	lw	a1,4(a4)
    a080:	0085af83          	lw	t6,8(a1)
    a084:	c78c                	sw	a1,8(a5)
    a086:	01f7a623          	sw	t6,12(a5)
    a08a:	0085af83          	lw	t6,8(a1)
    a08e:	010fa223          	sw	a6,4(t6)
    a092:	0105a423          	sw	a6,8(a1)
    a096:	430c                	lw	a1,0(a4)
    a098:	cbd8                	sw	a4,20(a5)
    a09a:	0585                	addi	a1,a1,1
    a09c:	c30c                	sw	a1,0(a4)
    a09e:	95c18713          	addi	a4,gp,-1700 # 200001dc <pxCurrentTCB>
    a0a2:	4318                	lw	a4,0(a4)
    a0a4:	5758                	lw	a4,44(a4)
    a0a6:	00e66663          	bltu	a2,a4,a0b2 <xTaskResumeAll+0x102>
    a0aa:	99418713          	addi	a4,gp,-1644 # 20000214 <xYieldPending>
    a0ae:	01d72023          	sw	t4,0(a4)
    a0b2:	4298                	lw	a4,0(a3)
    a0b4:	f72d                	bnez	a4,a01e <xTaskResumeAll+0x6e>
    a0b6:	c399                	beqz	a5,a0bc <xTaskResumeAll+0x10c>
    a0b8:	959ff0ef          	jal	ra,9a10 <prvResetNextTaskUnblockTime>
    a0bc:	98818713          	addi	a4,gp,-1656 # 20000208 <xPendedTicks>
    a0c0:	4304                	lw	s1,0(a4)
    a0c2:	98818413          	addi	s0,gp,-1656 # 20000208 <xPendedTicks>
    a0c6:	cc89                	beqz	s1,a0e0 <xTaskResumeAll+0x130>
    a0c8:	4985                	li	s3,1
    a0ca:	d69ff0ef          	jal	ra,9e32 <xTaskIncrementTick>
    a0ce:	c509                	beqz	a0,a0d8 <xTaskResumeAll+0x128>
    a0d0:	99418793          	addi	a5,gp,-1644 # 20000214 <xYieldPending>
    a0d4:	0137a023          	sw	s3,0(a5)
    a0d8:	14fd                	addi	s1,s1,-1
    a0da:	f8e5                	bnez	s1,a0ca <xTaskResumeAll+0x11a>
    a0dc:	00042023          	sw	zero,0(s0)
    a0e0:	9941a783          	lw	a5,-1644(gp) # 20000214 <xYieldPending>
    a0e4:	f00786e3          	beqz	a5,9ff0 <xTaskResumeAll+0x40>
    a0e8:	e000e7b7          	lui	a5,0xe000e
    a0ec:	6711                	lui	a4,0x4
    a0ee:	20e7a023          	sw	a4,512(a5) # e000e200 <__freertos_irq_stack_top+0xbfffe200>
    a0f2:	4505                	li	a0,1
    a0f4:	bdfd                	j	9ff2 <xTaskResumeAll+0x42>

0000a0f6 <vTaskDelay>:
    a0f6:	e519                	bnez	a0,a104 <vTaskDelay+0xe>
    a0f8:	e000e7b7          	lui	a5,0xe000e
    a0fc:	6711                	lui	a4,0x4
    a0fe:	20e7a023          	sw	a4,512(a5) # e000e200 <__freertos_irq_stack_top+0xbfffe200>
    a102:	8082                	ret
    a104:	c0af62ef          	jal	t0,50e <__riscv_save_0>
    a108:	9701a783          	lw	a5,-1680(gp) # 200001f0 <uxSchedulerSuspended>
    a10c:	1141                	addi	sp,sp,-16
    a10e:	c395                	beqz	a5,a132 <vTaskDelay+0x3c>
    a110:	08800793          	li	a5,136
    a114:	8007b073          	csrc	0x800,a5
    a118:	0000e637          	lui	a2,0xe
    a11c:	0000c537          	lui	a0,0xc
    a120:	41460613          	addi	a2,a2,1044 # e414 <lwip_cyclic_timers+0x3bc>
    a124:	54900593          	li	a1,1353
    a128:	51c50513          	addi	a0,a0,1308 # c51c <_read+0x1dc>
    a12c:	77f000ef          	jal	ra,b0aa <iprintf>
    a130:	a001                	j	a130 <vTaskDelay+0x3a>
    a132:	c62a                	sw	a0,12(sp)
    a134:	cedff0ef          	jal	ra,9e20 <vTaskSuspendAll>
    a138:	4532                	lw	a0,12(sp)
    a13a:	4581                	li	a1,0
    a13c:	8f1ff0ef          	jal	ra,9a2c <prvAddCurrentTaskToDelayedList>
    a140:	e71ff0ef          	jal	ra,9fb0 <xTaskResumeAll>
    a144:	e511                	bnez	a0,a150 <vTaskDelay+0x5a>
    a146:	e000e7b7          	lui	a5,0xe000e
    a14a:	6711                	lui	a4,0x4
    a14c:	20e7a023          	sw	a4,512(a5) # e000e200 <__freertos_irq_stack_top+0xbfffe200>
    a150:	0141                	addi	sp,sp,16
    a152:	be0f606f          	j	532 <__riscv_restore_0>

0000a156 <vTaskSwitchContext>:
    a156:	9701a703          	lw	a4,-1680(gp) # 200001f0 <uxSchedulerSuspended>
    a15a:	99418793          	addi	a5,gp,-1644 # 20000214 <xYieldPending>
    a15e:	c701                	beqz	a4,a166 <vTaskSwitchContext+0x10>
    a160:	4705                	li	a4,1
    a162:	c398                	sw	a4,0(a5)
    a164:	8082                	ret
    a166:	ba8f62ef          	jal	t0,50e <__riscv_save_0>
    a16a:	0007a023          	sw	zero,0(a5)
    a16e:	95c18793          	addi	a5,gp,-1700 # 200001dc <pxCurrentTCB>
    a172:	4398                	lw	a4,0(a5)
    a174:	439c                	lw	a5,0(a5)
    a176:	95c18413          	addi	s0,gp,-1700 # 200001dc <pxCurrentTCB>
    a17a:	4318                	lw	a4,0(a4)
    a17c:	5b9c                	lw	a5,48(a5)
    a17e:	00e7e863          	bltu	a5,a4,a18e <vTaskSwitchContext+0x38>
    a182:	4008                	lw	a0,0(s0)
    a184:	400c                	lw	a1,0(s0)
    a186:	03458593          	addi	a1,a1,52
    a18a:	c8af60ef          	jal	ra,614 <vApplicationStackOverflowHook>
    a18e:	97818713          	addi	a4,gp,-1672 # 200001f8 <uxTopReadyPriority>
    a192:	4318                	lw	a4,0(a4)
    a194:	97818613          	addi	a2,gp,-1672 # 200001f8 <uxTopReadyPriority>
    a198:	200087b7          	lui	a5,0x20008
    a19c:	af878793          	addi	a5,a5,-1288 # 20007af8 <pxReadyTasksLists>
    a1a0:	4851                	li	a6,20
    a1a2:	030706b3          	mul	a3,a4,a6
    a1a6:	00d785b3          	add	a1,a5,a3
    a1aa:	4188                	lw	a0,0(a1)
    a1ac:	c505                	beqz	a0,a1d4 <vTaskSwitchContext+0x7e>
    a1ae:	41c8                	lw	a0,4(a1)
    a1b0:	06a1                	addi	a3,a3,8
    a1b2:	96be                	add	a3,a3,a5
    a1b4:	4148                	lw	a0,4(a0)
    a1b6:	c1c8                	sw	a0,4(a1)
    a1b8:	00d51463          	bne	a0,a3,a1c0 <vTaskSwitchContext+0x6a>
    a1bc:	4154                	lw	a3,4(a0)
    a1be:	c1d4                	sw	a3,4(a1)
    a1c0:	46d1                	li	a3,20
    a1c2:	02d706b3          	mul	a3,a4,a3
    a1c6:	97b6                	add	a5,a5,a3
    a1c8:	43dc                	lw	a5,4(a5)
    a1ca:	47dc                	lw	a5,12(a5)
    a1cc:	c01c                	sw	a5,0(s0)
    a1ce:	c218                	sw	a4,0(a2)
    a1d0:	b62f606f          	j	532 <__riscv_restore_0>
    a1d4:	e31d                	bnez	a4,a1fa <vTaskSwitchContext+0xa4>
    a1d6:	08800793          	li	a5,136
    a1da:	8007b073          	csrc	0x800,a5
    a1de:	0000e637          	lui	a2,0xe
    a1e2:	6585                	lui	a1,0x1
    a1e4:	0000c537          	lui	a0,0xc
    a1e8:	41460613          	addi	a2,a2,1044 # e414 <lwip_cyclic_timers+0x3bc>
    a1ec:	c0258593          	addi	a1,a1,-1022 # c02 <GPIO_Init+0xa6>
    a1f0:	51c50513          	addi	a0,a0,1308 # c51c <_read+0x1dc>
    a1f4:	6b7000ef          	jal	ra,b0aa <iprintf>
    a1f8:	a001                	j	a1f8 <vTaskSwitchContext+0xa2>
    a1fa:	177d                	addi	a4,a4,-1
    a1fc:	b75d                	j	a1a2 <vTaskSwitchContext+0x4c>

0000a1fe <vTaskPlaceOnEventList>:
    a1fe:	b10f62ef          	jal	t0,50e <__riscv_save_0>
    a202:	e11d                	bnez	a0,a228 <vTaskPlaceOnEventList+0x2a>
    a204:	08800793          	li	a5,136
    a208:	8007b073          	csrc	0x800,a5
    a20c:	0000e637          	lui	a2,0xe
    a210:	6585                	lui	a1,0x1
    a212:	0000c537          	lui	a0,0xc
    a216:	41460613          	addi	a2,a2,1044 # e414 <lwip_cyclic_timers+0x3bc>
    a21a:	c1c58593          	addi	a1,a1,-996 # c1c <GPIO_ETH_MediaInterfaceConfig>
    a21e:	51c50513          	addi	a0,a0,1308 # c51c <_read+0x1dc>
    a222:	689000ef          	jal	ra,b0aa <iprintf>
    a226:	a001                	j	a226 <vTaskPlaceOnEventList+0x28>
    a228:	842e                	mv	s0,a1
    a22a:	95c1a583          	lw	a1,-1700(gp) # 200001dc <pxCurrentTCB>
    a22e:	05e1                	addi	a1,a1,24
    a230:	cc9fe0ef          	jal	ra,8ef8 <vListInsert>
    a234:	4585                	li	a1,1
    a236:	8522                	mv	a0,s0
    a238:	ff4ff0ef          	jal	ra,9a2c <prvAddCurrentTaskToDelayedList>
    a23c:	af6f606f          	j	532 <__riscv_restore_0>

0000a240 <vTaskPlaceOnEventListRestricted>:
    a240:	acef62ef          	jal	t0,50e <__riscv_save_0>
    a244:	872a                	mv	a4,a0
    a246:	e11d                	bnez	a0,a26c <vTaskPlaceOnEventListRestricted+0x2c>
    a248:	08800793          	li	a5,136
    a24c:	8007b073          	csrc	0x800,a5
    a250:	0000e637          	lui	a2,0xe
    a254:	6585                	lui	a1,0x1
    a256:	0000c537          	lui	a0,0xc
    a25a:	41460613          	addi	a2,a2,1044 # e414 <lwip_cyclic_timers+0x3bc>
    a25e:	c5258593          	addi	a1,a1,-942 # c52 <RCC_GetClocksFreq+0x8>
    a262:	51c50513          	addi	a0,a0,1308 # c51c <_read+0x1dc>
    a266:	645000ef          	jal	ra,b0aa <iprintf>
    a26a:	a001                	j	a26a <vTaskPlaceOnEventListRestricted+0x2a>
    a26c:	95c18793          	addi	a5,gp,-1700 # 200001dc <pxCurrentTCB>
    a270:	4354                	lw	a3,4(a4)
    a272:	852e                	mv	a0,a1
    a274:	438c                	lw	a1,0(a5)
    a276:	0086a803          	lw	a6,8(a3)
    a27a:	cdd4                	sw	a3,28(a1)
    a27c:	438c                	lw	a1,0(a5)
    a27e:	0305a023          	sw	a6,32(a1)
    a282:	0007a803          	lw	a6,0(a5)
    a286:	468c                	lw	a1,8(a3)
    a288:	0861                	addi	a6,a6,24
    a28a:	0105a223          	sw	a6,4(a1)
    a28e:	0007a803          	lw	a6,0(a5)
    a292:	439c                	lw	a5,0(a5)
    a294:	0861                	addi	a6,a6,24
    a296:	0106a423          	sw	a6,8(a3)
    a29a:	d798                	sw	a4,40(a5)
    a29c:	431c                	lw	a5,0(a4)
    a29e:	0785                	addi	a5,a5,1
    a2a0:	c31c                	sw	a5,0(a4)
    a2a2:	c211                	beqz	a2,a2a6 <vTaskPlaceOnEventListRestricted+0x66>
    a2a4:	557d                	li	a0,-1
    a2a6:	85b2                	mv	a1,a2
    a2a8:	f84ff0ef          	jal	ra,9a2c <prvAddCurrentTaskToDelayedList>
    a2ac:	a86f606f          	j	532 <__riscv_restore_0>

0000a2b0 <xTaskRemoveFromEventList>:
    a2b0:	455c                	lw	a5,12(a0)
    a2b2:	47dc                	lw	a5,12(a5)
    a2b4:	e78d                	bnez	a5,a2de <xTaskRemoveFromEventList+0x2e>
    a2b6:	a58f62ef          	jal	t0,50e <__riscv_save_0>
    a2ba:	08800793          	li	a5,136
    a2be:	8007b073          	csrc	0x800,a5
    a2c2:	0000e637          	lui	a2,0xe
    a2c6:	6585                	lui	a1,0x1
    a2c8:	0000c537          	lui	a0,0xc
    a2cc:	41460613          	addi	a2,a2,1044 # e414 <lwip_cyclic_timers+0x3bc>
    a2d0:	c8258593          	addi	a1,a1,-894 # c82 <RCC_GetClocksFreq+0x38>
    a2d4:	51c50513          	addi	a0,a0,1308 # c51c <_read+0x1dc>
    a2d8:	5d3000ef          	jal	ra,b0aa <iprintf>
    a2dc:	a001                	j	a2dc <xTaskRemoveFromEventList+0x2c>
    a2de:	4fd0                	lw	a2,28(a5)
    a2e0:	5394                	lw	a3,32(a5)
    a2e2:	5798                	lw	a4,40(a5)
    a2e4:	01878593          	addi	a1,a5,24
    a2e8:	c614                	sw	a3,8(a2)
    a2ea:	c2d0                	sw	a2,4(a3)
    a2ec:	4350                	lw	a2,4(a4)
    a2ee:	00b61363          	bne	a2,a1,a2f4 <xTaskRemoveFromEventList+0x44>
    a2f2:	c354                	sw	a3,4(a4)
    a2f4:	4314                	lw	a3,0(a4)
    a2f6:	0207a423          	sw	zero,40(a5)
    a2fa:	16fd                	addi	a3,a3,-1
    a2fc:	c314                	sw	a3,0(a4)
    a2fe:	9701a703          	lw	a4,-1680(gp) # 200001f0 <uxSchedulerSuspended>
    a302:	57d4                	lw	a3,44(a5)
    a304:	e735                	bnez	a4,a370 <xTaskRemoveFromEventList+0xc0>
    a306:	478c                	lw	a1,8(a5)
    a308:	47d0                	lw	a2,12(a5)
    a30a:	4bd8                	lw	a4,20(a5)
    a30c:	c590                	sw	a2,8(a1)
    a30e:	47d0                	lw	a2,12(a5)
    a310:	4348                	lw	a0,4(a4)
    a312:	c24c                	sw	a1,4(a2)
    a314:	00478593          	addi	a1,a5,4
    a318:	00b51363          	bne	a0,a1,a31e <xTaskRemoveFromEventList+0x6e>
    a31c:	c350                	sw	a2,4(a4)
    a31e:	4310                	lw	a2,0(a4)
    a320:	0007aa23          	sw	zero,20(a5)
    a324:	167d                	addi	a2,a2,-1
    a326:	c310                	sw	a2,0(a4)
    a328:	97818713          	addi	a4,gp,-1672 # 200001f8 <uxTopReadyPriority>
    a32c:	4310                	lw	a2,0(a4)
    a32e:	00d67363          	bgeu	a2,a3,a334 <xTaskRemoveFromEventList+0x84>
    a332:	c314                	sw	a3,0(a4)
    a334:	4751                	li	a4,20
    a336:	02e68633          	mul	a2,a3,a4
    a33a:	20008737          	lui	a4,0x20008
    a33e:	af870713          	addi	a4,a4,-1288 # 20007af8 <pxReadyTasksLists>
    a342:	9732                	add	a4,a4,a2
    a344:	4350                	lw	a2,4(a4)
    a346:	4608                	lw	a0,8(a2)
    a348:	c790                	sw	a2,8(a5)
    a34a:	c7c8                	sw	a0,12(a5)
    a34c:	4608                	lw	a0,8(a2)
    a34e:	c14c                	sw	a1,4(a0)
    a350:	c60c                	sw	a1,8(a2)
    a352:	cbd8                	sw	a4,20(a5)
    a354:	431c                	lw	a5,0(a4)
    a356:	4501                	li	a0,0
    a358:	0785                	addi	a5,a5,1
    a35a:	c31c                	sw	a5,0(a4)
    a35c:	95c1a783          	lw	a5,-1700(gp) # 200001dc <pxCurrentTCB>
    a360:	57dc                	lw	a5,44(a5)
    a362:	00d7f663          	bgeu	a5,a3,a36e <xTaskRemoveFromEventList+0xbe>
    a366:	4705                	li	a4,1
    a368:	98e1aa23          	sw	a4,-1644(gp) # 20000214 <xYieldPending>
    a36c:	4505                	li	a0,1
    a36e:	8082                	ret
    a370:	20008737          	lui	a4,0x20008
    a374:	c4c70713          	addi	a4,a4,-948 # 20007c4c <xPendingReadyList>
    a378:	4350                	lw	a2,4(a4)
    a37a:	4608                	lw	a0,8(a2)
    a37c:	cfd0                	sw	a2,28(a5)
    a37e:	d388                	sw	a0,32(a5)
    a380:	4608                	lw	a0,8(a2)
    a382:	c14c                	sw	a1,4(a0)
    a384:	c60c                	sw	a1,8(a2)
    a386:	d798                	sw	a4,40(a5)
    a388:	b7f1                	j	a354 <xTaskRemoveFromEventList+0xa4>

0000a38a <vTaskInternalSetTimeOutState>:
    a38a:	9841a783          	lw	a5,-1660(gp) # 20000204 <xNumOfOverflows>
    a38e:	c11c                	sw	a5,0(a0)
    a390:	9901a783          	lw	a5,-1648(gp) # 20000210 <xTickCount>
    a394:	c15c                	sw	a5,4(a0)
    a396:	8082                	ret

0000a398 <xTaskCheckForTimeOut>:
    a398:	976f62ef          	jal	t0,50e <__riscv_save_0>
    a39c:	1141                	addi	sp,sp,-16
    a39e:	e11d                	bnez	a0,a3c4 <xTaskCheckForTimeOut+0x2c>
    a3a0:	08800793          	li	a5,136
    a3a4:	8007b073          	csrc	0x800,a5
    a3a8:	0000e637          	lui	a2,0xe
    a3ac:	6585                	lui	a1,0x1
    a3ae:	0000c537          	lui	a0,0xc
    a3b2:	41460613          	addi	a2,a2,1044 # e414 <lwip_cyclic_timers+0x3bc>
    a3b6:	cfd58593          	addi	a1,a1,-771 # cfd <RCC_GetClocksFreq+0xb3>
    a3ba:	51c50513          	addi	a0,a0,1308 # c51c <_read+0x1dc>
    a3be:	4ed000ef          	jal	ra,b0aa <iprintf>
    a3c2:	a001                	j	a3c2 <xTaskCheckForTimeOut+0x2a>
    a3c4:	e19d                	bnez	a1,a3ea <xTaskCheckForTimeOut+0x52>
    a3c6:	08800793          	li	a5,136
    a3ca:	8007b073          	csrc	0x800,a5
    a3ce:	0000e637          	lui	a2,0xe
    a3d2:	6585                	lui	a1,0x1
    a3d4:	0000c537          	lui	a0,0xc
    a3d8:	41460613          	addi	a2,a2,1044 # e414 <lwip_cyclic_timers+0x3bc>
    a3dc:	cfe58593          	addi	a1,a1,-770 # cfe <RCC_GetClocksFreq+0xb4>
    a3e0:	51c50513          	addi	a0,a0,1308 # c51c <_read+0x1dc>
    a3e4:	4c7000ef          	jal	ra,b0aa <iprintf>
    a3e8:	a001                	j	a3e8 <xTaskCheckForTimeOut+0x50>
    a3ea:	c62e                	sw	a1,12(sp)
    a3ec:	c42a                	sw	a0,8(sp)
    a3ee:	a79fe0ef          	jal	ra,8e66 <vPortEnterCritical>
    a3f2:	95c18713          	addi	a4,gp,-1700 # 200001dc <pxCurrentTCB>
    a3f6:	9901a683          	lw	a3,-1648(gp) # 20000210 <xTickCount>
    a3fa:	431c                	lw	a5,0(a4)
    a3fc:	4522                	lw	a0,8(sp)
    a3fe:	45b2                	lw	a1,12(sp)
    a400:	0517c783          	lbu	a5,81(a5)
    a404:	cb99                	beqz	a5,a41a <xTaskCheckForTimeOut+0x82>
    a406:	431c                	lw	a5,0(a4)
    a408:	040788a3          	sb	zero,81(a5)
    a40c:	4405                	li	s0,1
    a40e:	a6dfe0ef          	jal	ra,8e7a <vPortExitCritical>
    a412:	8522                	mv	a0,s0
    a414:	0141                	addi	sp,sp,16
    a416:	91cf606f          	j	532 <__riscv_restore_0>
    a41a:	419c                	lw	a5,0(a1)
    a41c:	577d                	li	a4,-1
    a41e:	4401                	li	s0,0
    a420:	fee787e3          	beq	a5,a4,a40e <xTaskCheckForTimeOut+0x76>
    a424:	9841a603          	lw	a2,-1660(gp) # 20000204 <xNumOfOverflows>
    a428:	00052803          	lw	a6,0(a0)
    a42c:	4158                	lw	a4,4(a0)
    a42e:	00c80763          	beq	a6,a2,a43c <xTaskCheckForTimeOut+0xa4>
    a432:	00e6e563          	bltu	a3,a4,a43c <xTaskCheckForTimeOut+0xa4>
    a436:	0005a023          	sw	zero,0(a1)
    a43a:	bfc9                	j	a40c <xTaskCheckForTimeOut+0x74>
    a43c:	40e68633          	sub	a2,a3,a4
    a440:	fef67be3          	bgeu	a2,a5,a436 <xTaskCheckForTimeOut+0x9e>
    a444:	8f95                	sub	a5,a5,a3
    a446:	97ba                	add	a5,a5,a4
    a448:	c19c                	sw	a5,0(a1)
    a44a:	f41ff0ef          	jal	ra,a38a <vTaskInternalSetTimeOutState>
    a44e:	4401                	li	s0,0
    a450:	bf7d                	j	a40e <xTaskCheckForTimeOut+0x76>

0000a452 <vTaskMissedYield>:
    a452:	4705                	li	a4,1
    a454:	98e1aa23          	sw	a4,-1644(gp) # 20000214 <xYieldPending>
    a458:	8082                	ret

0000a45a <xTaskGetCurrentTaskHandle>:
    a45a:	95c1a503          	lw	a0,-1700(gp) # 200001dc <pxCurrentTCB>
    a45e:	8082                	ret

0000a460 <xTaskGetSchedulerState>:
    a460:	98c1a783          	lw	a5,-1652(gp) # 2000020c <xSchedulerRunning>
    a464:	4505                	li	a0,1
    a466:	c791                	beqz	a5,a472 <xTaskGetSchedulerState+0x12>
    a468:	9701a503          	lw	a0,-1680(gp) # 200001f0 <uxSchedulerSuspended>
    a46c:	00153513          	seqz	a0,a0
    a470:	0506                	slli	a0,a0,0x1
    a472:	8082                	ret

0000a474 <xTaskPriorityInherit>:
    a474:	c14d                	beqz	a0,a516 <xTaskPriorityInherit+0xa2>
    a476:	87ef62ef          	jal	t0,4f4 <__riscv_save_4>
    a47a:	95c18793          	addi	a5,gp,-1700 # 200001dc <pxCurrentTCB>
    a47e:	4394                	lw	a3,0(a5)
    a480:	5558                	lw	a4,44(a0)
    a482:	95c18913          	addi	s2,gp,-1700 # 200001dc <pxCurrentTCB>
    a486:	56d4                	lw	a3,44(a3)
    a488:	08d77163          	bgeu	a4,a3,a50a <xTaskPriorityInherit+0x96>
    a48c:	4d1c                	lw	a5,24(a0)
    a48e:	0007c863          	bltz	a5,a49e <xTaskPriorityInherit+0x2a>
    a492:	00092783          	lw	a5,0(s2)
    a496:	57d4                	lw	a3,44(a5)
    a498:	47bd                	li	a5,15
    a49a:	8f95                	sub	a5,a5,a3
    a49c:	cd1c                	sw	a5,24(a0)
    a49e:	4651                	li	a2,20
    a4a0:	02c70733          	mul	a4,a4,a2
    a4a4:	200087b7          	lui	a5,0x20008
    a4a8:	af878693          	addi	a3,a5,-1288 # 20007af8 <pxReadyTasksLists>
    a4ac:	af878493          	addi	s1,a5,-1288
    a4b0:	9736                	add	a4,a4,a3
    a4b2:	4954                	lw	a3,20(a0)
    a4b4:	04e69663          	bne	a3,a4,a500 <xTaskPriorityInherit+0x8c>
    a4b8:	00450993          	addi	s3,a0,4
    a4bc:	842a                	mv	s0,a0
    a4be:	854e                	mv	a0,s3
    a4c0:	a67fe0ef          	jal	ra,8f26 <uxListRemove>
    a4c4:	00092783          	lw	a5,0(s2)
    a4c8:	97818713          	addi	a4,gp,-1672 # 200001f8 <uxTopReadyPriority>
    a4cc:	57dc                	lw	a5,44(a5)
    a4ce:	4314                	lw	a3,0(a4)
    a4d0:	d45c                	sw	a5,44(s0)
    a4d2:	00f6f363          	bgeu	a3,a5,a4d8 <xTaskPriorityInherit+0x64>
    a4d6:	c31c                	sw	a5,0(a4)
    a4d8:	4751                	li	a4,20
    a4da:	02e787b3          	mul	a5,a5,a4
    a4de:	97a6                	add	a5,a5,s1
    a4e0:	43d8                	lw	a4,4(a5)
    a4e2:	4714                	lw	a3,8(a4)
    a4e4:	c418                	sw	a4,8(s0)
    a4e6:	c454                	sw	a3,12(s0)
    a4e8:	4714                	lw	a3,8(a4)
    a4ea:	0136a223          	sw	s3,4(a3)
    a4ee:	01372423          	sw	s3,8(a4)
    a4f2:	4398                	lw	a4,0(a5)
    a4f4:	c85c                	sw	a5,20(s0)
    a4f6:	0705                	addi	a4,a4,1
    a4f8:	c398                	sw	a4,0(a5)
    a4fa:	4505                	li	a0,1
    a4fc:	82cf606f          	j	528 <__riscv_restore_4>
    a500:	00092783          	lw	a5,0(s2)
    a504:	57dc                	lw	a5,44(a5)
    a506:	d55c                	sw	a5,44(a0)
    a508:	bfcd                	j	a4fa <xTaskPriorityInherit+0x86>
    a50a:	439c                	lw	a5,0(a5)
    a50c:	4168                	lw	a0,68(a0)
    a50e:	57dc                	lw	a5,44(a5)
    a510:	00f53533          	sltu	a0,a0,a5
    a514:	b7e5                	j	a4fc <xTaskPriorityInherit+0x88>
    a516:	4501                	li	a0,0
    a518:	8082                	ret

0000a51a <xTaskPriorityDisinherit>:
    a51a:	e511                	bnez	a0,a526 <xTaskPriorityDisinherit+0xc>
    a51c:	4501                	li	a0,0
    a51e:	8082                	ret
    a520:	4501                	li	a0,0
    a522:	810f606f          	j	532 <__riscv_restore_0>
    a526:	fe9f52ef          	jal	t0,50e <__riscv_save_0>
    a52a:	95c1a783          	lw	a5,-1700(gp) # 200001dc <pxCurrentTCB>
    a52e:	842a                	mv	s0,a0
    a530:	02a78463          	beq	a5,a0,a558 <xTaskPriorityDisinherit+0x3e>
    a534:	08800793          	li	a5,136
    a538:	8007b073          	csrc	0x800,a5
    a53c:	0000e637          	lui	a2,0xe
    a540:	6585                	lui	a1,0x1
    a542:	0000c537          	lui	a0,0xc
    a546:	41460613          	addi	a2,a2,1044 # e414 <lwip_cyclic_timers+0x3bc>
    a54a:	04f58593          	addi	a1,a1,79 # 104f <sys_mutex_unlock+0x45>
    a54e:	51c50513          	addi	a0,a0,1308 # c51c <_read+0x1dc>
    a552:	359000ef          	jal	ra,b0aa <iprintf>
    a556:	a001                	j	a556 <xTaskPriorityDisinherit+0x3c>
    a558:	47bc                	lw	a5,72(a5)
    a55a:	e39d                	bnez	a5,a580 <xTaskPriorityDisinherit+0x66>
    a55c:	08800793          	li	a5,136
    a560:	8007b073          	csrc	0x800,a5
    a564:	0000e637          	lui	a2,0xe
    a568:	6585                	lui	a1,0x1
    a56a:	0000c537          	lui	a0,0xc
    a56e:	41460613          	addi	a2,a2,1044 # e414 <lwip_cyclic_timers+0x3bc>
    a572:	05058593          	addi	a1,a1,80 # 1050 <sys_mutex_unlock+0x46>
    a576:	51c50513          	addi	a0,a0,1308 # c51c <_read+0x1dc>
    a57a:	331000ef          	jal	ra,b0aa <iprintf>
    a57e:	a001                	j	a57e <xTaskPriorityDisinherit+0x64>
    a580:	5554                	lw	a3,44(a0)
    a582:	4178                	lw	a4,68(a0)
    a584:	17fd                	addi	a5,a5,-1
    a586:	c53c                	sw	a5,72(a0)
    a588:	f8e68ce3          	beq	a3,a4,a520 <xTaskPriorityDisinherit+0x6>
    a58c:	fbd1                	bnez	a5,a520 <xTaskPriorityDisinherit+0x6>
    a58e:	00450493          	addi	s1,a0,4
    a592:	8526                	mv	a0,s1
    a594:	993fe0ef          	jal	ra,8f26 <uxListRemove>
    a598:	407c                	lw	a5,68(s0)
    a59a:	473d                	li	a4,15
    a59c:	8f1d                	sub	a4,a4,a5
    a59e:	cc18                	sw	a4,24(s0)
    a5a0:	97818713          	addi	a4,gp,-1672 # 200001f8 <uxTopReadyPriority>
    a5a4:	4314                	lw	a3,0(a4)
    a5a6:	d45c                	sw	a5,44(s0)
    a5a8:	00f6f363          	bgeu	a3,a5,a5ae <xTaskPriorityDisinherit+0x94>
    a5ac:	c31c                	sw	a5,0(a4)
    a5ae:	4751                	li	a4,20
    a5b0:	02e78733          	mul	a4,a5,a4
    a5b4:	200087b7          	lui	a5,0x20008
    a5b8:	af878793          	addi	a5,a5,-1288 # 20007af8 <pxReadyTasksLists>
    a5bc:	4505                	li	a0,1
    a5be:	97ba                	add	a5,a5,a4
    a5c0:	43d8                	lw	a4,4(a5)
    a5c2:	4714                	lw	a3,8(a4)
    a5c4:	c418                	sw	a4,8(s0)
    a5c6:	c454                	sw	a3,12(s0)
    a5c8:	4714                	lw	a3,8(a4)
    a5ca:	c2c4                	sw	s1,4(a3)
    a5cc:	c704                	sw	s1,8(a4)
    a5ce:	4398                	lw	a4,0(a5)
    a5d0:	c85c                	sw	a5,20(s0)
    a5d2:	0705                	addi	a4,a4,1
    a5d4:	c398                	sw	a4,0(a5)
    a5d6:	b7b1                	j	a522 <xTaskPriorityDisinherit+0x8>

0000a5d8 <vTaskPriorityDisinheritAfterTimeout>:
    a5d8:	cd61                	beqz	a0,a6b0 <vTaskPriorityDisinheritAfterTimeout+0xd8>
    a5da:	f35f52ef          	jal	t0,50e <__riscv_save_0>
    a5de:	4534                	lw	a3,72(a0)
    a5e0:	842a                	mv	s0,a0
    a5e2:	e29d                	bnez	a3,a608 <vTaskPriorityDisinheritAfterTimeout+0x30>
    a5e4:	08800793          	li	a5,136
    a5e8:	8007b073          	csrc	0x800,a5
    a5ec:	0000e637          	lui	a2,0xe
    a5f0:	6585                	lui	a1,0x1
    a5f2:	0000c537          	lui	a0,0xc
    a5f6:	41460613          	addi	a2,a2,1044 # e414 <lwip_cyclic_timers+0x3bc>
    a5fa:	09f58593          	addi	a1,a1,159 # 109f <sys_mbox_new+0x3b>
    a5fe:	51c50513          	addi	a0,a0,1308 # c51c <_read+0x1dc>
    a602:	2a9000ef          	jal	ra,b0aa <iprintf>
    a606:	a001                	j	a606 <vTaskPriorityDisinheritAfterTimeout+0x2e>
    a608:	417c                	lw	a5,68(a0)
    a60a:	00b7f363          	bgeu	a5,a1,a610 <vTaskPriorityDisinheritAfterTimeout+0x38>
    a60e:	87ae                	mv	a5,a1
    a610:	5458                	lw	a4,44(s0)
    a612:	08f70d63          	beq	a4,a5,a6ac <vTaskPriorityDisinheritAfterTimeout+0xd4>
    a616:	4605                	li	a2,1
    a618:	08c69a63          	bne	a3,a2,a6ac <vTaskPriorityDisinheritAfterTimeout+0xd4>
    a61c:	95c1a683          	lw	a3,-1700(gp) # 200001dc <pxCurrentTCB>
    a620:	02869463          	bne	a3,s0,a648 <vTaskPriorityDisinheritAfterTimeout+0x70>
    a624:	08800793          	li	a5,136
    a628:	8007b073          	csrc	0x800,a5
    a62c:	0000e637          	lui	a2,0xe
    a630:	6585                	lui	a1,0x1
    a632:	0000c537          	lui	a0,0xc
    a636:	41460613          	addi	a2,a2,1044 # e414 <lwip_cyclic_timers+0x3bc>
    a63a:	0ba58593          	addi	a1,a1,186 # 10ba <sys_mbox_trypost+0x6>
    a63e:	51c50513          	addi	a0,a0,1308 # c51c <_read+0x1dc>
    a642:	269000ef          	jal	ra,b0aa <iprintf>
    a646:	a001                	j	a646 <vTaskPriorityDisinheritAfterTimeout+0x6e>
    a648:	4c14                	lw	a3,24(s0)
    a64a:	d45c                	sw	a5,44(s0)
    a64c:	0006c663          	bltz	a3,a658 <vTaskPriorityDisinheritAfterTimeout+0x80>
    a650:	46bd                	li	a3,15
    a652:	40f687b3          	sub	a5,a3,a5
    a656:	cc1c                	sw	a5,24(s0)
    a658:	4651                	li	a2,20
    a65a:	02c70733          	mul	a4,a4,a2
    a65e:	200087b7          	lui	a5,0x20008
    a662:	af878693          	addi	a3,a5,-1288 # 20007af8 <pxReadyTasksLists>
    a666:	af878493          	addi	s1,a5,-1288
    a66a:	9736                	add	a4,a4,a3
    a66c:	4854                	lw	a3,20(s0)
    a66e:	02e69f63          	bne	a3,a4,a6ac <vTaskPriorityDisinheritAfterTimeout+0xd4>
    a672:	00440913          	addi	s2,s0,4
    a676:	854a                	mv	a0,s2
    a678:	8affe0ef          	jal	ra,8f26 <uxListRemove>
    a67c:	97818713          	addi	a4,gp,-1672 # 200001f8 <uxTopReadyPriority>
    a680:	545c                	lw	a5,44(s0)
    a682:	4314                	lw	a3,0(a4)
    a684:	00f6f363          	bgeu	a3,a5,a68a <vTaskPriorityDisinheritAfterTimeout+0xb2>
    a688:	c31c                	sw	a5,0(a4)
    a68a:	4751                	li	a4,20
    a68c:	02e787b3          	mul	a5,a5,a4
    a690:	97a6                	add	a5,a5,s1
    a692:	43d8                	lw	a4,4(a5)
    a694:	4714                	lw	a3,8(a4)
    a696:	c418                	sw	a4,8(s0)
    a698:	c454                	sw	a3,12(s0)
    a69a:	4714                	lw	a3,8(a4)
    a69c:	0126a223          	sw	s2,4(a3)
    a6a0:	01272423          	sw	s2,8(a4)
    a6a4:	4398                	lw	a4,0(a5)
    a6a6:	c85c                	sw	a5,20(s0)
    a6a8:	0705                	addi	a4,a4,1
    a6aa:	c398                	sw	a4,0(a5)
    a6ac:	e87f506f          	j	532 <__riscv_restore_0>
    a6b0:	8082                	ret

0000a6b2 <pvTaskIncrementMutexHeldCount>:
    a6b2:	95c18713          	addi	a4,gp,-1700 # 200001dc <pxCurrentTCB>
    a6b6:	4318                	lw	a4,0(a4)
    a6b8:	95c18793          	addi	a5,gp,-1700 # 200001dc <pxCurrentTCB>
    a6bc:	c709                	beqz	a4,a6c6 <pvTaskIncrementMutexHeldCount+0x14>
    a6be:	4394                	lw	a3,0(a5)
    a6c0:	46b8                	lw	a4,72(a3)
    a6c2:	0705                	addi	a4,a4,1
    a6c4:	c6b8                	sw	a4,72(a3)
    a6c6:	4388                	lw	a0,0(a5)
    a6c8:	8082                	ret

0000a6ca <prvCheckForValidListAndQueue>:
    a6ca:	e45f52ef          	jal	t0,50e <__riscv_save_0>
    a6ce:	f98fe0ef          	jal	ra,8e66 <vPortEnterCritical>
    a6d2:	9a418413          	addi	s0,gp,-1628 # 20000224 <xTimerQueue>
    a6d6:	401c                	lw	a5,0(s0)
    a6d8:	e3b1                	bnez	a5,a71c <prvCheckForValidListAndQueue+0x52>
    a6da:	20008537          	lui	a0,0x20008
    a6de:	c8850913          	addi	s2,a0,-888 # 20007c88 <xActiveTimerList1>
    a6e2:	c8850513          	addi	a0,a0,-888
    a6e6:	fe0fe0ef          	jal	ra,8ec6 <vListInitialise>
    a6ea:	20008537          	lui	a0,0x20008
    a6ee:	c9c50493          	addi	s1,a0,-868 # 20007c9c <xActiveTimerList2>
    a6f2:	c9c50513          	addi	a0,a0,-868
    a6f6:	fd0fe0ef          	jal	ra,8ec6 <vListInitialise>
    a6fa:	9921ac23          	sw	s2,-1640(gp) # 20000218 <pxCurrentTimerList>
    a6fe:	4601                	li	a2,0
    a700:	45c1                	li	a1,16
    a702:	4511                	li	a0,4
    a704:	9891ae23          	sw	s1,-1636(gp) # 2000021c <pxOverflowTimerList>
    a708:	a2dfe0ef          	jal	ra,9134 <xQueueGenericCreate>
    a70c:	c008                	sw	a0,0(s0)
    a70e:	c519                	beqz	a0,a71c <prvCheckForValidListAndQueue+0x52>
    a710:	0000e5b7          	lui	a1,0xe
    a714:	45458593          	addi	a1,a1,1108 # e454 <lwip_cyclic_timers+0x3fc>
    a718:	a32ff0ef          	jal	ra,994a <vQueueAddToRegistry>
    a71c:	f5efe0ef          	jal	ra,8e7a <vPortExitCritical>
    a720:	e13f506f          	j	532 <__riscv_restore_0>

0000a724 <prvInsertTimerInActiveList>:
    a724:	debf52ef          	jal	t0,50e <__riscv_save_0>
    a728:	c14c                	sw	a1,4(a0)
    a72a:	c908                	sw	a0,16(a0)
    a72c:	87aa                	mv	a5,a0
    a72e:	02b66063          	bltu	a2,a1,a74e <prvInsertTimerInActiveList+0x2a>
    a732:	4d18                	lw	a4,24(a0)
    a734:	8e15                	sub	a2,a2,a3
    a736:	4505                	li	a0,1
    a738:	00e67963          	bgeu	a2,a4,a74a <prvInsertTimerInActiveList+0x26>
    a73c:	00478593          	addi	a1,a5,4
    a740:	99c1a503          	lw	a0,-1636(gp) # 2000021c <pxOverflowTimerList>
    a744:	fb4fe0ef          	jal	ra,8ef8 <vListInsert>
    a748:	4501                	li	a0,0
    a74a:	de9f506f          	j	532 <__riscv_restore_0>
    a74e:	00d67563          	bgeu	a2,a3,a758 <prvInsertTimerInActiveList+0x34>
    a752:	4505                	li	a0,1
    a754:	fed5fbe3          	bgeu	a1,a3,a74a <prvInsertTimerInActiveList+0x26>
    a758:	00478593          	addi	a1,a5,4
    a75c:	9981a503          	lw	a0,-1640(gp) # 20000218 <pxCurrentTimerList>
    a760:	b7d5                	j	a744 <prvInsertTimerInActiveList+0x20>

0000a762 <prvReloadTimer>:
    a762:	dadf52ef          	jal	t0,50e <__riscv_save_0>
    a766:	842a                	mv	s0,a0
    a768:	84ae                	mv	s1,a1
    a76a:	8932                	mv	s2,a2
    a76c:	4c0c                	lw	a1,24(s0)
    a76e:	86a6                	mv	a3,s1
    a770:	864a                	mv	a2,s2
    a772:	95a6                	add	a1,a1,s1
    a774:	8522                	mv	a0,s0
    a776:	fafff0ef          	jal	ra,a724 <prvInsertTimerInActiveList>
    a77a:	e119                	bnez	a0,a780 <prvReloadTimer+0x1e>
    a77c:	db7f506f          	j	532 <__riscv_restore_0>
    a780:	4c1c                	lw	a5,24(s0)
    a782:	8522                	mv	a0,s0
    a784:	94be                	add	s1,s1,a5
    a786:	501c                	lw	a5,32(s0)
    a788:	9782                	jalr	a5
    a78a:	b7cd                	j	a76c <prvReloadTimer+0xa>

0000a78c <prvProcessExpiredTimer>:
    a78c:	d83f52ef          	jal	t0,50e <__riscv_save_0>
    a790:	9981a783          	lw	a5,-1640(gp) # 20000218 <pxCurrentTimerList>
    a794:	1141                	addi	sp,sp,-16
    a796:	84aa                	mv	s1,a0
    a798:	47dc                	lw	a5,12(a5)
    a79a:	c62e                	sw	a1,12(sp)
    a79c:	47c0                	lw	s0,12(a5)
    a79e:	00440513          	addi	a0,s0,4
    a7a2:	f84fe0ef          	jal	ra,8f26 <uxListRemove>
    a7a6:	02444783          	lbu	a5,36(s0)
    a7aa:	4632                	lw	a2,12(sp)
    a7ac:	0047f713          	andi	a4,a5,4
    a7b0:	cb19                	beqz	a4,a7c6 <prvProcessExpiredTimer+0x3a>
    a7b2:	85a6                	mv	a1,s1
    a7b4:	8522                	mv	a0,s0
    a7b6:	fadff0ef          	jal	ra,a762 <prvReloadTimer>
    a7ba:	501c                	lw	a5,32(s0)
    a7bc:	8522                	mv	a0,s0
    a7be:	9782                	jalr	a5
    a7c0:	0141                	addi	sp,sp,16
    a7c2:	d71f506f          	j	532 <__riscv_restore_0>
    a7c6:	9bf9                	andi	a5,a5,-2
    a7c8:	02f40223          	sb	a5,36(s0)
    a7cc:	b7fd                	j	a7ba <prvProcessExpiredTimer+0x2e>

0000a7ce <prvSwitchTimerLists>:
    a7ce:	d41f52ef          	jal	t0,50e <__riscv_save_0>
    a7d2:	99818693          	addi	a3,gp,-1640 # 20000218 <pxCurrentTimerList>
    a7d6:	4298                	lw	a4,0(a3)
    a7d8:	431c                	lw	a5,0(a4)
    a7da:	eb81                	bnez	a5,a7ea <prvSwitchTimerLists+0x1c>
    a7dc:	99c18793          	addi	a5,gp,-1636 # 2000021c <pxOverflowTimerList>
    a7e0:	4390                	lw	a2,0(a5)
    a7e2:	c398                	sw	a4,0(a5)
    a7e4:	c290                	sw	a2,0(a3)
    a7e6:	d4df506f          	j	532 <__riscv_restore_0>
    a7ea:	475c                	lw	a5,12(a4)
    a7ec:	55fd                	li	a1,-1
    a7ee:	4388                	lw	a0,0(a5)
    a7f0:	f9dff0ef          	jal	ra,a78c <prvProcessExpiredTimer>
    a7f4:	bff9                	j	a7d2 <prvSwitchTimerLists+0x4>

0000a7f6 <prvTimerTask>:
    a7f6:	cf1f52ef          	jal	t0,4e6 <__riscv_save_10>
    a7fa:	6939                	lui	s2,0xe
    a7fc:	1141                	addi	sp,sp,-16
    a7fe:	43090913          	addi	s2,s2,1072 # e430 <lwip_cyclic_timers+0x3d8>
    a802:	9981a783          	lw	a5,-1640(gp) # 20000218 <pxCurrentTimerList>
    a806:	4398                	lw	a4,0(a5)
    a808:	cb29                	beqz	a4,a85a <prvTimerTask+0x64>
    a80a:	47dc                	lw	a5,12(a5)
    a80c:	4c81                	li	s9,0
    a80e:	0007ac03          	lw	s8,0(a5)
    a812:	e0eff0ef          	jal	ra,9e20 <vTaskSuspendAll>
    a816:	e16ff0ef          	jal	ra,9e2c <xTaskGetTickCount>
    a81a:	9a01a783          	lw	a5,-1632(gp) # 20000220 <xLastTime.6636>
    a81e:	842a                	mv	s0,a0
    a820:	9a018493          	addi	s1,gp,-1632 # 20000220 <xLastTime.6636>
    a824:	9a418a13          	addi	s4,gp,-1628 # 20000224 <xTimerQueue>
    a828:	02f56c63          	bltu	a0,a5,a860 <prvTimerTask+0x6a>
    a82c:	c088                	sw	a0,0(s1)
    a82e:	040c8063          	beqz	s9,a86e <prvTimerTask+0x78>
    a832:	99c1a783          	lw	a5,-1636(gp) # 2000021c <pxOverflowTimerList>
    a836:	4390                	lw	a2,0(a5)
    a838:	00163613          	seqz	a2,a2
    a83c:	000a2503          	lw	a0,0(s4)
    a840:	408c05b3          	sub	a1,s8,s0
    a844:	970ff0ef          	jal	ra,99b4 <vQueueWaitForMessageRestricted>
    a848:	f68ff0ef          	jal	ra,9fb0 <xTaskResumeAll>
    a84c:	ed19                	bnez	a0,a86a <prvTimerTask+0x74>
    a84e:	e000e7b7          	lui	a5,0xe000e
    a852:	6711                	lui	a4,0x4
    a854:	20e7a023          	sw	a4,512(a5) # e000e200 <__freertos_irq_stack_top+0xbfffe200>
    a858:	a809                	j	a86a <prvTimerTask+0x74>
    a85a:	4c85                	li	s9,1
    a85c:	4c01                	li	s8,0
    a85e:	bf55                	j	a812 <prvTimerTask+0x1c>
    a860:	f6fff0ef          	jal	ra,a7ce <prvSwitchTimerLists>
    a864:	c080                	sw	s0,0(s1)
    a866:	f4aff0ef          	jal	ra,9fb0 <xTaskResumeAll>
    a86a:	4c21                	li	s8,8
    a86c:	a00d                	j	a88e <prvTimerTask+0x98>
    a86e:	4601                	li	a2,0
    a870:	fd8566e3          	bltu	a0,s8,a83c <prvTimerTask+0x46>
    a874:	f3cff0ef          	jal	ra,9fb0 <xTaskResumeAll>
    a878:	85a2                	mv	a1,s0
    a87a:	8562                	mv	a0,s8
    a87c:	f11ff0ef          	jal	ra,a78c <prvProcessExpiredTimer>
    a880:	b7ed                	j	a86a <prvTimerTask+0x74>
    a882:	4792                	lw	a5,4(sp)
    a884:	45b2                	lw	a1,12(sp)
    a886:	9782                	jalr	a5
    a888:	4782                	lw	a5,0(sp)
    a88a:	0007dd63          	bgez	a5,a8a4 <prvTimerTask+0xae>
    a88e:	000a2503          	lw	a0,0(s4)
    a892:	4601                	li	a2,0
    a894:	858a                	mv	a1,sp
    a896:	d49fe0ef          	jal	ra,95de <xQueueReceive>
    a89a:	d525                	beqz	a0,a802 <prvTimerTask+0xc>
    a89c:	4782                	lw	a5,0(sp)
    a89e:	4522                	lw	a0,8(sp)
    a8a0:	fe07c1e3          	bltz	a5,a882 <prvTimerTask+0x8c>
    a8a4:	4422                	lw	s0,8(sp)
    a8a6:	485c                	lw	a5,20(s0)
    a8a8:	e39d                	bnez	a5,a8ce <prvTimerTask+0xd8>
    a8aa:	d82ff0ef          	jal	ra,9e2c <xTaskGetTickCount>
    a8ae:	409c                	lw	a5,0(s1)
    a8b0:	8caa                	mv	s9,a0
    a8b2:	00f57463          	bgeu	a0,a5,a8ba <prvTimerTask+0xc4>
    a8b6:	f19ff0ef          	jal	ra,a7ce <prvSwitchTimerLists>
    a8ba:	4782                	lw	a5,0(sp)
    a8bc:	0194a023          	sw	s9,0(s1)
    a8c0:	17fd                	addi	a5,a5,-1
    a8c2:	fcfc66e3          	bltu	s8,a5,a88e <prvTimerTask+0x98>
    a8c6:	078a                	slli	a5,a5,0x2
    a8c8:	97ca                	add	a5,a5,s2
    a8ca:	439c                	lw	a5,0(a5)
    a8cc:	8782                	jr	a5
    a8ce:	00440513          	addi	a0,s0,4
    a8d2:	e54fe0ef          	jal	ra,8f26 <uxListRemove>
    a8d6:	bfd1                	j	a8aa <prvTimerTask+0xb4>
    a8d8:	02444783          	lbu	a5,36(s0)
    a8dc:	4c0c                	lw	a1,24(s0)
    a8de:	4692                	lw	a3,4(sp)
    a8e0:	0017e793          	ori	a5,a5,1
    a8e4:	02f40223          	sb	a5,36(s0)
    a8e8:	8666                	mv	a2,s9
    a8ea:	95b6                	add	a1,a1,a3
    a8ec:	8522                	mv	a0,s0
    a8ee:	e37ff0ef          	jal	ra,a724 <prvInsertTimerInActiveList>
    a8f2:	dd51                	beqz	a0,a88e <prvTimerTask+0x98>
    a8f4:	02444783          	lbu	a5,36(s0)
    a8f8:	0047f713          	andi	a4,a5,4
    a8fc:	cf01                	beqz	a4,a914 <prvTimerTask+0x11e>
    a8fe:	4c1c                	lw	a5,24(s0)
    a900:	4592                	lw	a1,4(sp)
    a902:	8666                	mv	a2,s9
    a904:	8522                	mv	a0,s0
    a906:	95be                	add	a1,a1,a5
    a908:	e5bff0ef          	jal	ra,a762 <prvReloadTimer>
    a90c:	501c                	lw	a5,32(s0)
    a90e:	8522                	mv	a0,s0
    a910:	9782                	jalr	a5
    a912:	bfb5                	j	a88e <prvTimerTask+0x98>
    a914:	9bf9                	andi	a5,a5,-2
    a916:	02f40223          	sb	a5,36(s0)
    a91a:	bfcd                	j	a90c <prvTimerTask+0x116>
    a91c:	02444783          	lbu	a5,36(s0)
    a920:	9bf9                	andi	a5,a5,-2
    a922:	02f40223          	sb	a5,36(s0)
    a926:	b7a5                	j	a88e <prvTimerTask+0x98>
    a928:	02444783          	lbu	a5,36(s0)
    a92c:	4592                	lw	a1,4(sp)
    a92e:	0017e793          	ori	a5,a5,1
    a932:	02f40223          	sb	a5,36(s0)
    a936:	cc0c                	sw	a1,24(s0)
    a938:	e195                	bnez	a1,a95c <prvTimerTask+0x166>
    a93a:	08800793          	li	a5,136
    a93e:	8007b073          	csrc	0x800,a5
    a942:	0000e637          	lui	a2,0xe
    a946:	0000c537          	lui	a0,0xc
    a94a:	45c60613          	addi	a2,a2,1116 # e45c <lwip_cyclic_timers+0x404>
    a94e:	35900593          	li	a1,857
    a952:	51c50513          	addi	a0,a0,1308 # c51c <_read+0x1dc>
    a956:	754000ef          	jal	ra,b0aa <iprintf>
    a95a:	a001                	j	a95a <prvTimerTask+0x164>
    a95c:	86e6                	mv	a3,s9
    a95e:	8666                	mv	a2,s9
    a960:	95e6                	add	a1,a1,s9
    a962:	8522                	mv	a0,s0
    a964:	dc1ff0ef          	jal	ra,a724 <prvInsertTimerInActiveList>
    a968:	b71d                	j	a88e <prvTimerTask+0x98>
    a96a:	02444783          	lbu	a5,36(s0)
    a96e:	0027f713          	andi	a4,a5,2
    a972:	f75d                	bnez	a4,a920 <prvTimerTask+0x12a>
    a974:	8522                	mv	a0,s0
    a976:	b5afe0ef          	jal	ra,8cd0 <vPortFree>
    a97a:	bf11                	j	a88e <prvTimerTask+0x98>

0000a97c <xTimerCreateTimerTask>:
    a97c:	b93f52ef          	jal	t0,50e <__riscv_save_0>
    a980:	d4bff0ef          	jal	ra,a6ca <prvCheckForValidListAndQueue>
    a984:	9a41a783          	lw	a5,-1628(gp) # 20000224 <xTimerQueue>
    a988:	e395                	bnez	a5,a9ac <xTimerCreateTimerTask+0x30>
    a98a:	08800793          	li	a5,136
    a98e:	8007b073          	csrc	0x800,a5
    a992:	0000e637          	lui	a2,0xe
    a996:	0000c537          	lui	a0,0xc
    a99a:	45c60613          	addi	a2,a2,1116 # e45c <lwip_cyclic_timers+0x404>
    a99e:	11900593          	li	a1,281
    a9a2:	51c50513          	addi	a0,a0,1308 # c51c <_read+0x1dc>
    a9a6:	704000ef          	jal	ra,b0aa <iprintf>
    a9aa:	a001                	j	a9aa <xTimerCreateTimerTask+0x2e>
    a9ac:	0000e5b7          	lui	a1,0xe
    a9b0:	0000a537          	lui	a0,0xa
    a9b4:	9a818793          	addi	a5,gp,-1624 # 20000228 <xTimerTaskHandle>
    a9b8:	4715                	li	a4,5
    a9ba:	4681                	li	a3,0
    a9bc:	20000613          	li	a2,512
    a9c0:	47458593          	addi	a1,a1,1140 # e474 <lwip_cyclic_timers+0x41c>
    a9c4:	7f650513          	addi	a0,a0,2038 # a7f6 <prvTimerTask>
    a9c8:	940ff0ef          	jal	ra,9b08 <xTaskCreate>
    a9cc:	dd5d                	beqz	a0,a98a <xTimerCreateTimerTask+0xe>
    a9ce:	b65f506f          	j	532 <__riscv_restore_0>

0000a9d2 <xTimerCreate>:
    a9d2:	b23f52ef          	jal	t0,4f4 <__riscv_save_4>
    a9d6:	8aaa                	mv	s5,a0
    a9d8:	02800513          	li	a0,40
    a9dc:	84ae                	mv	s1,a1
    a9de:	8932                	mv	s2,a2
    a9e0:	8a36                	mv	s4,a3
    a9e2:	89ba                	mv	s3,a4
    a9e4:	988fe0ef          	jal	ra,8b6c <pvPortMalloc>
    a9e8:	842a                	mv	s0,a0
    a9ea:	c931                	beqz	a0,aa3e <xTimerCreate+0x6c>
    a9ec:	02050223          	sb	zero,36(a0)
    a9f0:	e095                	bnez	s1,aa14 <xTimerCreate+0x42>
    a9f2:	08800793          	li	a5,136
    a9f6:	8007b073          	csrc	0x800,a5
    a9fa:	0000e637          	lui	a2,0xe
    a9fe:	0000c537          	lui	a0,0xc
    aa02:	45c60613          	addi	a2,a2,1116 # e45c <lwip_cyclic_timers+0x404>
    aa06:	16b00593          	li	a1,363
    aa0a:	51c50513          	addi	a0,a0,1308 # c51c <_read+0x1dc>
    aa0e:	69c000ef          	jal	ra,b0aa <iprintf>
    aa12:	a001                	j	aa12 <xTimerCreate+0x40>
    aa14:	cb7ff0ef          	jal	ra,a6ca <prvCheckForValidListAndQueue>
    aa18:	00440513          	addi	a0,s0,4
    aa1c:	01542023          	sw	s5,0(s0)
    aa20:	cc04                	sw	s1,24(s0)
    aa22:	01442e23          	sw	s4,28(s0)
    aa26:	03342023          	sw	s3,32(s0)
    aa2a:	cb0fe0ef          	jal	ra,8eda <vListInitialiseItem>
    aa2e:	00090863          	beqz	s2,aa3e <xTimerCreate+0x6c>
    aa32:	02444783          	lbu	a5,36(s0)
    aa36:	0047e793          	ori	a5,a5,4
    aa3a:	02f40223          	sb	a5,36(s0)
    aa3e:	8522                	mv	a0,s0
    aa40:	ae9f506f          	j	528 <__riscv_restore_4>

0000aa44 <xTimerGenericCommand>:
    aa44:	acbf52ef          	jal	t0,50e <__riscv_save_0>
    aa48:	1101                	addi	sp,sp,-32
    aa4a:	e10d                	bnez	a0,aa6c <xTimerGenericCommand+0x28>
    aa4c:	08800793          	li	a5,136
    aa50:	8007b073          	csrc	0x800,a5
    aa54:	0000e637          	lui	a2,0xe
    aa58:	0000c537          	lui	a0,0xc
    aa5c:	45c60613          	addi	a2,a2,1116 # e45c <lwip_cyclic_timers+0x404>
    aa60:	18b00593          	li	a1,395
    aa64:	51c50513          	addi	a0,a0,1308 # c51c <_read+0x1dc>
    aa68:	2589                	jal	b0aa <iprintf>
    aa6a:	a001                	j	aa6a <xTimerGenericCommand+0x26>
    aa6c:	9a418413          	addi	s0,gp,-1628 # 20000224 <xTimerQueue>
    aa70:	401c                	lw	a5,0(s0)
    aa72:	c63a                	sw	a4,12(sp)
    aa74:	882a                	mv	a6,a0
    aa76:	4501                	li	a0,0
    aa78:	c78d                	beqz	a5,aaa2 <xTimerGenericCommand+0x5e>
    aa7a:	88b6                	mv	a7,a3
    aa7c:	c82e                	sw	a1,16(sp)
    aa7e:	ca32                	sw	a2,20(sp)
    aa80:	cc42                	sw	a6,24(sp)
    aa82:	4695                	li	a3,5
    aa84:	02b6c263          	blt	a3,a1,aaa8 <xTimerGenericCommand+0x64>
    aa88:	9d9ff0ef          	jal	ra,a460 <xTaskGetSchedulerState>
    aa8c:	4732                	lw	a4,12(sp)
    aa8e:	4789                	li	a5,2
    aa90:	4681                	li	a3,0
    aa92:	863a                	mv	a2,a4
    aa94:	00f50363          	beq	a0,a5,aa9a <xTimerGenericCommand+0x56>
    aa98:	4601                	li	a2,0
    aa9a:	4008                	lw	a0,0(s0)
    aa9c:	080c                	addi	a1,sp,16
    aa9e:	f02fe0ef          	jal	ra,91a0 <xQueueGenericSend>
    aaa2:	6105                	addi	sp,sp,32
    aaa4:	a8ff506f          	j	532 <__riscv_restore_0>
    aaa8:	4681                	li	a3,0
    aaaa:	8646                	mv	a2,a7
    aaac:	080c                	addi	a1,sp,16
    aaae:	853e                	mv	a0,a5
    aab0:	913fe0ef          	jal	ra,93c2 <xQueueGenericSendFromISR>
    aab4:	b7fd                	j	aaa2 <xTimerGenericCommand+0x5e>

0000aab6 <WCHNET_TimeIsr>:
    aab6:	9b418793          	addi	a5,gp,-1612 # 20000234 <LocalTime>
    aaba:	4398                	lw	a4,0(a5)
    aabc:	953a                	add	a0,a0,a4
    aabe:	c388                	sw	a0,0(a5)
    aac0:	8082                	ret

0000aac2 <ETH_RecPeek>:
    aac2:	9c01a783          	lw	a5,-1600(gp) # 20000240 <pDMARxSet>
    aac6:	4681                	li	a3,0
    aac8:	9c018713          	addi	a4,gp,-1600 # 20000240 <pDMARxSet>
    aacc:	800005b7          	lui	a1,0x80000
    aad0:	4390                	lw	a2,0(a5)
    aad2:	00065663          	bgez	a2,aade <ETH_RecPeek+0x1c>
    aad6:	c291                	beqz	a3,aada <ETH_RecPeek+0x18>
    aad8:	c31c                	sw	a5,0(a4)
    aada:	4501                	li	a0,0
    aadc:	8082                	ret
    aade:	4390                	lw	a2,0(a5)
    aae0:	01061813          	slli	a6,a2,0x10
    aae4:	02084363          	bltz	a6,ab0a <ETH_RecPeek+0x48>
    aae8:	4390                	lw	a2,0(a5)
    aaea:	20067613          	andi	a2,a2,512
    aaee:	ce11                	beqz	a2,ab0a <ETH_RecPeek+0x48>
    aaf0:	4390                	lw	a2,0(a5)
    aaf2:	10067613          	andi	a2,a2,256
    aaf6:	ca11                	beqz	a2,ab0a <ETH_RecPeek+0x48>
    aaf8:	c291                	beqz	a3,aafc <ETH_RecPeek+0x3a>
    aafa:	c31c                	sw	a5,0(a4)
    aafc:	4398                	lw	a4,0(a5)
    aafe:	070a                	slli	a4,a4,0x2
    ab00:	8349                	srli	a4,a4,0x12
    ab02:	1771                	addi	a4,a4,-4
    ab04:	a11a                	sh	a4,0(a0)
    ab06:	4788                	lw	a0,8(a5)
    ab08:	8082                	ret
    ab0a:	c38c                	sw	a1,0(a5)
    ab0c:	4685                	li	a3,1
    ab0e:	47dc                	lw	a5,12(a5)
    ab10:	b7c1                	j	aad0 <ETH_RecPeek+0xe>

0000ab12 <ETH_RecFree>:
    ab12:	9c018793          	addi	a5,gp,-1600 # 20000240 <pDMARxSet>
    ab16:	4398                	lw	a4,0(a5)
    ab18:	800006b7          	lui	a3,0x80000
    ab1c:	c314                	sw	a3,0(a4)
    ab1e:	4758                	lw	a4,12(a4)
    ab20:	c398                	sw	a4,0(a5)
    ab22:	400297b7          	lui	a5,0x40029
    ab26:	0007a423          	sw	zero,8(a5) # 40029008 <__freertos_irq_stack_top+0x20019008>
    ab2a:	8082                	ret

0000ab2c <ETH_GetTxBuf>:
    ab2c:	200007b7          	lui	a5,0x20000
    ab30:	0d47a783          	lw	a5,212(a5) # 200000d4 <DMATxDescToSet>
    ab34:	4501                	li	a0,0
    ab36:	4398                	lw	a4,0(a5)
    ab38:	00074363          	bltz	a4,ab3e <ETH_GetTxBuf+0x12>
    ab3c:	4788                	lw	a0,8(a5)
    ab3e:	8082                	ret

0000ab40 <ETH_SendFrame>:
    ab40:	200006b7          	lui	a3,0x20000
    ab44:	0d46a783          	lw	a5,212(a3) # 200000d4 <DMATxDescToSet>
    ab48:	30000637          	lui	a2,0x30000
    ab4c:	054e                	slli	a0,a0,0x13
    ab4e:	4398                	lw	a4,0(a5)
    ab50:	814d                	srli	a0,a0,0x13
    ab52:	c3c8                	sw	a0,4(a5)
    ab54:	8f51                	or	a4,a4,a2
    ab56:	c398                	sw	a4,0(a5)
    ab58:	4398                	lw	a4,0(a5)
    ab5a:	80000637          	lui	a2,0x80000
    ab5e:	4505                	li	a0,1
    ab60:	8f51                	or	a4,a4,a2
    ab62:	c398                	sw	a4,0(a5)
    ab64:	4611                	li	a2,4
    ab66:	40029737          	lui	a4,0x40029
    ab6a:	cb50                	sw	a2,20(a4)
    ab6c:	00072223          	sw	zero,4(a4) # 40029004 <__freertos_irq_stack_top+0x20019004>
    ab70:	47dc                	lw	a5,12(a5)
    ab72:	0cf6aa23          	sw	a5,212(a3)
    ab76:	8082                	ret

0000ab78 <ETH_EnableMacFilter>:
    ab78:	400286b7          	lui	a3,0x40028
    ab7c:	42dc                	lw	a5,4(a3)
    ab7e:	80000737          	lui	a4,0x80000
    ab82:	ffe74713          	xori	a4,a4,-2
    ab86:	8ff9                	and	a5,a5,a4
    ab88:	c2dc                	sw	a5,4(a3)
    ab8a:	8082                	ret

0000ab8c <WCHNET_HandlePhyNegotiation>:
    ab8c:	9b418713          	addi	a4,gp,-1612 # 20000234 <LocalTime>
    ab90:	9bc18793          	addi	a5,gp,-1604 # 2000023c <link_poll_time>
    ab94:	4390                	lw	a2,0(a5)
    ab96:	4314                	lw	a3,0(a4)
    ab98:	8e91                	sub	a3,a3,a2
    ab9a:	03100613          	li	a2,49
    ab9e:	0ad67363          	bgeu	a2,a3,ac44 <WCHNET_HandlePhyNegotiation+0xb8>
    aba2:	96df52ef          	jal	t0,50e <__riscv_save_0>
    aba6:	9b818493          	addi	s1,gp,-1608 # 20000238 <gPHYAddress>
    abaa:	4318                	lw	a4,0(a4)
    abac:	208a                	lhu	a0,0(s1)
    abae:	4585                	li	a1,1
    abb0:	c398                	sw	a4,0(a5)
    abb2:	dcff50ef          	jal	ra,980 <ETH_ReadPHYRegister>
    abb6:	208a                	lhu	a0,0(s1)
    abb8:	4585                	li	a1,1
    abba:	dc7f50ef          	jal	ra,980 <ETH_ReadPHYRegister>
    abbe:	9c818413          	addi	s0,gp,-1592 # 20000248 <phy_link_state>
    abc2:	8911                	andi	a0,a0,4
    abc4:	9b018913          	addi	s2,gp,-1616 # 20000230 <LinkSta>
    abc8:	201c                	lbu	a5,0(s0)
    abca:	cd39                	beqz	a0,ac28 <WCHNET_HandlePhyNegotiation+0x9c>
    abcc:	ef85                	bnez	a5,ac04 <WCHNET_HandlePhyNegotiation+0x78>
    abce:	208a                	lhu	a0,0(s1)
    abd0:	45fd                	li	a1,31
    abd2:	daff50ef          	jal	ra,980 <ETH_ReadPHYRegister>
    abd6:	4785                	li	a5,1
    abd8:	a01c                	sb	a5,0(s0)
    abda:	00857793          	andi	a5,a0,8
    abde:	cb85                	beqz	a5,ac0e <WCHNET_HandlePhyNegotiation+0x82>
    abe0:	40028737          	lui	a4,0x40028
    abe4:	431c                	lw	a5,0(a4)
    abe6:	6691                	lui	a3,0x4
    abe8:	8fd5                	or	a5,a5,a3
    abea:	c31c                	sw	a5,0(a4)
    abec:	400286b7          	lui	a3,0x40028
    abf0:	429c                	lw	a5,0(a3)
    abf2:	8941                	andi	a0,a0,16
    abf4:	c50d                	beqz	a0,ac1e <WCHNET_HandlePhyNegotiation+0x92>
    abf6:	6705                	lui	a4,0x1
    abf8:	80070713          	addi	a4,a4,-2048 # 800 <__stack_size>
    abfc:	8fd9                	or	a5,a5,a4
    abfe:	c29c                	sw	a5,0(a3)
    ac00:	f0ff50ef          	jal	ra,b0e <ETH_Start>
    ac04:	4785                	li	a5,1
    ac06:	00f90023          	sb	a5,0(s2)
    ac0a:	929f506f          	j	532 <__riscv_restore_0>
    ac0e:	400286b7          	lui	a3,0x40028
    ac12:	429c                	lw	a5,0(a3)
    ac14:	7771                	lui	a4,0xffffc
    ac16:	177d                	addi	a4,a4,-1
    ac18:	8ff9                	and	a5,a5,a4
    ac1a:	c29c                	sw	a5,0(a3)
    ac1c:	bfc1                	j	abec <WCHNET_HandlePhyNegotiation+0x60>
    ac1e:	777d                	lui	a4,0xfffff
    ac20:	7ff70713          	addi	a4,a4,2047 # fffff7ff <__freertos_irq_stack_top+0xdffef7ff>
    ac24:	8ff9                	and	a5,a5,a4
    ac26:	bfe1                	j	abfe <WCHNET_HandlePhyNegotiation+0x72>
    ac28:	cb99                	beqz	a5,ac3e <WCHNET_HandlePhyNegotiation+0xb2>
    ac2a:	4501                	li	a0,0
    ac2c:	00040023          	sb	zero,0(s0)
    ac30:	dfbf50ef          	jal	ra,a2a <ETH_MACTransmissionCmd>
    ac34:	ecbf50ef          	jal	ra,afe <ETH_FlushTransmitFIFO>
    ac38:	4501                	li	a0,0
    ac3a:	e05f50ef          	jal	ra,a3e <ETH_MACReceptionCmd>
    ac3e:	00090023          	sb	zero,0(s2)
    ac42:	b7e1                	j	ac0a <WCHNET_HandlePhyNegotiation+0x7e>
    ac44:	8082                	ret

0000ac46 <ETH_Init>:
    ac46:	8aff52ef          	jal	t0,4f4 <__riscv_save_4>
    ac4a:	1141                	addi	sp,sp,-16
    ac4c:	84aa                	mv	s1,a0
    ac4e:	d17f50ef          	jal	ra,964 <DBGMCU_GetCHIPID>
    ac52:	9aa1a623          	sw	a0,-1620(gp) # 2000022c <ChipId>
    ac56:	9a018823          	sb	zero,-1616(gp) # 20000230 <LinkSta>
    ac5a:	4551                	li	a0,20
    ac5c:	9c018423          	sb	zero,-1592(gp) # 20000248 <phy_link_state>
    ac60:	c96ff0ef          	jal	ra,a0f6 <vTaskDelay>
    ac64:	4585                	li	a1,1
    ac66:	6571                	lui	a0,0x1c
    ac68:	958f60ef          	jal	ra,dc0 <RCC_AHBPeriphClockCmd>
    ac6c:	4785                	li	a5,1
    ac6e:	4585                	li	a1,1
    ac70:	4575                	li	a0,29
    ac72:	9af19c23          	sh	a5,-1608(gp) # 20000238 <gPHYAddress>
    ac76:	968f60ef          	jal	ra,dde <RCC_APB2PeriphClockCmd>
    ac7a:	4505                	li	a0,1
    ac7c:	fa1f50ef          	jal	ra,c1c <GPIO_ETH_MediaInterfaceConfig>
    ac80:	40011937          	lui	s2,0x40011
    ac84:	440d                	li	s0,3
    ac86:	49e1                	li	s3,24
    ac88:	4791                	li	a5,4
    ac8a:	004c                	addi	a1,sp,4
    ac8c:	80090513          	addi	a0,s2,-2048 # 40010800 <__freertos_irq_stack_top+0x20000800>
    ac90:	827c                	sh	a5,4(sp)
    ac92:	c64e                	sw	s3,12(sp)
    ac94:	c422                	sw	s0,8(sp)
    ac96:	ec7f50ef          	jal	ra,b5c <GPIO_Init>
    ac9a:	4a89                	li	s5,2
    ac9c:	004c                	addi	a1,sp,4
    ac9e:	40011537          	lui	a0,0x40011
    aca2:	c64e                	sw	s3,12(sp)
    aca4:	6b05                	lui	s6,0x1
    aca6:	01511223          	sh	s5,4(sp)
    acaa:	c422                	sw	s0,8(sp)
    acac:	eb1f50ef          	jal	ra,b5c <GPIO_Init>
    acb0:	800b0793          	addi	a5,s6,-2048 # 800 <__stack_size>
    acb4:	004c                	addi	a1,sp,4
    acb6:	c0090513          	addi	a0,s2,-1024
    acba:	827c                	sh	a5,4(sp)
    acbc:	c64e                	sw	s3,12(sp)
    acbe:	c422                	sw	s0,8(sp)
    acc0:	e9df50ef          	jal	ra,b5c <GPIO_Init>
    acc4:	004c                	addi	a1,sp,4
    acc6:	c0090513          	addi	a0,s2,-1024
    acca:	c64e                	sw	s3,12(sp)
    accc:	01611223          	sh	s6,4(sp)
    acd0:	c422                	sw	s0,8(sp)
    acd2:	e8bf50ef          	jal	ra,b5c <GPIO_Init>
    acd6:	6789                	lui	a5,0x2
    acd8:	004c                	addi	a1,sp,4
    acda:	c0090513          	addi	a0,s2,-1024
    acde:	827c                	sh	a5,4(sp)
    ace0:	c64e                	sw	s3,12(sp)
    ace2:	c422                	sw	s0,8(sp)
    ace4:	e79f50ef          	jal	ra,b5c <GPIO_Init>
    ace8:	4991                	li	s3,4
    acea:	004c                	addi	a1,sp,4
    acec:	80090513          	addi	a0,s2,-2048
    acf0:	01511223          	sh	s5,4(sp)
    acf4:	c422                	sw	s0,8(sp)
    acf6:	c64e                	sw	s3,12(sp)
    acf8:	e65f50ef          	jal	ra,b5c <GPIO_Init>
    acfc:	08000793          	li	a5,128
    ad00:	004c                	addi	a1,sp,4
    ad02:	80090513          	addi	a0,s2,-2048
    ad06:	827c                	sh	a5,4(sp)
    ad08:	c422                	sw	s0,8(sp)
    ad0a:	c64e                	sw	s3,12(sp)
    ad0c:	e51f50ef          	jal	ra,b5c <GPIO_Init>
    ad10:	47c1                	li	a5,16
    ad12:	004c                	addi	a1,sp,4
    ad14:	40011537          	lui	a0,0x40011
    ad18:	827c                	sh	a5,4(sp)
    ad1a:	c422                	sw	s0,8(sp)
    ad1c:	c64e                	sw	s3,12(sp)
    ad1e:	e3ff50ef          	jal	ra,b5c <GPIO_Init>
    ad22:	02000793          	li	a5,32
    ad26:	004c                	addi	a1,sp,4
    ad28:	40011537          	lui	a0,0x40011
    ad2c:	827c                	sh	a5,4(sp)
    ad2e:	c422                	sw	s0,8(sp)
    ad30:	c64e                	sw	s3,12(sp)
    ad32:	e2bf50ef          	jal	ra,b5c <GPIO_Init>
    ad36:	4501                	li	a0,0
    ad38:	914f60ef          	jal	ra,e4c <RCC_PLL3Cmd>
    ad3c:	4541                	li	a0,16
    ad3e:	8ecf60ef          	jal	ra,e2a <RCC_PREDIV2Config>
    ad42:	6535                	lui	a0,0xd
    ad44:	8f6f60ef          	jal	ra,e3a <RCC_PLL3Config>
    ad48:	4505                	li	a0,1
    ad4a:	902f60ef          	jal	ra,e4c <RCC_PLL3Cmd>
    ad4e:	9b818a13          	addi	s4,gp,-1608 # 20000238 <gPHYAddress>
    ad52:	03d00513          	li	a0,61
    ad56:	8a6f60ef          	jal	ra,dfc <RCC_GetFlagStatus>
    ad5a:	dd65                	beqz	a0,ad52 <ETH_Init+0x10c>
    ad5c:	6409                	lui	s0,0x2
    ad5e:	c11f50ef          	jal	ra,96e <ETH_DeInit>
    ad62:	71040413          	addi	s0,s0,1808 # 2710 <dhcp_coarse_tmr+0x2a>
    ad66:	d83f50ef          	jal	ra,ae8 <ETH_SoftwareReset>
    ad6a:	40029937          	lui	s2,0x40029
    ad6e:	147d                	addi	s0,s0,-1
    ad70:	0442                	slli	s0,s0,0x10
    ad72:	4529                	li	a0,10
    ad74:	8041                	srli	s0,s0,0x10
    ad76:	b80ff0ef          	jal	ra,a0f6 <vTaskDelay>
    ad7a:	c409                	beqz	s0,ad84 <ETH_Init+0x13e>
    ad7c:	00092783          	lw	a5,0(s2) # 40029000 <__freertos_irq_stack_top+0x20019000>
    ad80:	8b85                	andi	a5,a5,1
    ad82:	f7f5                	bnez	a5,ad6e <ETH_Init+0x128>
    ad84:	400287b7          	lui	a5,0x40028
    ad88:	000a5403          	lhu	s0,0(s4)
    ad8c:	20000713          	li	a4,512
    ad90:	0007a823          	sw	zero,16(a5) # 40028010 <__freertos_irq_stack_top+0x20018010>
    ad94:	c398                	sw	a4,0(a5)
    ad96:	04000713          	li	a4,64
    ad9a:	c3d8                	sw	a4,4(a5)
    ad9c:	0007a423          	sw	zero,8(a5)
    ada0:	0007a623          	sw	zero,12(a5)
    ada4:	0007ac23          	sw	zero,24(a5)
    ada8:	0007ae23          	sw	zero,28(a5)
    adac:	002007b7          	lui	a5,0x200
    adb0:	40029737          	lui	a4,0x40029
    adb4:	0c078793          	addi	a5,a5,192 # 2000c0 <_data_lma+0x1f1ba8>
    adb8:	cf1c                	sw	a5,24(a4)
    adba:	6621                	lui	a2,0x8
    adbc:	4581                	li	a1,0
    adbe:	8522                	mv	a0,s0
    adc0:	c19f50ef          	jal	ra,9d8 <ETH_WritePHYRegister>
    adc4:	3e800913          	li	s2,1000
    adc8:	197d                	addi	s2,s2,-1
    adca:	0942                	slli	s2,s2,0x10
    adcc:	4529                	li	a0,10
    adce:	01095913          	srli	s2,s2,0x10
    add2:	b24ff0ef          	jal	ra,a0f6 <vTaskDelay>
    add6:	0c091563          	bnez	s2,aea0 <ETH_Init+0x25a>
    adda:	4601                	li	a2,0
    addc:	45f9                	li	a1,30
    adde:	8522                	mv	a0,s0
    ade0:	bf9f50ef          	jal	ra,9d8 <ETH_WritePHYRegister>
    ade4:	1e100613          	li	a2,481
    ade8:	4591                	li	a1,4
    adea:	8522                	mv	a0,s0
    adec:	bedf50ef          	jal	ra,9d8 <ETH_WritePHYRegister>
    adf0:	6605                	lui	a2,0x1
    adf2:	20060613          	addi	a2,a2,512 # 1200 <sys_thread_new+0x44>
    adf6:	4581                	li	a1,0
    adf8:	8522                	mv	a0,s0
    adfa:	bdff50ef          	jal	ra,9d8 <ETH_WritePHYRegister>
    adfe:	30dc                	lbu	a5,5(s1)
    ae00:	20d8                	lbu	a4,4(s1)
    ae02:	400286b7          	lui	a3,0x40028
    ae06:	07a2                	slli	a5,a5,0x8
    ae08:	8fd9                	or	a5,a5,a4
    ae0a:	c2bc                	sw	a5,64(a3)
    ae0c:	3098                	lbu	a4,1(s1)
    ae0e:	209c                	lbu	a5,0(s1)
    ae10:	6561                	lui	a0,0x18
    ae12:	0722                	slli	a4,a4,0x8
    ae14:	8f5d                	or	a4,a4,a5
    ae16:	20bc                	lbu	a5,2(s1)
    ae18:	4585                	li	a1,1
    ae1a:	0c150513          	addi	a0,a0,193 # 180c1 <_data_lma+0x9ba9>
    ae1e:	07c2                	slli	a5,a5,0x10
    ae20:	8f5d                	or	a4,a4,a5
    ae22:	30bc                	lbu	a5,3(s1)
    ae24:	07e2                	slli	a5,a5,0x18
    ae26:	8fd9                	or	a5,a5,a4
    ae28:	c2fc                	sw	a5,68(a3)
    ae2a:	002007b7          	lui	a5,0x200
    ae2e:	10f6a823          	sw	a5,272(a3) # 40028110 <__freertos_irq_stack_top+0x20018110>
    ae32:	000207b7          	lui	a5,0x20
    ae36:	02078793          	addi	a5,a5,32 # 20020 <_data_lma+0x11b08>
    ae3a:	10f6a623          	sw	a5,268(a3)
    ae3e:	d01f50ef          	jal	ra,b3e <ETH_DMAITConfig>
    ae42:	20008537          	lui	a0,0x20008
    ae46:	200095b7          	lui	a1,0x20009
    ae4a:	cf050413          	addi	s0,a0,-784 # 20007cf0 <DMATxDscrTab>
    ae4e:	4609                	li	a2,2
    ae50:	4e058593          	addi	a1,a1,1248 # 200094e0 <MACTxBuf>
    ae54:	cf050513          	addi	a0,a0,-784
    ae58:	bfbf50ef          	jal	ra,a52 <ETH_DMATxDescChainInit>
    ae5c:	20008537          	lui	a0,0x20008
    ae60:	200085b7          	lui	a1,0x20008
    ae64:	cb050493          	addi	s1,a0,-848 # 20007cb0 <DMARxDscrTab>
    ae68:	4611                	li	a2,4
    ae6a:	d1058593          	addi	a1,a1,-752 # 20007d10 <MACRxBuf>
    ae6e:	cb050513          	addi	a0,a0,-848
    ae72:	c27f50ef          	jal	ra,a98 <ETH_DMARxDescChainInit>
    ae76:	9c91a023          	sw	s1,-1600(gp) # 20000240 <pDMARxSet>
    ae7a:	9c81a223          	sw	s0,-1596(gp) # 20000244 <pDMATxSet>
    ae7e:	9b41a783          	lw	a5,-1612(gp) # 20000234 <LocalTime>
    ae82:	fce78793          	addi	a5,a5,-50
    ae86:	9af1ae23          	sw	a5,-1604(gp) # 2000023c <link_poll_time>
    ae8a:	e000e7b7          	lui	a5,0xe000e
    ae8e:	6709                	lui	a4,0x2
    ae90:	10e7a423          	sw	a4,264(a5) # e000e108 <__freertos_irq_stack_top+0xbfffe108>
    ae94:	5741                	li	a4,-16
    ae96:	44e786a3          	sb	a4,1101(a5)
    ae9a:	0141                	addi	sp,sp,16
    ae9c:	e8cf506f          	j	528 <__riscv_restore_4>
    aea0:	4581                	li	a1,0
    aea2:	8522                	mv	a0,s0
    aea4:	addf50ef          	jal	ra,980 <ETH_ReadPHYRegister>
    aea8:	01051793          	slli	a5,a0,0x10
    aeac:	f007cee3          	bltz	a5,adc8 <ETH_Init+0x182>
    aeb0:	b72d                	j	adda <ETH_Init+0x194>

0000aeb2 <ETH_IRQHandler>:
    aeb2:	1141                	addi	sp,sp,-16
    aeb4:	400297b7          	lui	a5,0x40029
    aeb8:	c622                	sw	s0,12(sp)
    aeba:	4bc0                	lw	s0,20(a5)
    aebc:	01041713          	slli	a4,s0,0x10
    aec0:	00075e63          	bgez	a4,aedc <ETH_IRQHandler+0x2a>
    aec4:	08047713          	andi	a4,s0,128
    aec8:	c719                	beqz	a4,aed6 <ETH_IRQHandler+0x24>
    aeca:	0007a423          	sw	zero,8(a5) # 40029008 <__freertos_irq_stack_top+0x20019008>
    aece:	08000513          	li	a0,128
    aed2:	c25f50ef          	jal	ra,af6 <ETH_DMAClearITPendingBit>
    aed6:	6521                	lui	a0,0x8
    aed8:	c1ff50ef          	jal	ra,af6 <ETH_DMAClearITPendingBit>
    aedc:	00f41793          	slli	a5,s0,0xf
    aee0:	0207d563          	bgez	a5,af0a <ETH_IRQHandler+0x58>
    aee4:	04047793          	andi	a5,s0,64
    aee8:	c799                	beqz	a5,aef6 <ETH_IRQHandler+0x44>
    aeea:	c08f60ef          	jal	ra,12f2 <ethernetif_rx_signal>
    aeee:	04000513          	li	a0,64
    aef2:	c05f50ef          	jal	ra,af6 <ETH_DMAClearITPendingBit>
    aef6:	8805                	andi	s0,s0,1
    aef8:	c411                	beqz	s0,af04 <ETH_IRQHandler+0x52>
    aefa:	c22f60ef          	jal	ra,131c <ethernetif_tx_signal>
    aefe:	4505                	li	a0,1
    af00:	bf7f50ef          	jal	ra,af6 <ETH_DMAClearITPendingBit>
    af04:	6541                	lui	a0,0x10
    af06:	bf1f50ef          	jal	ra,af6 <ETH_DMAClearITPendingBit>
    af0a:	4432                	lw	s0,12(sp)
    af0c:	0141                	addi	sp,sp,16
    af0e:	30200073          	mret

0000af12 <USART_Printf_Init>:
    af12:	dfcf52ef          	jal	t0,50e <__riscv_save_0>
    af16:	842a                	mv	s0,a0
    af18:	6511                	lui	a0,0x4
    af1a:	1101                	addi	sp,sp,-32
    af1c:	4585                	li	a1,1
    af1e:	0511                	addi	a0,a0,4
    af20:	ebff50ef          	jal	ra,dde <RCC_APB2PeriphClockCmd>
    af24:	20000793          	li	a5,512
    af28:	827c                	sh	a5,4(sp)
    af2a:	40011537          	lui	a0,0x40011
    af2e:	478d                	li	a5,3
    af30:	c43e                	sw	a5,8(sp)
    af32:	004c                	addi	a1,sp,4
    af34:	47e1                	li	a5,24
    af36:	80050513          	addi	a0,a0,-2048 # 40010800 <__freertos_irq_stack_top+0x20000800>
    af3a:	c63e                	sw	a5,12(sp)
    af3c:	c21f50ef          	jal	ra,b5c <GPIO_Init>
    af40:	c822                	sw	s0,16(sp)
    af42:	40014437          	lui	s0,0x40014
    af46:	000807b7          	lui	a5,0x80
    af4a:	080c                	addi	a1,sp,16
    af4c:	80040513          	addi	a0,s0,-2048 # 40013800 <__freertos_irq_stack_top+0x20003800>
    af50:	cc3e                	sw	a5,24(sp)
    af52:	ca02                	sw	zero,20(sp)
    af54:	00011e23          	sh	zero,28(sp)
    af58:	f37f50ef          	jal	ra,e8e <USART_Init>
    af5c:	4585                	li	a1,1
    af5e:	80040513          	addi	a0,s0,-2048
    af62:	fc9f50ef          	jal	ra,f2a <USART_Cmd>
    af66:	6105                	addi	sp,sp,32
    af68:	dcaf506f          	j	532 <__riscv_restore_0>

0000af6c <_write>:
    af6c:	d88f52ef          	jal	t0,4f4 <__riscv_save_4>
    af70:	400144b7          	lui	s1,0x40014
    af74:	89ae                	mv	s3,a1
    af76:	8932                	mv	s2,a2
    af78:	4401                	li	s0,0
    af7a:	80048493          	addi	s1,s1,-2048 # 40013800 <__freertos_irq_stack_top+0x20003800>
    af7e:	01244563          	blt	s0,s2,af88 <_write+0x1c>
    af82:	854a                	mv	a0,s2
    af84:	da4f506f          	j	528 <__riscv_restore_4>
    af88:	04000593          	li	a1,64
    af8c:	8526                	mv	a0,s1
    af8e:	fbbf50ef          	jal	ra,f48 <USART_GetFlagStatus>
    af92:	d97d                	beqz	a0,af88 <_write+0x1c>
    af94:	008987b3          	add	a5,s3,s0
    af98:	00078583          	lb	a1,0(a5) # 80000 <_data_lma+0x71ae8>
    af9c:	8526                	mv	a0,s1
    af9e:	0405                	addi	s0,s0,1
    afa0:	05c2                	slli	a1,a1,0x10
    afa2:	81c1                	srli	a1,a1,0x10
    afa4:	f9df50ef          	jal	ra,f40 <USART_SendData>
    afa8:	bfd9                	j	af7e <_write+0x12>

0000afaa <_sbrk>:
    afaa:	81818713          	addi	a4,gp,-2024 # 20000098 <curbrk.5565>
    afae:	431c                	lw	a5,0(a4)
    afb0:	2000a6b7          	lui	a3,0x2000a
    afb4:	0cc68693          	addi	a3,a3,204 # 2000a0cc <_ebss>
    afb8:	953e                	add	a0,a0,a5
    afba:	00d56b63          	bltu	a0,a3,afd0 <_sbrk+0x26>
    afbe:	200106b7          	lui	a3,0x20010
    afc2:	80068693          	addi	a3,a3,-2048 # 2000f800 <_heap_end>
    afc6:	00a6e563          	bltu	a3,a0,afd0 <_sbrk+0x26>
    afca:	c308                	sw	a0,0(a4)
    afcc:	853e                	mv	a0,a5
    afce:	8082                	ret
    afd0:	57fd                	li	a5,-1
    afd2:	bfed                	j	afcc <_sbrk+0x22>

0000afd4 <memcmp>:
    afd4:	4701                	li	a4,0
    afd6:	00e61463          	bne	a2,a4,afde <memcmp+0xa>
    afda:	4501                	li	a0,0
    afdc:	8082                	ret
    afde:	00e507b3          	add	a5,a0,a4
    afe2:	0705                	addi	a4,a4,1
    afe4:	00e586b3          	add	a3,a1,a4
    afe8:	239c                	lbu	a5,0(a5)
    afea:	fff6c683          	lbu	a3,-1(a3)
    afee:	fed784e3          	beq	a5,a3,afd6 <memcmp+0x2>
    aff2:	40d78533          	sub	a0,a5,a3
    aff6:	8082                	ret

0000aff8 <memcpy>:
    aff8:	00a5c7b3          	xor	a5,a1,a0
    affc:	8b8d                	andi	a5,a5,3
    affe:	00c50733          	add	a4,a0,a2
    b002:	e781                	bnez	a5,b00a <memcpy+0x12>
    b004:	478d                	li	a5,3
    b006:	00c7ed63          	bltu	a5,a2,b020 <memcpy+0x28>
    b00a:	87aa                	mv	a5,a0
    b00c:	08e57e63          	bgeu	a0,a4,b0a8 <memcpy+0xb0>
    b010:	2194                	lbu	a3,0(a1)
    b012:	0785                	addi	a5,a5,1
    b014:	0585                	addi	a1,a1,1
    b016:	fed78fa3          	sb	a3,-1(a5)
    b01a:	fee7ebe3          	bltu	a5,a4,b010 <memcpy+0x18>
    b01e:	8082                	ret
    b020:	00357693          	andi	a3,a0,3
    b024:	87aa                	mv	a5,a0
    b026:	ca89                	beqz	a3,b038 <memcpy+0x40>
    b028:	2194                	lbu	a3,0(a1)
    b02a:	0785                	addi	a5,a5,1
    b02c:	0585                	addi	a1,a1,1
    b02e:	fed78fa3          	sb	a3,-1(a5)
    b032:	0037f693          	andi	a3,a5,3
    b036:	bfc5                	j	b026 <memcpy+0x2e>
    b038:	ffc77693          	andi	a3,a4,-4
    b03c:	fe068613          	addi	a2,a3,-32
    b040:	06c7f063          	bgeu	a5,a2,b0a0 <memcpy+0xa8>
    b044:	0005a383          	lw	t2,0(a1)
    b048:	0045a283          	lw	t0,4(a1)
    b04c:	0085af83          	lw	t6,8(a1)
    b050:	00c5af03          	lw	t5,12(a1)
    b054:	0105ae83          	lw	t4,16(a1)
    b058:	0145ae03          	lw	t3,20(a1)
    b05c:	0185a303          	lw	t1,24(a1)
    b060:	01c5a883          	lw	a7,28(a1)
    b064:	02458593          	addi	a1,a1,36
    b068:	0077a023          	sw	t2,0(a5)
    b06c:	ffc5a803          	lw	a6,-4(a1)
    b070:	0057a223          	sw	t0,4(a5)
    b074:	01f7a423          	sw	t6,8(a5)
    b078:	01e7a623          	sw	t5,12(a5)
    b07c:	01d7a823          	sw	t4,16(a5)
    b080:	01c7aa23          	sw	t3,20(a5)
    b084:	0067ac23          	sw	t1,24(a5)
    b088:	0117ae23          	sw	a7,28(a5)
    b08c:	02478793          	addi	a5,a5,36
    b090:	ff07ae23          	sw	a6,-4(a5)
    b094:	b775                	j	b040 <memcpy+0x48>
    b096:	4190                	lw	a2,0(a1)
    b098:	0791                	addi	a5,a5,4
    b09a:	0591                	addi	a1,a1,4
    b09c:	fec7ae23          	sw	a2,-4(a5)
    b0a0:	fed7ebe3          	bltu	a5,a3,b096 <memcpy+0x9e>
    b0a4:	f6e7e6e3          	bltu	a5,a4,b010 <memcpy+0x18>
    b0a8:	8082                	ret

0000b0aa <iprintf>:
    b0aa:	7139                	addi	sp,sp,-64
    b0ac:	da3e                	sw	a5,52(sp)
    b0ae:	d22e                	sw	a1,36(sp)
    b0b0:	d432                	sw	a2,40(sp)
    b0b2:	d636                	sw	a3,44(sp)
    b0b4:	d83a                	sw	a4,48(sp)
    b0b6:	dc42                	sw	a6,56(sp)
    b0b8:	de46                	sw	a7,60(sp)
    b0ba:	81c18793          	addi	a5,gp,-2020 # 2000009c <_impure_ptr>
    b0be:	cc22                	sw	s0,24(sp)
    b0c0:	4380                	lw	s0,0(a5)
    b0c2:	ca26                	sw	s1,20(sp)
    b0c4:	ce06                	sw	ra,28(sp)
    b0c6:	84aa                	mv	s1,a0
    b0c8:	c409                	beqz	s0,b0d2 <iprintf+0x28>
    b0ca:	4c1c                	lw	a5,24(s0)
    b0cc:	e399                	bnez	a5,b0d2 <iprintf+0x28>
    b0ce:	8522                	mv	a0,s0
    b0d0:	2349                	jal	b652 <__sinit>
    b0d2:	440c                	lw	a1,8(s0)
    b0d4:	1054                	addi	a3,sp,36
    b0d6:	8626                	mv	a2,s1
    b0d8:	8522                	mv	a0,s0
    b0da:	c636                	sw	a3,12(sp)
    b0dc:	1c7000ef          	jal	ra,baa2 <_vfiprintf_r>
    b0e0:	40f2                	lw	ra,28(sp)
    b0e2:	4462                	lw	s0,24(sp)
    b0e4:	44d2                	lw	s1,20(sp)
    b0e6:	6121                	addi	sp,sp,64
    b0e8:	8082                	ret

0000b0ea <_puts_r>:
    b0ea:	1101                	addi	sp,sp,-32
    b0ec:	ca26                	sw	s1,20(sp)
    b0ee:	c84a                	sw	s2,16(sp)
    b0f0:	ce06                	sw	ra,28(sp)
    b0f2:	cc22                	sw	s0,24(sp)
    b0f4:	c64e                	sw	s3,12(sp)
    b0f6:	c452                	sw	s4,8(sp)
    b0f8:	84aa                	mv	s1,a0
    b0fa:	892e                	mv	s2,a1
    b0fc:	c501                	beqz	a0,b104 <_puts_r+0x1a>
    b0fe:	4d1c                	lw	a5,24(a0)
    b100:	e391                	bnez	a5,b104 <_puts_r+0x1a>
    b102:	2b81                	jal	b652 <__sinit>
    b104:	4c9c                	lw	a5,24(s1)
    b106:	4480                	lw	s0,8(s1)
    b108:	e399                	bnez	a5,b10e <_puts_r+0x24>
    b10a:	8526                	mv	a0,s1
    b10c:	2399                	jal	b652 <__sinit>
    b10e:	00003797          	auipc	a5,0x3
    b112:	38e78793          	addi	a5,a5,910 # e49c <__sf_fake_stdin>
    b116:	02f41b63          	bne	s0,a5,b14c <_puts_r+0x62>
    b11a:	40c0                	lw	s0,4(s1)
    b11c:	245e                	lhu	a5,12(s0)
    b11e:	8ba1                	andi	a5,a5,8
    b120:	c7b1                	beqz	a5,b16c <_puts_r+0x82>
    b122:	481c                	lw	a5,16(s0)
    b124:	c7a1                	beqz	a5,b16c <_puts_r+0x82>
    b126:	59fd                	li	s3,-1
    b128:	4a29                	li	s4,10
    b12a:	441c                	lw	a5,8(s0)
    b12c:	00094583          	lbu	a1,0(s2)
    b130:	17fd                	addi	a5,a5,-1
    b132:	e9b1                	bnez	a1,b186 <_puts_r+0x9c>
    b134:	c41c                	sw	a5,8(s0)
    b136:	0607dd63          	bgez	a5,b1b0 <_puts_r+0xc6>
    b13a:	8622                	mv	a2,s0
    b13c:	45a9                	li	a1,10
    b13e:	8526                	mv	a0,s1
    b140:	2239                	jal	b24e <__swbuf_r>
    b142:	57fd                	li	a5,-1
    b144:	02f50863          	beq	a0,a5,b174 <_puts_r+0x8a>
    b148:	4529                	li	a0,10
    b14a:	a035                	j	b176 <_puts_r+0x8c>
    b14c:	00003797          	auipc	a5,0x3
    b150:	37078793          	addi	a5,a5,880 # e4bc <__sf_fake_stdout>
    b154:	00f41463          	bne	s0,a5,b15c <_puts_r+0x72>
    b158:	4480                	lw	s0,8(s1)
    b15a:	b7c9                	j	b11c <_puts_r+0x32>
    b15c:	00003797          	auipc	a5,0x3
    b160:	32078793          	addi	a5,a5,800 # e47c <__sf_fake_stderr>
    b164:	faf41ce3          	bne	s0,a5,b11c <_puts_r+0x32>
    b168:	44c0                	lw	s0,12(s1)
    b16a:	bf4d                	j	b11c <_puts_r+0x32>
    b16c:	85a2                	mv	a1,s0
    b16e:	8526                	mv	a0,s1
    b170:	2a69                	jal	b30a <__swsetup_r>
    b172:	d955                	beqz	a0,b126 <_puts_r+0x3c>
    b174:	557d                	li	a0,-1
    b176:	40f2                	lw	ra,28(sp)
    b178:	4462                	lw	s0,24(sp)
    b17a:	44d2                	lw	s1,20(sp)
    b17c:	4942                	lw	s2,16(sp)
    b17e:	49b2                	lw	s3,12(sp)
    b180:	4a22                	lw	s4,8(sp)
    b182:	6105                	addi	sp,sp,32
    b184:	8082                	ret
    b186:	c41c                	sw	a5,8(s0)
    b188:	0905                	addi	s2,s2,1
    b18a:	0007d763          	bgez	a5,b198 <_puts_r+0xae>
    b18e:	4c18                	lw	a4,24(s0)
    b190:	00e7ca63          	blt	a5,a4,b1a4 <_puts_r+0xba>
    b194:	01458863          	beq	a1,s4,b1a4 <_puts_r+0xba>
    b198:	401c                	lw	a5,0(s0)
    b19a:	00178713          	addi	a4,a5,1
    b19e:	c018                	sw	a4,0(s0)
    b1a0:	a38c                	sb	a1,0(a5)
    b1a2:	b761                	j	b12a <_puts_r+0x40>
    b1a4:	8622                	mv	a2,s0
    b1a6:	8526                	mv	a0,s1
    b1a8:	205d                	jal	b24e <__swbuf_r>
    b1aa:	f93510e3          	bne	a0,s3,b12a <_puts_r+0x40>
    b1ae:	b7d9                	j	b174 <_puts_r+0x8a>
    b1b0:	401c                	lw	a5,0(s0)
    b1b2:	00178713          	addi	a4,a5,1
    b1b6:	c018                	sw	a4,0(s0)
    b1b8:	4729                	li	a4,10
    b1ba:	a398                	sb	a4,0(a5)
    b1bc:	b771                	j	b148 <_puts_r+0x5e>

0000b1be <puts>:
    b1be:	81c18793          	addi	a5,gp,-2020 # 2000009c <_impure_ptr>
    b1c2:	85aa                	mv	a1,a0
    b1c4:	4388                	lw	a0,0(a5)
    b1c6:	f25ff06f          	j	b0ea <_puts_r>

0000b1ca <rand>:
    b1ca:	1141                	addi	sp,sp,-16
    b1cc:	81c18793          	addi	a5,gp,-2020 # 2000009c <_impure_ptr>
    b1d0:	c422                	sw	s0,8(sp)
    b1d2:	4380                	lw	s0,0(a5)
    b1d4:	c606                	sw	ra,12(sp)
    b1d6:	5c1c                	lw	a5,56(s0)
    b1d8:	eb8d                	bnez	a5,b20a <rand+0x40>
    b1da:	4561                	li	a0,24
    b1dc:	2dd9                	jal	b8b2 <malloc>
    b1de:	abcd37b7          	lui	a5,0xabcd3
    b1e2:	dc08                	sw	a0,56(s0)
    b1e4:	30e78793          	addi	a5,a5,782 # abcd330e <__freertos_irq_stack_top+0x8bcc330e>
    b1e8:	c11c                	sw	a5,0(a0)
    b1ea:	e66d17b7          	lui	a5,0xe66d1
    b1ee:	23478793          	addi	a5,a5,564 # e66d1234 <__freertos_irq_stack_top+0xc66c1234>
    b1f2:	c15c                	sw	a5,4(a0)
    b1f4:	0005e7b7          	lui	a5,0x5e
    b1f8:	eec78793          	addi	a5,a5,-276 # 5deec <_data_lma+0x4f9d4>
    b1fc:	c51c                	sw	a5,8(a0)
    b1fe:	47ad                	li	a5,11
    b200:	a55e                	sh	a5,12(a0)
    b202:	4705                	li	a4,1
    b204:	4781                	li	a5,0
    b206:	c918                	sw	a4,16(a0)
    b208:	c95c                	sw	a5,20(a0)
    b20a:	5c10                	lw	a2,56(s0)
    b20c:	4c958737          	lui	a4,0x4c958
    b210:	5851f7b7          	lui	a5,0x5851f
    b214:	4a14                	lw	a3,16(a2)
    b216:	4a48                	lw	a0,20(a2)
    b218:	f2d70713          	addi	a4,a4,-211 # 4c957f2d <__freertos_irq_stack_top+0x2c947f2d>
    b21c:	42d78793          	addi	a5,a5,1069 # 5851f42d <__freertos_irq_stack_top+0x3850f42d>
    b220:	02f687b3          	mul	a5,a3,a5
    b224:	40b2                	lw	ra,12(sp)
    b226:	4422                	lw	s0,8(sp)
    b228:	02e50533          	mul	a0,a0,a4
    b22c:	953e                	add	a0,a0,a5
    b22e:	02e687b3          	mul	a5,a3,a4
    b232:	02e6b733          	mulhu	a4,a3,a4
    b236:	00178693          	addi	a3,a5,1
    b23a:	ca14                	sw	a3,16(a2)
    b23c:	972a                	add	a4,a4,a0
    b23e:	00f6b533          	sltu	a0,a3,a5
    b242:	953a                	add	a0,a0,a4
    b244:	ca48                	sw	a0,20(a2)
    b246:	0506                	slli	a0,a0,0x1
    b248:	8105                	srli	a0,a0,0x1
    b24a:	0141                	addi	sp,sp,16
    b24c:	8082                	ret

0000b24e <__swbuf_r>:
    b24e:	1101                	addi	sp,sp,-32
    b250:	cc22                	sw	s0,24(sp)
    b252:	ca26                	sw	s1,20(sp)
    b254:	c84a                	sw	s2,16(sp)
    b256:	ce06                	sw	ra,28(sp)
    b258:	c64e                	sw	s3,12(sp)
    b25a:	84aa                	mv	s1,a0
    b25c:	892e                	mv	s2,a1
    b25e:	8432                	mv	s0,a2
    b260:	c501                	beqz	a0,b268 <__swbuf_r+0x1a>
    b262:	4d1c                	lw	a5,24(a0)
    b264:	e391                	bnez	a5,b268 <__swbuf_r+0x1a>
    b266:	26f5                	jal	b652 <__sinit>
    b268:	00003797          	auipc	a5,0x3
    b26c:	23478793          	addi	a5,a5,564 # e49c <__sf_fake_stdin>
    b270:	06f41763          	bne	s0,a5,b2de <__swbuf_r+0x90>
    b274:	40c0                	lw	s0,4(s1)
    b276:	4c1c                	lw	a5,24(s0)
    b278:	c41c                	sw	a5,8(s0)
    b27a:	245e                	lhu	a5,12(s0)
    b27c:	8ba1                	andi	a5,a5,8
    b27e:	c3c1                	beqz	a5,b2fe <__swbuf_r+0xb0>
    b280:	481c                	lw	a5,16(s0)
    b282:	cfb5                	beqz	a5,b2fe <__swbuf_r+0xb0>
    b284:	481c                	lw	a5,16(s0)
    b286:	4008                	lw	a0,0(s0)
    b288:	0ff97993          	andi	s3,s2,255
    b28c:	0ff97913          	andi	s2,s2,255
    b290:	8d1d                	sub	a0,a0,a5
    b292:	485c                	lw	a5,20(s0)
    b294:	00f54663          	blt	a0,a5,b2a0 <__swbuf_r+0x52>
    b298:	85a2                	mv	a1,s0
    b29a:	8526                	mv	a0,s1
    b29c:	2c69                	jal	b536 <_fflush_r>
    b29e:	e525                	bnez	a0,b306 <__swbuf_r+0xb8>
    b2a0:	441c                	lw	a5,8(s0)
    b2a2:	0505                	addi	a0,a0,1
    b2a4:	17fd                	addi	a5,a5,-1
    b2a6:	c41c                	sw	a5,8(s0)
    b2a8:	401c                	lw	a5,0(s0)
    b2aa:	00178713          	addi	a4,a5,1
    b2ae:	c018                	sw	a4,0(s0)
    b2b0:	01378023          	sb	s3,0(a5)
    b2b4:	485c                	lw	a5,20(s0)
    b2b6:	00a78863          	beq	a5,a0,b2c6 <__swbuf_r+0x78>
    b2ba:	245e                	lhu	a5,12(s0)
    b2bc:	8b85                	andi	a5,a5,1
    b2be:	cb81                	beqz	a5,b2ce <__swbuf_r+0x80>
    b2c0:	47a9                	li	a5,10
    b2c2:	00f91663          	bne	s2,a5,b2ce <__swbuf_r+0x80>
    b2c6:	85a2                	mv	a1,s0
    b2c8:	8526                	mv	a0,s1
    b2ca:	24b5                	jal	b536 <_fflush_r>
    b2cc:	ed0d                	bnez	a0,b306 <__swbuf_r+0xb8>
    b2ce:	40f2                	lw	ra,28(sp)
    b2d0:	4462                	lw	s0,24(sp)
    b2d2:	854a                	mv	a0,s2
    b2d4:	44d2                	lw	s1,20(sp)
    b2d6:	4942                	lw	s2,16(sp)
    b2d8:	49b2                	lw	s3,12(sp)
    b2da:	6105                	addi	sp,sp,32
    b2dc:	8082                	ret
    b2de:	00003797          	auipc	a5,0x3
    b2e2:	1de78793          	addi	a5,a5,478 # e4bc <__sf_fake_stdout>
    b2e6:	00f41463          	bne	s0,a5,b2ee <__swbuf_r+0xa0>
    b2ea:	4480                	lw	s0,8(s1)
    b2ec:	b769                	j	b276 <__swbuf_r+0x28>
    b2ee:	00003797          	auipc	a5,0x3
    b2f2:	18e78793          	addi	a5,a5,398 # e47c <__sf_fake_stderr>
    b2f6:	f8f410e3          	bne	s0,a5,b276 <__swbuf_r+0x28>
    b2fa:	44c0                	lw	s0,12(s1)
    b2fc:	bfad                	j	b276 <__swbuf_r+0x28>
    b2fe:	85a2                	mv	a1,s0
    b300:	8526                	mv	a0,s1
    b302:	2021                	jal	b30a <__swsetup_r>
    b304:	d141                	beqz	a0,b284 <__swbuf_r+0x36>
    b306:	597d                	li	s2,-1
    b308:	b7d9                	j	b2ce <__swbuf_r+0x80>

0000b30a <__swsetup_r>:
    b30a:	1141                	addi	sp,sp,-16
    b30c:	81c18793          	addi	a5,gp,-2020 # 2000009c <_impure_ptr>
    b310:	c226                	sw	s1,4(sp)
    b312:	4384                	lw	s1,0(a5)
    b314:	c422                	sw	s0,8(sp)
    b316:	c04a                	sw	s2,0(sp)
    b318:	c606                	sw	ra,12(sp)
    b31a:	892a                	mv	s2,a0
    b31c:	842e                	mv	s0,a1
    b31e:	c489                	beqz	s1,b328 <__swsetup_r+0x1e>
    b320:	4c9c                	lw	a5,24(s1)
    b322:	e399                	bnez	a5,b328 <__swsetup_r+0x1e>
    b324:	8526                	mv	a0,s1
    b326:	2635                	jal	b652 <__sinit>
    b328:	00003797          	auipc	a5,0x3
    b32c:	17478793          	addi	a5,a5,372 # e49c <__sf_fake_stdin>
    b330:	02f41b63          	bne	s0,a5,b366 <__swsetup_r+0x5c>
    b334:	40c0                	lw	s0,4(s1)
    b336:	00c41703          	lh	a4,12(s0)
    b33a:	01071793          	slli	a5,a4,0x10
    b33e:	83c1                	srli	a5,a5,0x10
    b340:	0087f693          	andi	a3,a5,8
    b344:	eaad                	bnez	a3,b3b6 <__swsetup_r+0xac>
    b346:	0107f693          	andi	a3,a5,16
    b34a:	ee95                	bnez	a3,b386 <__swsetup_r+0x7c>
    b34c:	47a5                	li	a5,9
    b34e:	00f92023          	sw	a5,0(s2)
    b352:	04076713          	ori	a4,a4,64
    b356:	a45a                	sh	a4,12(s0)
    b358:	557d                	li	a0,-1
    b35a:	40b2                	lw	ra,12(sp)
    b35c:	4422                	lw	s0,8(sp)
    b35e:	4492                	lw	s1,4(sp)
    b360:	4902                	lw	s2,0(sp)
    b362:	0141                	addi	sp,sp,16
    b364:	8082                	ret
    b366:	00003797          	auipc	a5,0x3
    b36a:	15678793          	addi	a5,a5,342 # e4bc <__sf_fake_stdout>
    b36e:	00f41463          	bne	s0,a5,b376 <__swsetup_r+0x6c>
    b372:	4480                	lw	s0,8(s1)
    b374:	b7c9                	j	b336 <__swsetup_r+0x2c>
    b376:	00003797          	auipc	a5,0x3
    b37a:	10678793          	addi	a5,a5,262 # e47c <__sf_fake_stderr>
    b37e:	faf41ce3          	bne	s0,a5,b336 <__swsetup_r+0x2c>
    b382:	44c0                	lw	s0,12(s1)
    b384:	bf4d                	j	b336 <__swsetup_r+0x2c>
    b386:	8b91                	andi	a5,a5,4
    b388:	c39d                	beqz	a5,b3ae <__swsetup_r+0xa4>
    b38a:	584c                	lw	a1,52(s0)
    b38c:	c989                	beqz	a1,b39e <__swsetup_r+0x94>
    b38e:	04440793          	addi	a5,s0,68
    b392:	00f58463          	beq	a1,a5,b39a <__swsetup_r+0x90>
    b396:	854a                	mv	a0,s2
    b398:	2315                	jal	b8bc <_free_r>
    b39a:	02042a23          	sw	zero,52(s0)
    b39e:	245e                	lhu	a5,12(s0)
    b3a0:	00042223          	sw	zero,4(s0)
    b3a4:	fdb7f793          	andi	a5,a5,-37
    b3a8:	a45e                	sh	a5,12(s0)
    b3aa:	481c                	lw	a5,16(s0)
    b3ac:	c01c                	sw	a5,0(s0)
    b3ae:	245e                	lhu	a5,12(s0)
    b3b0:	0087e793          	ori	a5,a5,8
    b3b4:	a45e                	sh	a5,12(s0)
    b3b6:	481c                	lw	a5,16(s0)
    b3b8:	eb99                	bnez	a5,b3ce <__swsetup_r+0xc4>
    b3ba:	245e                	lhu	a5,12(s0)
    b3bc:	20000713          	li	a4,512
    b3c0:	2807f793          	andi	a5,a5,640
    b3c4:	00e78563          	beq	a5,a4,b3ce <__swsetup_r+0xc4>
    b3c8:	85a2                	mv	a1,s0
    b3ca:	854a                	mv	a0,s2
    b3cc:	2991                	jal	b820 <__smakebuf_r>
    b3ce:	245e                	lhu	a5,12(s0)
    b3d0:	0017f713          	andi	a4,a5,1
    b3d4:	c31d                	beqz	a4,b3fa <__swsetup_r+0xf0>
    b3d6:	485c                	lw	a5,20(s0)
    b3d8:	00042423          	sw	zero,8(s0)
    b3dc:	40f007b3          	neg	a5,a5
    b3e0:	cc1c                	sw	a5,24(s0)
    b3e2:	481c                	lw	a5,16(s0)
    b3e4:	4501                	li	a0,0
    b3e6:	fbb5                	bnez	a5,b35a <__swsetup_r+0x50>
    b3e8:	00c41783          	lh	a5,12(s0)
    b3ec:	0807f713          	andi	a4,a5,128
    b3f0:	d72d                	beqz	a4,b35a <__swsetup_r+0x50>
    b3f2:	0407e793          	ori	a5,a5,64
    b3f6:	a45e                	sh	a5,12(s0)
    b3f8:	b785                	j	b358 <__swsetup_r+0x4e>
    b3fa:	8b89                	andi	a5,a5,2
    b3fc:	4701                	li	a4,0
    b3fe:	e391                	bnez	a5,b402 <__swsetup_r+0xf8>
    b400:	4858                	lw	a4,20(s0)
    b402:	c418                	sw	a4,8(s0)
    b404:	bff9                	j	b3e2 <__swsetup_r+0xd8>

0000b406 <__sflush_r>:
    b406:	25de                	lhu	a5,12(a1)
    b408:	1101                	addi	sp,sp,-32
    b40a:	cc22                	sw	s0,24(sp)
    b40c:	ca26                	sw	s1,20(sp)
    b40e:	ce06                	sw	ra,28(sp)
    b410:	c84a                	sw	s2,16(sp)
    b412:	c64e                	sw	s3,12(sp)
    b414:	0087f713          	andi	a4,a5,8
    b418:	84aa                	mv	s1,a0
    b41a:	842e                	mv	s0,a1
    b41c:	eb79                	bnez	a4,b4f2 <__sflush_r+0xec>
    b41e:	41d8                	lw	a4,4(a1)
    b420:	00e04d63          	bgtz	a4,b43a <__sflush_r+0x34>
    b424:	41b8                	lw	a4,64(a1)
    b426:	00e04a63          	bgtz	a4,b43a <__sflush_r+0x34>
    b42a:	4501                	li	a0,0
    b42c:	40f2                	lw	ra,28(sp)
    b42e:	4462                	lw	s0,24(sp)
    b430:	44d2                	lw	s1,20(sp)
    b432:	4942                	lw	s2,16(sp)
    b434:	49b2                	lw	s3,12(sp)
    b436:	6105                	addi	sp,sp,32
    b438:	8082                	ret
    b43a:	5458                	lw	a4,44(s0)
    b43c:	d77d                	beqz	a4,b42a <__sflush_r+0x24>
    b43e:	0004a903          	lw	s2,0(s1)
    b442:	01379693          	slli	a3,a5,0x13
    b446:	0004a023          	sw	zero,0(s1)
    b44a:	0606db63          	bgez	a3,b4c0 <__sflush_r+0xba>
    b44e:	4870                	lw	a2,84(s0)
    b450:	245e                	lhu	a5,12(s0)
    b452:	8b91                	andi	a5,a5,4
    b454:	c799                	beqz	a5,b462 <__sflush_r+0x5c>
    b456:	405c                	lw	a5,4(s0)
    b458:	8e1d                	sub	a2,a2,a5
    b45a:	585c                	lw	a5,52(s0)
    b45c:	c399                	beqz	a5,b462 <__sflush_r+0x5c>
    b45e:	403c                	lw	a5,64(s0)
    b460:	8e1d                	sub	a2,a2,a5
    b462:	545c                	lw	a5,44(s0)
    b464:	500c                	lw	a1,32(s0)
    b466:	4681                	li	a3,0
    b468:	8526                	mv	a0,s1
    b46a:	9782                	jalr	a5
    b46c:	57fd                	li	a5,-1
    b46e:	245a                	lhu	a4,12(s0)
    b470:	00f51d63          	bne	a0,a5,b48a <__sflush_r+0x84>
    b474:	4094                	lw	a3,0(s1)
    b476:	47f5                	li	a5,29
    b478:	06d7e863          	bltu	a5,a3,b4e8 <__sflush_r+0xe2>
    b47c:	204007b7          	lui	a5,0x20400
    b480:	0785                	addi	a5,a5,1
    b482:	00d7d7b3          	srl	a5,a5,a3
    b486:	8b85                	andi	a5,a5,1
    b488:	c3a5                	beqz	a5,b4e8 <__sflush_r+0xe2>
    b48a:	481c                	lw	a5,16(s0)
    b48c:	00042223          	sw	zero,4(s0)
    b490:	c01c                	sw	a5,0(s0)
    b492:	01371793          	slli	a5,a4,0x13
    b496:	0007d863          	bgez	a5,b4a6 <__sflush_r+0xa0>
    b49a:	57fd                	li	a5,-1
    b49c:	00f51463          	bne	a0,a5,b4a4 <__sflush_r+0x9e>
    b4a0:	409c                	lw	a5,0(s1)
    b4a2:	e391                	bnez	a5,b4a6 <__sflush_r+0xa0>
    b4a4:	c868                	sw	a0,84(s0)
    b4a6:	584c                	lw	a1,52(s0)
    b4a8:	0124a023          	sw	s2,0(s1)
    b4ac:	ddbd                	beqz	a1,b42a <__sflush_r+0x24>
    b4ae:	04440793          	addi	a5,s0,68
    b4b2:	00f58463          	beq	a1,a5,b4ba <__sflush_r+0xb4>
    b4b6:	8526                	mv	a0,s1
    b4b8:	2111                	jal	b8bc <_free_r>
    b4ba:	02042a23          	sw	zero,52(s0)
    b4be:	b7b5                	j	b42a <__sflush_r+0x24>
    b4c0:	500c                	lw	a1,32(s0)
    b4c2:	4601                	li	a2,0
    b4c4:	4685                	li	a3,1
    b4c6:	8526                	mv	a0,s1
    b4c8:	9702                	jalr	a4
    b4ca:	57fd                	li	a5,-1
    b4cc:	862a                	mv	a2,a0
    b4ce:	f8f511e3          	bne	a0,a5,b450 <__sflush_r+0x4a>
    b4d2:	409c                	lw	a5,0(s1)
    b4d4:	dfb5                	beqz	a5,b450 <__sflush_r+0x4a>
    b4d6:	4775                	li	a4,29
    b4d8:	00e78563          	beq	a5,a4,b4e2 <__sflush_r+0xdc>
    b4dc:	4759                	li	a4,22
    b4de:	04e79363          	bne	a5,a4,b524 <__sflush_r+0x11e>
    b4e2:	0124a023          	sw	s2,0(s1)
    b4e6:	b791                	j	b42a <__sflush_r+0x24>
    b4e8:	04076713          	ori	a4,a4,64
    b4ec:	a45a                	sh	a4,12(s0)
    b4ee:	557d                	li	a0,-1
    b4f0:	bf35                	j	b42c <__sflush_r+0x26>
    b4f2:	0105a983          	lw	s3,16(a1)
    b4f6:	f2098ae3          	beqz	s3,b42a <__sflush_r+0x24>
    b4fa:	0005a903          	lw	s2,0(a1)
    b4fe:	8b8d                	andi	a5,a5,3
    b500:	0135a023          	sw	s3,0(a1)
    b504:	41390933          	sub	s2,s2,s3
    b508:	4701                	li	a4,0
    b50a:	e391                	bnez	a5,b50e <__sflush_r+0x108>
    b50c:	49d8                	lw	a4,20(a1)
    b50e:	c418                	sw	a4,8(s0)
    b510:	f1205de3          	blez	s2,b42a <__sflush_r+0x24>
    b514:	541c                	lw	a5,40(s0)
    b516:	500c                	lw	a1,32(s0)
    b518:	86ca                	mv	a3,s2
    b51a:	864e                	mv	a2,s3
    b51c:	8526                	mv	a0,s1
    b51e:	9782                	jalr	a5
    b520:	00a04763          	bgtz	a0,b52e <__sflush_r+0x128>
    b524:	245e                	lhu	a5,12(s0)
    b526:	0407e793          	ori	a5,a5,64
    b52a:	a45e                	sh	a5,12(s0)
    b52c:	b7c9                	j	b4ee <__sflush_r+0xe8>
    b52e:	99aa                	add	s3,s3,a0
    b530:	40a90933          	sub	s2,s2,a0
    b534:	bff1                	j	b510 <__sflush_r+0x10a>

0000b536 <_fflush_r>:
    b536:	499c                	lw	a5,16(a1)
    b538:	c3a5                	beqz	a5,b598 <_fflush_r+0x62>
    b53a:	1101                	addi	sp,sp,-32
    b53c:	cc22                	sw	s0,24(sp)
    b53e:	ce06                	sw	ra,28(sp)
    b540:	842a                	mv	s0,a0
    b542:	c511                	beqz	a0,b54e <_fflush_r+0x18>
    b544:	4d1c                	lw	a5,24(a0)
    b546:	e781                	bnez	a5,b54e <_fflush_r+0x18>
    b548:	c62e                	sw	a1,12(sp)
    b54a:	2221                	jal	b652 <__sinit>
    b54c:	45b2                	lw	a1,12(sp)
    b54e:	00003797          	auipc	a5,0x3
    b552:	f4e78793          	addi	a5,a5,-178 # e49c <__sf_fake_stdin>
    b556:	00f59c63          	bne	a1,a5,b56e <_fflush_r+0x38>
    b55a:	404c                	lw	a1,4(s0)
    b55c:	00c59783          	lh	a5,12(a1)
    b560:	c79d                	beqz	a5,b58e <_fflush_r+0x58>
    b562:	8522                	mv	a0,s0
    b564:	4462                	lw	s0,24(sp)
    b566:	40f2                	lw	ra,28(sp)
    b568:	6105                	addi	sp,sp,32
    b56a:	e9dff06f          	j	b406 <__sflush_r>
    b56e:	00003797          	auipc	a5,0x3
    b572:	f4e78793          	addi	a5,a5,-178 # e4bc <__sf_fake_stdout>
    b576:	00f59463          	bne	a1,a5,b57e <_fflush_r+0x48>
    b57a:	440c                	lw	a1,8(s0)
    b57c:	b7c5                	j	b55c <_fflush_r+0x26>
    b57e:	00003797          	auipc	a5,0x3
    b582:	efe78793          	addi	a5,a5,-258 # e47c <__sf_fake_stderr>
    b586:	fcf59be3          	bne	a1,a5,b55c <_fflush_r+0x26>
    b58a:	444c                	lw	a1,12(s0)
    b58c:	bfc1                	j	b55c <_fflush_r+0x26>
    b58e:	40f2                	lw	ra,28(sp)
    b590:	4462                	lw	s0,24(sp)
    b592:	4501                	li	a0,0
    b594:	6105                	addi	sp,sp,32
    b596:	8082                	ret
    b598:	4501                	li	a0,0
    b59a:	8082                	ret

0000b59c <std>:
    b59c:	1141                	addi	sp,sp,-16
    b59e:	c422                	sw	s0,8(sp)
    b5a0:	c606                	sw	ra,12(sp)
    b5a2:	842a                	mv	s0,a0
    b5a4:	a54e                	sh	a1,12(a0)
    b5a6:	a572                	sh	a2,14(a0)
    b5a8:	00052023          	sw	zero,0(a0)
    b5ac:	00052223          	sw	zero,4(a0)
    b5b0:	00052423          	sw	zero,8(a0)
    b5b4:	06052223          	sw	zero,100(a0)
    b5b8:	00052823          	sw	zero,16(a0)
    b5bc:	00052a23          	sw	zero,20(a0)
    b5c0:	00052c23          	sw	zero,24(a0)
    b5c4:	4621                	li	a2,8
    b5c6:	4581                	li	a1,0
    b5c8:	05c50513          	addi	a0,a0,92
    b5cc:	f73f40ef          	jal	ra,53e <memset>
    b5d0:	00001797          	auipc	a5,0x1
    b5d4:	b3a78793          	addi	a5,a5,-1222 # c10a <__sread>
    b5d8:	d05c                	sw	a5,36(s0)
    b5da:	00001797          	auipc	a5,0x1
    b5de:	b5c78793          	addi	a5,a5,-1188 # c136 <__swrite>
    b5e2:	d41c                	sw	a5,40(s0)
    b5e4:	00001797          	auipc	a5,0x1
    b5e8:	b9a78793          	addi	a5,a5,-1126 # c17e <__sseek>
    b5ec:	d45c                	sw	a5,44(s0)
    b5ee:	00001797          	auipc	a5,0x1
    b5f2:	bc078793          	addi	a5,a5,-1088 # c1ae <__sclose>
    b5f6:	d000                	sw	s0,32(s0)
    b5f8:	d81c                	sw	a5,48(s0)
    b5fa:	40b2                	lw	ra,12(sp)
    b5fc:	4422                	lw	s0,8(sp)
    b5fe:	0141                	addi	sp,sp,16
    b600:	8082                	ret

0000b602 <_cleanup_r>:
    b602:	00000597          	auipc	a1,0x0
    b606:	f3458593          	addi	a1,a1,-204 # b536 <_fflush_r>
    b60a:	aa91                	j	b75e <_fwalk_reent>

0000b60c <__sfmoreglue>:
    b60c:	1141                	addi	sp,sp,-16
    b60e:	c226                	sw	s1,4(sp)
    b610:	06800613          	li	a2,104
    b614:	fff58493          	addi	s1,a1,-1
    b618:	02c484b3          	mul	s1,s1,a2
    b61c:	c04a                	sw	s2,0(sp)
    b61e:	892e                	mv	s2,a1
    b620:	c422                	sw	s0,8(sp)
    b622:	c606                	sw	ra,12(sp)
    b624:	07448593          	addi	a1,s1,116
    b628:	2e35                	jal	b964 <_malloc_r>
    b62a:	842a                	mv	s0,a0
    b62c:	cd01                	beqz	a0,b644 <__sfmoreglue+0x38>
    b62e:	00052023          	sw	zero,0(a0)
    b632:	01252223          	sw	s2,4(a0)
    b636:	0531                	addi	a0,a0,12
    b638:	c408                	sw	a0,8(s0)
    b63a:	06848613          	addi	a2,s1,104
    b63e:	4581                	li	a1,0
    b640:	efff40ef          	jal	ra,53e <memset>
    b644:	8522                	mv	a0,s0
    b646:	40b2                	lw	ra,12(sp)
    b648:	4422                	lw	s0,8(sp)
    b64a:	4492                	lw	s1,4(sp)
    b64c:	4902                	lw	s2,0(sp)
    b64e:	0141                	addi	sp,sp,16
    b650:	8082                	ret

0000b652 <__sinit>:
    b652:	4d1c                	lw	a5,24(a0)
    b654:	e7a5                	bnez	a5,b6bc <__sinit+0x6a>
    b656:	1141                	addi	sp,sp,-16
    b658:	c606                	sw	ra,12(sp)
    b65a:	c422                	sw	s0,8(sp)
    b65c:	00000797          	auipc	a5,0x0
    b660:	fa678793          	addi	a5,a5,-90 # b602 <_cleanup_r>
    b664:	d51c                	sw	a5,40(a0)
    b666:	84818793          	addi	a5,gp,-1976 # 200000c8 <_global_impure_ptr>
    b66a:	439c                	lw	a5,0(a5)
    b66c:	04052423          	sw	zero,72(a0)
    b670:	04052623          	sw	zero,76(a0)
    b674:	04052823          	sw	zero,80(a0)
    b678:	00f51463          	bne	a0,a5,b680 <__sinit+0x2e>
    b67c:	4785                	li	a5,1
    b67e:	cd1c                	sw	a5,24(a0)
    b680:	842a                	mv	s0,a0
    b682:	2835                	jal	b6be <__sfp>
    b684:	c048                	sw	a0,4(s0)
    b686:	8522                	mv	a0,s0
    b688:	281d                	jal	b6be <__sfp>
    b68a:	c408                	sw	a0,8(s0)
    b68c:	8522                	mv	a0,s0
    b68e:	2805                	jal	b6be <__sfp>
    b690:	c448                	sw	a0,12(s0)
    b692:	4048                	lw	a0,4(s0)
    b694:	4601                	li	a2,0
    b696:	4591                	li	a1,4
    b698:	f05ff0ef          	jal	ra,b59c <std>
    b69c:	4408                	lw	a0,8(s0)
    b69e:	4605                	li	a2,1
    b6a0:	45a5                	li	a1,9
    b6a2:	efbff0ef          	jal	ra,b59c <std>
    b6a6:	4448                	lw	a0,12(s0)
    b6a8:	4609                	li	a2,2
    b6aa:	45c9                	li	a1,18
    b6ac:	ef1ff0ef          	jal	ra,b59c <std>
    b6b0:	4785                	li	a5,1
    b6b2:	cc1c                	sw	a5,24(s0)
    b6b4:	40b2                	lw	ra,12(sp)
    b6b6:	4422                	lw	s0,8(sp)
    b6b8:	0141                	addi	sp,sp,16
    b6ba:	8082                	ret
    b6bc:	8082                	ret

0000b6be <__sfp>:
    b6be:	1141                	addi	sp,sp,-16
    b6c0:	84818793          	addi	a5,gp,-1976 # 200000c8 <_global_impure_ptr>
    b6c4:	c226                	sw	s1,4(sp)
    b6c6:	4384                	lw	s1,0(a5)
    b6c8:	c04a                	sw	s2,0(sp)
    b6ca:	c606                	sw	ra,12(sp)
    b6cc:	4c9c                	lw	a5,24(s1)
    b6ce:	c422                	sw	s0,8(sp)
    b6d0:	892a                	mv	s2,a0
    b6d2:	e781                	bnez	a5,b6da <__sfp+0x1c>
    b6d4:	8526                	mv	a0,s1
    b6d6:	f7dff0ef          	jal	ra,b652 <__sinit>
    b6da:	04848493          	addi	s1,s1,72
    b6de:	4480                	lw	s0,8(s1)
    b6e0:	40dc                	lw	a5,4(s1)
    b6e2:	17fd                	addi	a5,a5,-1
    b6e4:	0007d663          	bgez	a5,b6f0 <__sfp+0x32>
    b6e8:	409c                	lw	a5,0(s1)
    b6ea:	cfb9                	beqz	a5,b748 <__sfp+0x8a>
    b6ec:	4084                	lw	s1,0(s1)
    b6ee:	bfc5                	j	b6de <__sfp+0x20>
    b6f0:	00c41703          	lh	a4,12(s0)
    b6f4:	e739                	bnez	a4,b742 <__sfp+0x84>
    b6f6:	77c1                	lui	a5,0xffff0
    b6f8:	0785                	addi	a5,a5,1
    b6fa:	06042223          	sw	zero,100(s0)
    b6fe:	00042023          	sw	zero,0(s0)
    b702:	00042223          	sw	zero,4(s0)
    b706:	00042423          	sw	zero,8(s0)
    b70a:	c45c                	sw	a5,12(s0)
    b70c:	00042823          	sw	zero,16(s0)
    b710:	00042a23          	sw	zero,20(s0)
    b714:	00042c23          	sw	zero,24(s0)
    b718:	4621                	li	a2,8
    b71a:	4581                	li	a1,0
    b71c:	05c40513          	addi	a0,s0,92
    b720:	e1ff40ef          	jal	ra,53e <memset>
    b724:	02042a23          	sw	zero,52(s0)
    b728:	02042c23          	sw	zero,56(s0)
    b72c:	04042423          	sw	zero,72(s0)
    b730:	04042623          	sw	zero,76(s0)
    b734:	8522                	mv	a0,s0
    b736:	40b2                	lw	ra,12(sp)
    b738:	4422                	lw	s0,8(sp)
    b73a:	4492                	lw	s1,4(sp)
    b73c:	4902                	lw	s2,0(sp)
    b73e:	0141                	addi	sp,sp,16
    b740:	8082                	ret
    b742:	06840413          	addi	s0,s0,104
    b746:	bf71                	j	b6e2 <__sfp+0x24>
    b748:	4591                	li	a1,4
    b74a:	854a                	mv	a0,s2
    b74c:	ec1ff0ef          	jal	ra,b60c <__sfmoreglue>
    b750:	c088                	sw	a0,0(s1)
    b752:	fd49                	bnez	a0,b6ec <__sfp+0x2e>
    b754:	47b1                	li	a5,12
    b756:	00f92023          	sw	a5,0(s2)
    b75a:	4401                	li	s0,0
    b75c:	bfe1                	j	b734 <__sfp+0x76>

0000b75e <_fwalk_reent>:
    b75e:	7179                	addi	sp,sp,-48
    b760:	d422                	sw	s0,40(sp)
    b762:	d04a                	sw	s2,32(sp)
    b764:	cc52                	sw	s4,24(sp)
    b766:	ca56                	sw	s5,20(sp)
    b768:	c85a                	sw	s6,16(sp)
    b76a:	c65e                	sw	s7,12(sp)
    b76c:	d606                	sw	ra,44(sp)
    b76e:	d226                	sw	s1,36(sp)
    b770:	ce4e                	sw	s3,28(sp)
    b772:	8a2a                	mv	s4,a0
    b774:	8aae                	mv	s5,a1
    b776:	04850413          	addi	s0,a0,72
    b77a:	4901                	li	s2,0
    b77c:	4b05                	li	s6,1
    b77e:	5bfd                	li	s7,-1
    b780:	ec09                	bnez	s0,b79a <_fwalk_reent+0x3c>
    b782:	50b2                	lw	ra,44(sp)
    b784:	5422                	lw	s0,40(sp)
    b786:	854a                	mv	a0,s2
    b788:	5492                	lw	s1,36(sp)
    b78a:	5902                	lw	s2,32(sp)
    b78c:	49f2                	lw	s3,28(sp)
    b78e:	4a62                	lw	s4,24(sp)
    b790:	4ad2                	lw	s5,20(sp)
    b792:	4b42                	lw	s6,16(sp)
    b794:	4bb2                	lw	s7,12(sp)
    b796:	6145                	addi	sp,sp,48
    b798:	8082                	ret
    b79a:	4404                	lw	s1,8(s0)
    b79c:	00442983          	lw	s3,4(s0)
    b7a0:	19fd                	addi	s3,s3,-1
    b7a2:	0009d463          	bgez	s3,b7aa <_fwalk_reent+0x4c>
    b7a6:	4000                	lw	s0,0(s0)
    b7a8:	bfe1                	j	b780 <_fwalk_reent+0x22>
    b7aa:	24de                	lhu	a5,12(s1)
    b7ac:	00fb7b63          	bgeu	s6,a5,b7c2 <_fwalk_reent+0x64>
    b7b0:	00e49783          	lh	a5,14(s1)
    b7b4:	01778763          	beq	a5,s7,b7c2 <_fwalk_reent+0x64>
    b7b8:	85a6                	mv	a1,s1
    b7ba:	8552                	mv	a0,s4
    b7bc:	9a82                	jalr	s5
    b7be:	00a96933          	or	s2,s2,a0
    b7c2:	06848493          	addi	s1,s1,104
    b7c6:	bfe9                	j	b7a0 <_fwalk_reent+0x42>

0000b7c8 <__swhatbuf_r>:
    b7c8:	7119                	addi	sp,sp,-128
    b7ca:	daa6                	sw	s1,116(sp)
    b7cc:	84ae                	mv	s1,a1
    b7ce:	00e59583          	lh	a1,14(a1)
    b7d2:	dca2                	sw	s0,120(sp)
    b7d4:	de86                	sw	ra,124(sp)
    b7d6:	8432                	mv	s0,a2
    b7d8:	0005db63          	bgez	a1,b7ee <__swhatbuf_r+0x26>
    b7dc:	24de                	lhu	a5,12(s1)
    b7de:	0006a023          	sw	zero,0(a3)
    b7e2:	0807f793          	andi	a5,a5,128
    b7e6:	e785                	bnez	a5,b80e <__swhatbuf_r+0x46>
    b7e8:	40000793          	li	a5,1024
    b7ec:	a01d                	j	b812 <__swhatbuf_r+0x4a>
    b7ee:	0830                	addi	a2,sp,24
    b7f0:	c636                	sw	a3,12(sp)
    b7f2:	229000ef          	jal	ra,c21a <_fstat_r>
    b7f6:	46b2                	lw	a3,12(sp)
    b7f8:	fe0542e3          	bltz	a0,b7dc <__swhatbuf_r+0x14>
    b7fc:	4772                	lw	a4,28(sp)
    b7fe:	67bd                	lui	a5,0xf
    b800:	8ff9                	and	a5,a5,a4
    b802:	7779                	lui	a4,0xffffe
    b804:	97ba                	add	a5,a5,a4
    b806:	0017b793          	seqz	a5,a5
    b80a:	c29c                	sw	a5,0(a3)
    b80c:	bff1                	j	b7e8 <__swhatbuf_r+0x20>
    b80e:	04000793          	li	a5,64
    b812:	c01c                	sw	a5,0(s0)
    b814:	50f6                	lw	ra,124(sp)
    b816:	5466                	lw	s0,120(sp)
    b818:	54d6                	lw	s1,116(sp)
    b81a:	4501                	li	a0,0
    b81c:	6109                	addi	sp,sp,128
    b81e:	8082                	ret

0000b820 <__smakebuf_r>:
    b820:	25de                	lhu	a5,12(a1)
    b822:	1101                	addi	sp,sp,-32
    b824:	cc22                	sw	s0,24(sp)
    b826:	ce06                	sw	ra,28(sp)
    b828:	ca26                	sw	s1,20(sp)
    b82a:	c84a                	sw	s2,16(sp)
    b82c:	8b89                	andi	a5,a5,2
    b82e:	842e                	mv	s0,a1
    b830:	cf89                	beqz	a5,b84a <__smakebuf_r+0x2a>
    b832:	04740793          	addi	a5,s0,71
    b836:	c01c                	sw	a5,0(s0)
    b838:	c81c                	sw	a5,16(s0)
    b83a:	4785                	li	a5,1
    b83c:	c85c                	sw	a5,20(s0)
    b83e:	40f2                	lw	ra,28(sp)
    b840:	4462                	lw	s0,24(sp)
    b842:	44d2                	lw	s1,20(sp)
    b844:	4942                	lw	s2,16(sp)
    b846:	6105                	addi	sp,sp,32
    b848:	8082                	ret
    b84a:	0074                	addi	a3,sp,12
    b84c:	0030                	addi	a2,sp,8
    b84e:	84aa                	mv	s1,a0
    b850:	f79ff0ef          	jal	ra,b7c8 <__swhatbuf_r>
    b854:	45a2                	lw	a1,8(sp)
    b856:	892a                	mv	s2,a0
    b858:	8526                	mv	a0,s1
    b85a:	2229                	jal	b964 <_malloc_r>
    b85c:	e919                	bnez	a0,b872 <__smakebuf_r+0x52>
    b85e:	00c41783          	lh	a5,12(s0)
    b862:	2007f713          	andi	a4,a5,512
    b866:	ff61                	bnez	a4,b83e <__smakebuf_r+0x1e>
    b868:	9bf1                	andi	a5,a5,-4
    b86a:	0027e793          	ori	a5,a5,2
    b86e:	a45e                	sh	a5,12(s0)
    b870:	b7c9                	j	b832 <__smakebuf_r+0x12>
    b872:	00000797          	auipc	a5,0x0
    b876:	d9078793          	addi	a5,a5,-624 # b602 <_cleanup_r>
    b87a:	d49c                	sw	a5,40(s1)
    b87c:	245e                	lhu	a5,12(s0)
    b87e:	c008                	sw	a0,0(s0)
    b880:	c808                	sw	a0,16(s0)
    b882:	0807e793          	ori	a5,a5,128
    b886:	a45e                	sh	a5,12(s0)
    b888:	47a2                	lw	a5,8(sp)
    b88a:	c85c                	sw	a5,20(s0)
    b88c:	47b2                	lw	a5,12(sp)
    b88e:	cf81                	beqz	a5,b8a6 <__smakebuf_r+0x86>
    b890:	00e41583          	lh	a1,14(s0)
    b894:	8526                	mv	a0,s1
    b896:	1b7000ef          	jal	ra,c24c <_isatty_r>
    b89a:	c511                	beqz	a0,b8a6 <__smakebuf_r+0x86>
    b89c:	245e                	lhu	a5,12(s0)
    b89e:	9bf1                	andi	a5,a5,-4
    b8a0:	0017e793          	ori	a5,a5,1
    b8a4:	a45e                	sh	a5,12(s0)
    b8a6:	245e                	lhu	a5,12(s0)
    b8a8:	00f96933          	or	s2,s2,a5
    b8ac:	01241623          	sh	s2,12(s0)
    b8b0:	b779                	j	b83e <__smakebuf_r+0x1e>

0000b8b2 <malloc>:
    b8b2:	81c18793          	addi	a5,gp,-2020 # 2000009c <_impure_ptr>
    b8b6:	85aa                	mv	a1,a0
    b8b8:	4388                	lw	a0,0(a5)
    b8ba:	a06d                	j	b964 <_malloc_r>

0000b8bc <_free_r>:
    b8bc:	c1dd                	beqz	a1,b962 <_free_r+0xa6>
    b8be:	ffc5a783          	lw	a5,-4(a1)
    b8c2:	1141                	addi	sp,sp,-16
    b8c4:	c422                	sw	s0,8(sp)
    b8c6:	c606                	sw	ra,12(sp)
    b8c8:	c226                	sw	s1,4(sp)
    b8ca:	ffc58413          	addi	s0,a1,-4
    b8ce:	0007d363          	bgez	a5,b8d4 <_free_r+0x18>
    b8d2:	943e                	add	s0,s0,a5
    b8d4:	84aa                	mv	s1,a0
    b8d6:	1f3000ef          	jal	ra,c2c8 <__malloc_lock>
    b8da:	9cc18793          	addi	a5,gp,-1588 # 2000024c <__malloc_free_list>
    b8de:	439c                	lw	a5,0(a5)
    b8e0:	ef81                	bnez	a5,b8f8 <_free_r+0x3c>
    b8e2:	00042223          	sw	zero,4(s0)
    b8e6:	9c81a623          	sw	s0,-1588(gp) # 2000024c <__malloc_free_list>
    b8ea:	4422                	lw	s0,8(sp)
    b8ec:	40b2                	lw	ra,12(sp)
    b8ee:	8526                	mv	a0,s1
    b8f0:	4492                	lw	s1,4(sp)
    b8f2:	0141                	addi	sp,sp,16
    b8f4:	1d70006f          	j	c2ca <__malloc_unlock>
    b8f8:	00f47e63          	bgeu	s0,a5,b914 <_free_r+0x58>
    b8fc:	4014                	lw	a3,0(s0)
    b8fe:	00d40733          	add	a4,s0,a3
    b902:	00e79663          	bne	a5,a4,b90e <_free_r+0x52>
    b906:	4398                	lw	a4,0(a5)
    b908:	43dc                	lw	a5,4(a5)
    b90a:	9736                	add	a4,a4,a3
    b90c:	c018                	sw	a4,0(s0)
    b90e:	c05c                	sw	a5,4(s0)
    b910:	bfd9                	j	b8e6 <_free_r+0x2a>
    b912:	87ba                	mv	a5,a4
    b914:	43d8                	lw	a4,4(a5)
    b916:	c319                	beqz	a4,b91c <_free_r+0x60>
    b918:	fee47de3          	bgeu	s0,a4,b912 <_free_r+0x56>
    b91c:	4394                	lw	a3,0(a5)
    b91e:	00d78633          	add	a2,a5,a3
    b922:	00861f63          	bne	a2,s0,b940 <_free_r+0x84>
    b926:	4010                	lw	a2,0(s0)
    b928:	96b2                	add	a3,a3,a2
    b92a:	c394                	sw	a3,0(a5)
    b92c:	00d78633          	add	a2,a5,a3
    b930:	fac71de3          	bne	a4,a2,b8ea <_free_r+0x2e>
    b934:	4310                	lw	a2,0(a4)
    b936:	4358                	lw	a4,4(a4)
    b938:	96b2                	add	a3,a3,a2
    b93a:	c394                	sw	a3,0(a5)
    b93c:	c3d8                	sw	a4,4(a5)
    b93e:	b775                	j	b8ea <_free_r+0x2e>
    b940:	00c47563          	bgeu	s0,a2,b94a <_free_r+0x8e>
    b944:	47b1                	li	a5,12
    b946:	c09c                	sw	a5,0(s1)
    b948:	b74d                	j	b8ea <_free_r+0x2e>
    b94a:	4010                	lw	a2,0(s0)
    b94c:	00c406b3          	add	a3,s0,a2
    b950:	00d71663          	bne	a4,a3,b95c <_free_r+0xa0>
    b954:	4314                	lw	a3,0(a4)
    b956:	4358                	lw	a4,4(a4)
    b958:	96b2                	add	a3,a3,a2
    b95a:	c014                	sw	a3,0(s0)
    b95c:	c058                	sw	a4,4(s0)
    b95e:	c3c0                	sw	s0,4(a5)
    b960:	b769                	j	b8ea <_free_r+0x2e>
    b962:	8082                	ret

0000b964 <_malloc_r>:
    b964:	1101                	addi	sp,sp,-32
    b966:	ca26                	sw	s1,20(sp)
    b968:	00358493          	addi	s1,a1,3
    b96c:	98f1                	andi	s1,s1,-4
    b96e:	ce06                	sw	ra,28(sp)
    b970:	cc22                	sw	s0,24(sp)
    b972:	c84a                	sw	s2,16(sp)
    b974:	c64e                	sw	s3,12(sp)
    b976:	04a1                	addi	s1,s1,8
    b978:	47b1                	li	a5,12
    b97a:	04f4f363          	bgeu	s1,a5,b9c0 <_malloc_r+0x5c>
    b97e:	44b1                	li	s1,12
    b980:	04b4e263          	bltu	s1,a1,b9c4 <_malloc_r+0x60>
    b984:	892a                	mv	s2,a0
    b986:	143000ef          	jal	ra,c2c8 <__malloc_lock>
    b98a:	9cc18793          	addi	a5,gp,-1588 # 2000024c <__malloc_free_list>
    b98e:	4398                	lw	a4,0(a5)
    b990:	843a                	mv	s0,a4
    b992:	e039                	bnez	s0,b9d8 <_malloc_r+0x74>
    b994:	9d018793          	addi	a5,gp,-1584 # 20000250 <__malloc_sbrk_start>
    b998:	439c                	lw	a5,0(a5)
    b99a:	e791                	bnez	a5,b9a6 <_malloc_r+0x42>
    b99c:	4581                	li	a1,0
    b99e:	854a                	mv	a0,s2
    b9a0:	2f25                	jal	c0d8 <_sbrk_r>
    b9a2:	9ca1a823          	sw	a0,-1584(gp) # 20000250 <__malloc_sbrk_start>
    b9a6:	85a6                	mv	a1,s1
    b9a8:	854a                	mv	a0,s2
    b9aa:	273d                	jal	c0d8 <_sbrk_r>
    b9ac:	59fd                	li	s3,-1
    b9ae:	07351963          	bne	a0,s3,ba20 <_malloc_r+0xbc>
    b9b2:	47b1                	li	a5,12
    b9b4:	00f92023          	sw	a5,0(s2)
    b9b8:	854a                	mv	a0,s2
    b9ba:	111000ef          	jal	ra,c2ca <__malloc_unlock>
    b9be:	a029                	j	b9c8 <_malloc_r+0x64>
    b9c0:	fc04d0e3          	bgez	s1,b980 <_malloc_r+0x1c>
    b9c4:	47b1                	li	a5,12
    b9c6:	c11c                	sw	a5,0(a0)
    b9c8:	4501                	li	a0,0
    b9ca:	40f2                	lw	ra,28(sp)
    b9cc:	4462                	lw	s0,24(sp)
    b9ce:	44d2                	lw	s1,20(sp)
    b9d0:	4942                	lw	s2,16(sp)
    b9d2:	49b2                	lw	s3,12(sp)
    b9d4:	6105                	addi	sp,sp,32
    b9d6:	8082                	ret
    b9d8:	401c                	lw	a5,0(s0)
    b9da:	8f85                	sub	a5,a5,s1
    b9dc:	0207cf63          	bltz	a5,ba1a <_malloc_r+0xb6>
    b9e0:	46ad                	li	a3,11
    b9e2:	00f6f663          	bgeu	a3,a5,b9ee <_malloc_r+0x8a>
    b9e6:	c01c                	sw	a5,0(s0)
    b9e8:	943e                	add	s0,s0,a5
    b9ea:	c004                	sw	s1,0(s0)
    b9ec:	a031                	j	b9f8 <_malloc_r+0x94>
    b9ee:	405c                	lw	a5,4(s0)
    b9f0:	02871363          	bne	a4,s0,ba16 <_malloc_r+0xb2>
    b9f4:	9cf1a623          	sw	a5,-1588(gp) # 2000024c <__malloc_free_list>
    b9f8:	854a                	mv	a0,s2
    b9fa:	0d1000ef          	jal	ra,c2ca <__malloc_unlock>
    b9fe:	00b40513          	addi	a0,s0,11
    ba02:	00440793          	addi	a5,s0,4
    ba06:	9961                	andi	a0,a0,-8
    ba08:	40f50733          	sub	a4,a0,a5
    ba0c:	df5d                	beqz	a4,b9ca <_malloc_r+0x66>
    ba0e:	943a                	add	s0,s0,a4
    ba10:	8f89                	sub	a5,a5,a0
    ba12:	c01c                	sw	a5,0(s0)
    ba14:	bf5d                	j	b9ca <_malloc_r+0x66>
    ba16:	c35c                	sw	a5,4(a4)
    ba18:	b7c5                	j	b9f8 <_malloc_r+0x94>
    ba1a:	8722                	mv	a4,s0
    ba1c:	4040                	lw	s0,4(s0)
    ba1e:	bf95                	j	b992 <_malloc_r+0x2e>
    ba20:	00350413          	addi	s0,a0,3
    ba24:	9871                	andi	s0,s0,-4
    ba26:	fc8502e3          	beq	a0,s0,b9ea <_malloc_r+0x86>
    ba2a:	40a405b3          	sub	a1,s0,a0
    ba2e:	854a                	mv	a0,s2
    ba30:	2565                	jal	c0d8 <_sbrk_r>
    ba32:	fb351ce3          	bne	a0,s3,b9ea <_malloc_r+0x86>
    ba36:	bfb5                	j	b9b2 <_malloc_r+0x4e>

0000ba38 <__sfputc_r>:
    ba38:	461c                	lw	a5,8(a2)
    ba3a:	17fd                	addi	a5,a5,-1
    ba3c:	c61c                	sw	a5,8(a2)
    ba3e:	0007da63          	bgez	a5,ba52 <__sfputc_r+0x1a>
    ba42:	4e18                	lw	a4,24(a2)
    ba44:	00e7c563          	blt	a5,a4,ba4e <__sfputc_r+0x16>
    ba48:	47a9                	li	a5,10
    ba4a:	00f59463          	bne	a1,a5,ba52 <__sfputc_r+0x1a>
    ba4e:	801ff06f          	j	b24e <__swbuf_r>
    ba52:	421c                	lw	a5,0(a2)
    ba54:	852e                	mv	a0,a1
    ba56:	00178713          	addi	a4,a5,1
    ba5a:	c218                	sw	a4,0(a2)
    ba5c:	a38c                	sb	a1,0(a5)
    ba5e:	8082                	ret

0000ba60 <__sfputs_r>:
    ba60:	1101                	addi	sp,sp,-32
    ba62:	cc22                	sw	s0,24(sp)
    ba64:	ca26                	sw	s1,20(sp)
    ba66:	c84a                	sw	s2,16(sp)
    ba68:	c64e                	sw	s3,12(sp)
    ba6a:	c452                	sw	s4,8(sp)
    ba6c:	ce06                	sw	ra,28(sp)
    ba6e:	892a                	mv	s2,a0
    ba70:	89ae                	mv	s3,a1
    ba72:	8432                	mv	s0,a2
    ba74:	00d604b3          	add	s1,a2,a3
    ba78:	5a7d                	li	s4,-1
    ba7a:	00941463          	bne	s0,s1,ba82 <__sfputs_r+0x22>
    ba7e:	4501                	li	a0,0
    ba80:	a809                	j	ba92 <__sfputs_r+0x32>
    ba82:	200c                	lbu	a1,0(s0)
    ba84:	864e                	mv	a2,s3
    ba86:	854a                	mv	a0,s2
    ba88:	fb1ff0ef          	jal	ra,ba38 <__sfputc_r>
    ba8c:	0405                	addi	s0,s0,1
    ba8e:	ff4516e3          	bne	a0,s4,ba7a <__sfputs_r+0x1a>
    ba92:	40f2                	lw	ra,28(sp)
    ba94:	4462                	lw	s0,24(sp)
    ba96:	44d2                	lw	s1,20(sp)
    ba98:	4942                	lw	s2,16(sp)
    ba9a:	49b2                	lw	s3,12(sp)
    ba9c:	4a22                	lw	s4,8(sp)
    ba9e:	6105                	addi	sp,sp,32
    baa0:	8082                	ret

0000baa2 <_vfiprintf_r>:
    baa2:	7135                	addi	sp,sp,-160
    baa4:	cd22                	sw	s0,152(sp)
    baa6:	cb26                	sw	s1,148(sp)
    baa8:	c94a                	sw	s2,144(sp)
    baaa:	c74e                	sw	s3,140(sp)
    baac:	cf06                	sw	ra,156(sp)
    baae:	c552                	sw	s4,136(sp)
    bab0:	c356                	sw	s5,132(sp)
    bab2:	c15a                	sw	s6,128(sp)
    bab4:	dede                	sw	s7,124(sp)
    bab6:	dce2                	sw	s8,120(sp)
    bab8:	dae6                	sw	s9,116(sp)
    baba:	89aa                	mv	s3,a0
    babc:	84ae                	mv	s1,a1
    babe:	8932                	mv	s2,a2
    bac0:	8436                	mv	s0,a3
    bac2:	c509                	beqz	a0,bacc <_vfiprintf_r+0x2a>
    bac4:	4d1c                	lw	a5,24(a0)
    bac6:	e399                	bnez	a5,bacc <_vfiprintf_r+0x2a>
    bac8:	b8bff0ef          	jal	ra,b652 <__sinit>
    bacc:	00003797          	auipc	a5,0x3
    bad0:	9d078793          	addi	a5,a5,-1584 # e49c <__sf_fake_stdin>
    bad4:	0cf49863          	bne	s1,a5,bba4 <_vfiprintf_r+0x102>
    bad8:	0049a483          	lw	s1,4(s3)
    badc:	24de                	lhu	a5,12(s1)
    bade:	8ba1                	andi	a5,a5,8
    bae0:	c7e5                	beqz	a5,bbc8 <_vfiprintf_r+0x126>
    bae2:	489c                	lw	a5,16(s1)
    bae4:	c3f5                	beqz	a5,bbc8 <_vfiprintf_r+0x126>
    bae6:	02000793          	li	a5,32
    baea:	02f104a3          	sb	a5,41(sp)
    baee:	03000793          	li	a5,48
    baf2:	d202                	sw	zero,36(sp)
    baf4:	02f10523          	sb	a5,42(sp)
    baf8:	c622                	sw	s0,12(sp)
    bafa:	02500b93          	li	s7,37
    bafe:	00003a97          	auipc	s5,0x3
    bb02:	9dea8a93          	addi	s5,s5,-1570 # e4dc <__sf_fake_stdout+0x20>
    bb06:	4c05                	li	s8,1
    bb08:	4b29                	li	s6,10
    bb0a:	844a                	mv	s0,s2
    bb0c:	201c                	lbu	a5,0(s0)
    bb0e:	c399                	beqz	a5,bb14 <_vfiprintf_r+0x72>
    bb10:	0d779f63          	bne	a5,s7,bbee <_vfiprintf_r+0x14c>
    bb14:	41240cb3          	sub	s9,s0,s2
    bb18:	000c8e63          	beqz	s9,bb34 <_vfiprintf_r+0x92>
    bb1c:	86e6                	mv	a3,s9
    bb1e:	864a                	mv	a2,s2
    bb20:	85a6                	mv	a1,s1
    bb22:	854e                	mv	a0,s3
    bb24:	f3dff0ef          	jal	ra,ba60 <__sfputs_r>
    bb28:	57fd                	li	a5,-1
    bb2a:	1cf50f63          	beq	a0,a5,bd08 <_vfiprintf_r+0x266>
    bb2e:	5692                	lw	a3,36(sp)
    bb30:	96e6                	add	a3,a3,s9
    bb32:	d236                	sw	a3,36(sp)
    bb34:	201c                	lbu	a5,0(s0)
    bb36:	1c078963          	beqz	a5,bd08 <_vfiprintf_r+0x266>
    bb3a:	57fd                	li	a5,-1
    bb3c:	00140913          	addi	s2,s0,1
    bb40:	c802                	sw	zero,16(sp)
    bb42:	ce02                	sw	zero,28(sp)
    bb44:	ca3e                	sw	a5,20(sp)
    bb46:	cc02                	sw	zero,24(sp)
    bb48:	040109a3          	sb	zero,83(sp)
    bb4c:	d482                	sw	zero,104(sp)
    bb4e:	00094583          	lbu	a1,0(s2)
    bb52:	4615                	li	a2,5
    bb54:	8556                	mv	a0,s5
    bb56:	2fa9                	jal	c2b0 <memchr>
    bb58:	00190413          	addi	s0,s2,1
    bb5c:	47c2                	lw	a5,16(sp)
    bb5e:	e951                	bnez	a0,bbf2 <_vfiprintf_r+0x150>
    bb60:	0107f713          	andi	a4,a5,16
    bb64:	c709                	beqz	a4,bb6e <_vfiprintf_r+0xcc>
    bb66:	02000713          	li	a4,32
    bb6a:	04e109a3          	sb	a4,83(sp)
    bb6e:	0087f713          	andi	a4,a5,8
    bb72:	c709                	beqz	a4,bb7c <_vfiprintf_r+0xda>
    bb74:	02b00713          	li	a4,43
    bb78:	04e109a3          	sb	a4,83(sp)
    bb7c:	00094683          	lbu	a3,0(s2)
    bb80:	02a00713          	li	a4,42
    bb84:	06e68f63          	beq	a3,a4,bc02 <_vfiprintf_r+0x160>
    bb88:	47f2                	lw	a5,28(sp)
    bb8a:	844a                	mv	s0,s2
    bb8c:	4681                	li	a3,0
    bb8e:	4625                	li	a2,9
    bb90:	2018                	lbu	a4,0(s0)
    bb92:	00140593          	addi	a1,s0,1
    bb96:	fd070713          	addi	a4,a4,-48 # ffffdfd0 <__freertos_irq_stack_top+0xdffedfd0>
    bb9a:	0ae67763          	bgeu	a2,a4,bc48 <_vfiprintf_r+0x1a6>
    bb9e:	cab5                	beqz	a3,bc12 <_vfiprintf_r+0x170>
    bba0:	ce3e                	sw	a5,28(sp)
    bba2:	a885                	j	bc12 <_vfiprintf_r+0x170>
    bba4:	00003797          	auipc	a5,0x3
    bba8:	91878793          	addi	a5,a5,-1768 # e4bc <__sf_fake_stdout>
    bbac:	00f49563          	bne	s1,a5,bbb6 <_vfiprintf_r+0x114>
    bbb0:	0089a483          	lw	s1,8(s3)
    bbb4:	b725                	j	badc <_vfiprintf_r+0x3a>
    bbb6:	00003797          	auipc	a5,0x3
    bbba:	8c678793          	addi	a5,a5,-1850 # e47c <__sf_fake_stderr>
    bbbe:	f0f49fe3          	bne	s1,a5,badc <_vfiprintf_r+0x3a>
    bbc2:	00c9a483          	lw	s1,12(s3)
    bbc6:	bf19                	j	badc <_vfiprintf_r+0x3a>
    bbc8:	85a6                	mv	a1,s1
    bbca:	854e                	mv	a0,s3
    bbcc:	f3eff0ef          	jal	ra,b30a <__swsetup_r>
    bbd0:	d919                	beqz	a0,bae6 <_vfiprintf_r+0x44>
    bbd2:	557d                	li	a0,-1
    bbd4:	40fa                	lw	ra,156(sp)
    bbd6:	446a                	lw	s0,152(sp)
    bbd8:	44da                	lw	s1,148(sp)
    bbda:	494a                	lw	s2,144(sp)
    bbdc:	49ba                	lw	s3,140(sp)
    bbde:	4a2a                	lw	s4,136(sp)
    bbe0:	4a9a                	lw	s5,132(sp)
    bbe2:	4b0a                	lw	s6,128(sp)
    bbe4:	5bf6                	lw	s7,124(sp)
    bbe6:	5c66                	lw	s8,120(sp)
    bbe8:	5cd6                	lw	s9,116(sp)
    bbea:	610d                	addi	sp,sp,160
    bbec:	8082                	ret
    bbee:	0405                	addi	s0,s0,1
    bbf0:	bf31                	j	bb0c <_vfiprintf_r+0x6a>
    bbf2:	41550533          	sub	a0,a0,s5
    bbf6:	00ac1533          	sll	a0,s8,a0
    bbfa:	8fc9                	or	a5,a5,a0
    bbfc:	c83e                	sw	a5,16(sp)
    bbfe:	8922                	mv	s2,s0
    bc00:	b7b9                	j	bb4e <_vfiprintf_r+0xac>
    bc02:	4732                	lw	a4,12(sp)
    bc04:	00470693          	addi	a3,a4,4
    bc08:	4318                	lw	a4,0(a4)
    bc0a:	c636                	sw	a3,12(sp)
    bc0c:	02074763          	bltz	a4,bc3a <_vfiprintf_r+0x198>
    bc10:	ce3a                	sw	a4,28(sp)
    bc12:	2018                	lbu	a4,0(s0)
    bc14:	02e00793          	li	a5,46
    bc18:	04f71d63          	bne	a4,a5,bc72 <_vfiprintf_r+0x1d0>
    bc1c:	3018                	lbu	a4,1(s0)
    bc1e:	02a00793          	li	a5,42
    bc22:	02f71b63          	bne	a4,a5,bc58 <_vfiprintf_r+0x1b6>
    bc26:	47b2                	lw	a5,12(sp)
    bc28:	0409                	addi	s0,s0,2
    bc2a:	00478713          	addi	a4,a5,4
    bc2e:	439c                	lw	a5,0(a5)
    bc30:	c63a                	sw	a4,12(sp)
    bc32:	0207c163          	bltz	a5,bc54 <_vfiprintf_r+0x1b2>
    bc36:	ca3e                	sw	a5,20(sp)
    bc38:	a82d                	j	bc72 <_vfiprintf_r+0x1d0>
    bc3a:	40e00733          	neg	a4,a4
    bc3e:	0027e793          	ori	a5,a5,2
    bc42:	ce3a                	sw	a4,28(sp)
    bc44:	c83e                	sw	a5,16(sp)
    bc46:	b7f1                	j	bc12 <_vfiprintf_r+0x170>
    bc48:	036787b3          	mul	a5,a5,s6
    bc4c:	4685                	li	a3,1
    bc4e:	842e                	mv	s0,a1
    bc50:	97ba                	add	a5,a5,a4
    bc52:	bf3d                	j	bb90 <_vfiprintf_r+0xee>
    bc54:	57fd                	li	a5,-1
    bc56:	b7c5                	j	bc36 <_vfiprintf_r+0x194>
    bc58:	0405                	addi	s0,s0,1
    bc5a:	ca02                	sw	zero,20(sp)
    bc5c:	4681                	li	a3,0
    bc5e:	4781                	li	a5,0
    bc60:	4625                	li	a2,9
    bc62:	2018                	lbu	a4,0(s0)
    bc64:	00140593          	addi	a1,s0,1
    bc68:	fd070713          	addi	a4,a4,-48
    bc6c:	06e67463          	bgeu	a2,a4,bcd4 <_vfiprintf_r+0x232>
    bc70:	f2f9                	bnez	a3,bc36 <_vfiprintf_r+0x194>
    bc72:	200c                	lbu	a1,0(s0)
    bc74:	460d                	li	a2,3
    bc76:	00003517          	auipc	a0,0x3
    bc7a:	86e50513          	addi	a0,a0,-1938 # e4e4 <__sf_fake_stdout+0x28>
    bc7e:	2d0d                	jal	c2b0 <memchr>
    bc80:	cd11                	beqz	a0,bc9c <_vfiprintf_r+0x1fa>
    bc82:	00003797          	auipc	a5,0x3
    bc86:	86278793          	addi	a5,a5,-1950 # e4e4 <__sf_fake_stdout+0x28>
    bc8a:	8d1d                	sub	a0,a0,a5
    bc8c:	04000793          	li	a5,64
    bc90:	00a797b3          	sll	a5,a5,a0
    bc94:	4542                	lw	a0,16(sp)
    bc96:	0405                	addi	s0,s0,1
    bc98:	8d5d                	or	a0,a0,a5
    bc9a:	c82a                	sw	a0,16(sp)
    bc9c:	200c                	lbu	a1,0(s0)
    bc9e:	4619                	li	a2,6
    bca0:	00003517          	auipc	a0,0x3
    bca4:	84850513          	addi	a0,a0,-1976 # e4e8 <__sf_fake_stdout+0x2c>
    bca8:	00140913          	addi	s2,s0,1
    bcac:	02b10423          	sb	a1,40(sp)
    bcb0:	2501                	jal	c2b0 <memchr>
    bcb2:	c135                	beqz	a0,bd16 <_vfiprintf_r+0x274>
    bcb4:	ffff4797          	auipc	a5,0xffff4
    bcb8:	34c78793          	addi	a5,a5,844 # 0 <_sinit>
    bcbc:	e795                	bnez	a5,bce8 <_vfiprintf_r+0x246>
    bcbe:	4742                	lw	a4,16(sp)
    bcc0:	47b2                	lw	a5,12(sp)
    bcc2:	10077713          	andi	a4,a4,256
    bcc6:	cf09                	beqz	a4,bce0 <_vfiprintf_r+0x23e>
    bcc8:	0791                	addi	a5,a5,4
    bcca:	c63e                	sw	a5,12(sp)
    bccc:	5792                	lw	a5,36(sp)
    bcce:	97d2                	add	a5,a5,s4
    bcd0:	d23e                	sw	a5,36(sp)
    bcd2:	bd25                	j	bb0a <_vfiprintf_r+0x68>
    bcd4:	036787b3          	mul	a5,a5,s6
    bcd8:	4685                	li	a3,1
    bcda:	842e                	mv	s0,a1
    bcdc:	97ba                	add	a5,a5,a4
    bcde:	b751                	j	bc62 <_vfiprintf_r+0x1c0>
    bce0:	079d                	addi	a5,a5,7
    bce2:	9be1                	andi	a5,a5,-8
    bce4:	07a1                	addi	a5,a5,8
    bce6:	b7d5                	j	bcca <_vfiprintf_r+0x228>
    bce8:	0078                	addi	a4,sp,12
    bcea:	00000697          	auipc	a3,0x0
    bcee:	d7668693          	addi	a3,a3,-650 # ba60 <__sfputs_r>
    bcf2:	8626                	mv	a2,s1
    bcf4:	080c                	addi	a1,sp,16
    bcf6:	854e                	mv	a0,s3
    bcf8:	00000097          	auipc	ra,0x0
    bcfc:	000000e7          	jalr	zero # 0 <_sinit>
    bd00:	57fd                	li	a5,-1
    bd02:	8a2a                	mv	s4,a0
    bd04:	fcf514e3          	bne	a0,a5,bccc <_vfiprintf_r+0x22a>
    bd08:	24de                	lhu	a5,12(s1)
    bd0a:	0407f793          	andi	a5,a5,64
    bd0e:	ec0792e3          	bnez	a5,bbd2 <_vfiprintf_r+0x130>
    bd12:	5512                	lw	a0,36(sp)
    bd14:	b5c1                	j	bbd4 <_vfiprintf_r+0x132>
    bd16:	0078                	addi	a4,sp,12
    bd18:	00000697          	auipc	a3,0x0
    bd1c:	d4868693          	addi	a3,a3,-696 # ba60 <__sfputs_r>
    bd20:	8626                	mv	a2,s1
    bd22:	080c                	addi	a1,sp,16
    bd24:	854e                	mv	a0,s3
    bd26:	2a01                	jal	be36 <_printf_i>
    bd28:	bfe1                	j	bd00 <_vfiprintf_r+0x25e>

0000bd2a <_printf_common>:
    bd2a:	7179                	addi	sp,sp,-48
    bd2c:	ca56                	sw	s5,20(sp)
    bd2e:	499c                	lw	a5,16(a1)
    bd30:	8aba                	mv	s5,a4
    bd32:	4598                	lw	a4,8(a1)
    bd34:	d422                	sw	s0,40(sp)
    bd36:	d226                	sw	s1,36(sp)
    bd38:	ce4e                	sw	s3,28(sp)
    bd3a:	cc52                	sw	s4,24(sp)
    bd3c:	d606                	sw	ra,44(sp)
    bd3e:	d04a                	sw	s2,32(sp)
    bd40:	c85a                	sw	s6,16(sp)
    bd42:	c65e                	sw	s7,12(sp)
    bd44:	89aa                	mv	s3,a0
    bd46:	842e                	mv	s0,a1
    bd48:	84b2                	mv	s1,a2
    bd4a:	8a36                	mv	s4,a3
    bd4c:	00e7d363          	bge	a5,a4,bd52 <_printf_common+0x28>
    bd50:	87ba                	mv	a5,a4
    bd52:	c09c                	sw	a5,0(s1)
    bd54:	04344703          	lbu	a4,67(s0)
    bd58:	c319                	beqz	a4,bd5e <_printf_common+0x34>
    bd5a:	0785                	addi	a5,a5,1
    bd5c:	c09c                	sw	a5,0(s1)
    bd5e:	401c                	lw	a5,0(s0)
    bd60:	0207f793          	andi	a5,a5,32
    bd64:	c781                	beqz	a5,bd6c <_printf_common+0x42>
    bd66:	409c                	lw	a5,0(s1)
    bd68:	0789                	addi	a5,a5,2
    bd6a:	c09c                	sw	a5,0(s1)
    bd6c:	00042903          	lw	s2,0(s0)
    bd70:	00697913          	andi	s2,s2,6
    bd74:	00091a63          	bnez	s2,bd88 <_printf_common+0x5e>
    bd78:	01940b13          	addi	s6,s0,25
    bd7c:	5bfd                	li	s7,-1
    bd7e:	445c                	lw	a5,12(s0)
    bd80:	4098                	lw	a4,0(s1)
    bd82:	8f99                	sub	a5,a5,a4
    bd84:	04f94c63          	blt	s2,a5,bddc <_printf_common+0xb2>
    bd88:	401c                	lw	a5,0(s0)
    bd8a:	04344683          	lbu	a3,67(s0)
    bd8e:	0207f793          	andi	a5,a5,32
    bd92:	00d036b3          	snez	a3,a3
    bd96:	eba5                	bnez	a5,be06 <_printf_common+0xdc>
    bd98:	04340613          	addi	a2,s0,67
    bd9c:	85d2                	mv	a1,s4
    bd9e:	854e                	mv	a0,s3
    bda0:	9a82                	jalr	s5
    bda2:	57fd                	li	a5,-1
    bda4:	04f50363          	beq	a0,a5,bdea <_printf_common+0xc0>
    bda8:	401c                	lw	a5,0(s0)
    bdaa:	4611                	li	a2,4
    bdac:	4098                	lw	a4,0(s1)
    bdae:	8b99                	andi	a5,a5,6
    bdb0:	4454                	lw	a3,12(s0)
    bdb2:	4481                	li	s1,0
    bdb4:	00c79763          	bne	a5,a2,bdc2 <_printf_common+0x98>
    bdb8:	40e684b3          	sub	s1,a3,a4
    bdbc:	0004d363          	bgez	s1,bdc2 <_printf_common+0x98>
    bdc0:	4481                	li	s1,0
    bdc2:	441c                	lw	a5,8(s0)
    bdc4:	4818                	lw	a4,16(s0)
    bdc6:	00f75463          	bge	a4,a5,bdce <_printf_common+0xa4>
    bdca:	8f99                	sub	a5,a5,a4
    bdcc:	94be                	add	s1,s1,a5
    bdce:	4901                	li	s2,0
    bdd0:	0469                	addi	s0,s0,26
    bdd2:	5b7d                	li	s6,-1
    bdd4:	05249863          	bne	s1,s2,be24 <_printf_common+0xfa>
    bdd8:	4501                	li	a0,0
    bdda:	a809                	j	bdec <_printf_common+0xc2>
    bddc:	4685                	li	a3,1
    bdde:	865a                	mv	a2,s6
    bde0:	85d2                	mv	a1,s4
    bde2:	854e                	mv	a0,s3
    bde4:	9a82                	jalr	s5
    bde6:	01751e63          	bne	a0,s7,be02 <_printf_common+0xd8>
    bdea:	557d                	li	a0,-1
    bdec:	50b2                	lw	ra,44(sp)
    bdee:	5422                	lw	s0,40(sp)
    bdf0:	5492                	lw	s1,36(sp)
    bdf2:	5902                	lw	s2,32(sp)
    bdf4:	49f2                	lw	s3,28(sp)
    bdf6:	4a62                	lw	s4,24(sp)
    bdf8:	4ad2                	lw	s5,20(sp)
    bdfa:	4b42                	lw	s6,16(sp)
    bdfc:	4bb2                	lw	s7,12(sp)
    bdfe:	6145                	addi	sp,sp,48
    be00:	8082                	ret
    be02:	0905                	addi	s2,s2,1
    be04:	bfad                	j	bd7e <_printf_common+0x54>
    be06:	00d40733          	add	a4,s0,a3
    be0a:	03000613          	li	a2,48
    be0e:	04c701a3          	sb	a2,67(a4)
    be12:	04544703          	lbu	a4,69(s0)
    be16:	00168793          	addi	a5,a3,1
    be1a:	97a2                	add	a5,a5,s0
    be1c:	0689                	addi	a3,a3,2
    be1e:	04e781a3          	sb	a4,67(a5)
    be22:	bf9d                	j	bd98 <_printf_common+0x6e>
    be24:	4685                	li	a3,1
    be26:	8622                	mv	a2,s0
    be28:	85d2                	mv	a1,s4
    be2a:	854e                	mv	a0,s3
    be2c:	9a82                	jalr	s5
    be2e:	fb650ee3          	beq	a0,s6,bdea <_printf_common+0xc0>
    be32:	0905                	addi	s2,s2,1
    be34:	b745                	j	bdd4 <_printf_common+0xaa>

0000be36 <_printf_i>:
    be36:	7179                	addi	sp,sp,-48
    be38:	d422                	sw	s0,40(sp)
    be3a:	d226                	sw	s1,36(sp)
    be3c:	d04a                	sw	s2,32(sp)
    be3e:	ce4e                	sw	s3,28(sp)
    be40:	d606                	sw	ra,44(sp)
    be42:	cc52                	sw	s4,24(sp)
    be44:	ca56                	sw	s5,20(sp)
    be46:	c85a                	sw	s6,16(sp)
    be48:	89b6                	mv	s3,a3
    be4a:	2d94                	lbu	a3,24(a1)
    be4c:	06900793          	li	a5,105
    be50:	8932                	mv	s2,a2
    be52:	84aa                	mv	s1,a0
    be54:	842e                	mv	s0,a1
    be56:	04358613          	addi	a2,a1,67
    be5a:	02f68d63          	beq	a3,a5,be94 <_printf_i+0x5e>
    be5e:	06d7e263          	bltu	a5,a3,bec2 <_printf_i+0x8c>
    be62:	05800793          	li	a5,88
    be66:	18f68663          	beq	a3,a5,bff2 <_printf_i+0x1bc>
    be6a:	00d7ed63          	bltu	a5,a3,be84 <_printf_i+0x4e>
    be6e:	20068e63          	beqz	a3,c08a <_printf_i+0x254>
    be72:	04300793          	li	a5,67
    be76:	0af68e63          	beq	a3,a5,bf32 <_printf_i+0xfc>
    be7a:	04240a93          	addi	s5,s0,66
    be7e:	04d40123          	sb	a3,66(s0)
    be82:	a0c9                	j	bf44 <_printf_i+0x10e>
    be84:	06300793          	li	a5,99
    be88:	0af68563          	beq	a3,a5,bf32 <_printf_i+0xfc>
    be8c:	06400793          	li	a5,100
    be90:	fef695e3          	bne	a3,a5,be7a <_printf_i+0x44>
    be94:	401c                	lw	a5,0(s0)
    be96:	4308                	lw	a0,0(a4)
    be98:	0807f693          	andi	a3,a5,128
    be9c:	00450593          	addi	a1,a0,4
    bea0:	c6c5                	beqz	a3,bf48 <_printf_i+0x112>
    bea2:	411c                	lw	a5,0(a0)
    bea4:	c30c                	sw	a1,0(a4)
    bea6:	0007d863          	bgez	a5,beb6 <_printf_i+0x80>
    beaa:	02d00713          	li	a4,45
    beae:	40f007b3          	neg	a5,a5
    beb2:	04e401a3          	sb	a4,67(s0)
    beb6:	00002697          	auipc	a3,0x2
    beba:	63a68693          	addi	a3,a3,1594 # e4f0 <__sf_fake_stdout+0x34>
    bebe:	4729                	li	a4,10
    bec0:	a865                	j	bf78 <_printf_i+0x142>
    bec2:	07000793          	li	a5,112
    bec6:	16f68263          	beq	a3,a5,c02a <_printf_i+0x1f4>
    beca:	02d7e563          	bltu	a5,a3,bef4 <_printf_i+0xbe>
    bece:	06e00793          	li	a5,110
    bed2:	18f68963          	beq	a3,a5,c064 <_printf_i+0x22e>
    bed6:	06f00793          	li	a5,111
    beda:	faf690e3          	bne	a3,a5,be7a <_printf_i+0x44>
    bede:	400c                	lw	a1,0(s0)
    bee0:	431c                	lw	a5,0(a4)
    bee2:	0805f813          	andi	a6,a1,128
    bee6:	00478513          	addi	a0,a5,4
    beea:	06080763          	beqz	a6,bf58 <_printf_i+0x122>
    beee:	c308                	sw	a0,0(a4)
    bef0:	439c                	lw	a5,0(a5)
    bef2:	a885                	j	bf62 <_printf_i+0x12c>
    bef4:	07500793          	li	a5,117
    bef8:	fef683e3          	beq	a3,a5,bede <_printf_i+0xa8>
    befc:	07800793          	li	a5,120
    bf00:	12f68963          	beq	a3,a5,c032 <_printf_i+0x1fc>
    bf04:	07300793          	li	a5,115
    bf08:	f6f699e3          	bne	a3,a5,be7a <_printf_i+0x44>
    bf0c:	431c                	lw	a5,0(a4)
    bf0e:	41d0                	lw	a2,4(a1)
    bf10:	4581                	li	a1,0
    bf12:	00478693          	addi	a3,a5,4
    bf16:	c314                	sw	a3,0(a4)
    bf18:	0007aa83          	lw	s5,0(a5)
    bf1c:	8556                	mv	a0,s5
    bf1e:	2e49                	jal	c2b0 <memchr>
    bf20:	c501                	beqz	a0,bf28 <_printf_i+0xf2>
    bf22:	41550533          	sub	a0,a0,s5
    bf26:	c048                	sw	a0,4(s0)
    bf28:	405c                	lw	a5,4(s0)
    bf2a:	c81c                	sw	a5,16(s0)
    bf2c:	040401a3          	sb	zero,67(s0)
    bf30:	a861                	j	bfc8 <_printf_i+0x192>
    bf32:	431c                	lw	a5,0(a4)
    bf34:	04240a93          	addi	s5,s0,66
    bf38:	00478693          	addi	a3,a5,4
    bf3c:	439c                	lw	a5,0(a5)
    bf3e:	c314                	sw	a3,0(a4)
    bf40:	04f40123          	sb	a5,66(s0)
    bf44:	4785                	li	a5,1
    bf46:	b7d5                	j	bf2a <_printf_i+0xf4>
    bf48:	0407f693          	andi	a3,a5,64
    bf4c:	411c                	lw	a5,0(a0)
    bf4e:	c30c                	sw	a1,0(a4)
    bf50:	dab9                	beqz	a3,bea6 <_printf_i+0x70>
    bf52:	07c2                	slli	a5,a5,0x10
    bf54:	87c1                	srai	a5,a5,0x10
    bf56:	bf81                	j	bea6 <_printf_i+0x70>
    bf58:	0405f593          	andi	a1,a1,64
    bf5c:	c308                	sw	a0,0(a4)
    bf5e:	d9c9                	beqz	a1,bef0 <_printf_i+0xba>
    bf60:	239e                	lhu	a5,0(a5)
    bf62:	06f00713          	li	a4,111
    bf66:	0ee68763          	beq	a3,a4,c054 <_printf_i+0x21e>
    bf6a:	00002697          	auipc	a3,0x2
    bf6e:	58668693          	addi	a3,a3,1414 # e4f0 <__sf_fake_stdout+0x34>
    bf72:	4729                	li	a4,10
    bf74:	040401a3          	sb	zero,67(s0)
    bf78:	404c                	lw	a1,4(s0)
    bf7a:	c40c                	sw	a1,8(s0)
    bf7c:	0005c563          	bltz	a1,bf86 <_printf_i+0x150>
    bf80:	4008                	lw	a0,0(s0)
    bf82:	996d                	andi	a0,a0,-5
    bf84:	c008                	sw	a0,0(s0)
    bf86:	e399                	bnez	a5,bf8c <_printf_i+0x156>
    bf88:	8ab2                	mv	s5,a2
    bf8a:	cd89                	beqz	a1,bfa4 <_printf_i+0x16e>
    bf8c:	8ab2                	mv	s5,a2
    bf8e:	02e7f5b3          	remu	a1,a5,a4
    bf92:	1afd                	addi	s5,s5,-1
    bf94:	95b6                	add	a1,a1,a3
    bf96:	218c                	lbu	a1,0(a1)
    bf98:	00ba8023          	sb	a1,0(s5)
    bf9c:	02e7d5b3          	divu	a1,a5,a4
    bfa0:	0ce7f063          	bgeu	a5,a4,c060 <_printf_i+0x22a>
    bfa4:	47a1                	li	a5,8
    bfa6:	00f71e63          	bne	a4,a5,bfc2 <_printf_i+0x18c>
    bfaa:	401c                	lw	a5,0(s0)
    bfac:	8b85                	andi	a5,a5,1
    bfae:	cb91                	beqz	a5,bfc2 <_printf_i+0x18c>
    bfb0:	4058                	lw	a4,4(s0)
    bfb2:	481c                	lw	a5,16(s0)
    bfb4:	00e7c763          	blt	a5,a4,bfc2 <_printf_i+0x18c>
    bfb8:	03000793          	li	a5,48
    bfbc:	fefa8fa3          	sb	a5,-1(s5)
    bfc0:	1afd                	addi	s5,s5,-1
    bfc2:	41560633          	sub	a2,a2,s5
    bfc6:	c810                	sw	a2,16(s0)
    bfc8:	874e                	mv	a4,s3
    bfca:	86ca                	mv	a3,s2
    bfcc:	0070                	addi	a2,sp,12
    bfce:	85a2                	mv	a1,s0
    bfd0:	8526                	mv	a0,s1
    bfd2:	d59ff0ef          	jal	ra,bd2a <_printf_common>
    bfd6:	5a7d                	li	s4,-1
    bfd8:	0b451d63          	bne	a0,s4,c092 <_printf_i+0x25c>
    bfdc:	557d                	li	a0,-1
    bfde:	50b2                	lw	ra,44(sp)
    bfe0:	5422                	lw	s0,40(sp)
    bfe2:	5492                	lw	s1,36(sp)
    bfe4:	5902                	lw	s2,32(sp)
    bfe6:	49f2                	lw	s3,28(sp)
    bfe8:	4a62                	lw	s4,24(sp)
    bfea:	4ad2                	lw	s5,20(sp)
    bfec:	4b42                	lw	s6,16(sp)
    bfee:	6145                	addi	sp,sp,48
    bff0:	8082                	ret
    bff2:	04d582a3          	sb	a3,69(a1)
    bff6:	00002697          	auipc	a3,0x2
    bffa:	4fa68693          	addi	a3,a3,1274 # e4f0 <__sf_fake_stdout+0x34>
    bffe:	400c                	lw	a1,0(s0)
    c000:	4308                	lw	a0,0(a4)
    c002:	0805f813          	andi	a6,a1,128
    c006:	411c                	lw	a5,0(a0)
    c008:	0511                	addi	a0,a0,4
    c00a:	02080d63          	beqz	a6,c044 <_printf_i+0x20e>
    c00e:	c308                	sw	a0,0(a4)
    c010:	0015f713          	andi	a4,a1,1
    c014:	c701                	beqz	a4,c01c <_printf_i+0x1e6>
    c016:	0205e593          	ori	a1,a1,32
    c01a:	c00c                	sw	a1,0(s0)
    c01c:	4741                	li	a4,16
    c01e:	fbb9                	bnez	a5,bf74 <_printf_i+0x13e>
    c020:	400c                	lw	a1,0(s0)
    c022:	fdf5f593          	andi	a1,a1,-33
    c026:	c00c                	sw	a1,0(s0)
    c028:	b7b1                	j	bf74 <_printf_i+0x13e>
    c02a:	419c                	lw	a5,0(a1)
    c02c:	0207e793          	ori	a5,a5,32
    c030:	c19c                	sw	a5,0(a1)
    c032:	07800793          	li	a5,120
    c036:	04f402a3          	sb	a5,69(s0)
    c03a:	00002697          	auipc	a3,0x2
    c03e:	4ca68693          	addi	a3,a3,1226 # e504 <__sf_fake_stdout+0x48>
    c042:	bf75                	j	bffe <_printf_i+0x1c8>
    c044:	0405f813          	andi	a6,a1,64
    c048:	c308                	sw	a0,0(a4)
    c04a:	fc0803e3          	beqz	a6,c010 <_printf_i+0x1da>
    c04e:	07c2                	slli	a5,a5,0x10
    c050:	83c1                	srli	a5,a5,0x10
    c052:	bf7d                	j	c010 <_printf_i+0x1da>
    c054:	00002697          	auipc	a3,0x2
    c058:	49c68693          	addi	a3,a3,1180 # e4f0 <__sf_fake_stdout+0x34>
    c05c:	4721                	li	a4,8
    c05e:	bf19                	j	bf74 <_printf_i+0x13e>
    c060:	87ae                	mv	a5,a1
    c062:	b735                	j	bf8e <_printf_i+0x158>
    c064:	4194                	lw	a3,0(a1)
    c066:	431c                	lw	a5,0(a4)
    c068:	49cc                	lw	a1,20(a1)
    c06a:	0806f813          	andi	a6,a3,128
    c06e:	00478513          	addi	a0,a5,4
    c072:	00080663          	beqz	a6,c07e <_printf_i+0x248>
    c076:	c308                	sw	a0,0(a4)
    c078:	439c                	lw	a5,0(a5)
    c07a:	c38c                	sw	a1,0(a5)
    c07c:	a039                	j	c08a <_printf_i+0x254>
    c07e:	c308                	sw	a0,0(a4)
    c080:	0406f693          	andi	a3,a3,64
    c084:	439c                	lw	a5,0(a5)
    c086:	daf5                	beqz	a3,c07a <_printf_i+0x244>
    c088:	a38e                	sh	a1,0(a5)
    c08a:	00042823          	sw	zero,16(s0)
    c08e:	8ab2                	mv	s5,a2
    c090:	bf25                	j	bfc8 <_printf_i+0x192>
    c092:	4814                	lw	a3,16(s0)
    c094:	8656                	mv	a2,s5
    c096:	85ca                	mv	a1,s2
    c098:	8526                	mv	a0,s1
    c09a:	9982                	jalr	s3
    c09c:	f54500e3          	beq	a0,s4,bfdc <_printf_i+0x1a6>
    c0a0:	401c                	lw	a5,0(s0)
    c0a2:	8b89                	andi	a5,a5,2
    c0a4:	e78d                	bnez	a5,c0ce <_printf_i+0x298>
    c0a6:	47b2                	lw	a5,12(sp)
    c0a8:	4448                	lw	a0,12(s0)
    c0aa:	f2f55ae3          	bge	a0,a5,bfde <_printf_i+0x1a8>
    c0ae:	853e                	mv	a0,a5
    c0b0:	b73d                	j	bfde <_printf_i+0x1a8>
    c0b2:	4685                	li	a3,1
    c0b4:	8656                	mv	a2,s5
    c0b6:	85ca                	mv	a1,s2
    c0b8:	8526                	mv	a0,s1
    c0ba:	9982                	jalr	s3
    c0bc:	f36500e3          	beq	a0,s6,bfdc <_printf_i+0x1a6>
    c0c0:	0a05                	addi	s4,s4,1
    c0c2:	445c                	lw	a5,12(s0)
    c0c4:	4732                	lw	a4,12(sp)
    c0c6:	8f99                	sub	a5,a5,a4
    c0c8:	fefa45e3          	blt	s4,a5,c0b2 <_printf_i+0x27c>
    c0cc:	bfe9                	j	c0a6 <_printf_i+0x270>
    c0ce:	4a01                	li	s4,0
    c0d0:	01940a93          	addi	s5,s0,25
    c0d4:	5b7d                	li	s6,-1
    c0d6:	b7f5                	j	c0c2 <_printf_i+0x28c>

0000c0d8 <_sbrk_r>:
    c0d8:	1141                	addi	sp,sp,-16
    c0da:	c422                	sw	s0,8(sp)
    c0dc:	842a                	mv	s0,a0
    c0de:	852e                	mv	a0,a1
    c0e0:	1fffe797          	auipc	a5,0x1fffe
    c0e4:	fe07a423          	sw	zero,-24(a5) # 2000a0c8 <errno>
    c0e8:	c606                	sw	ra,12(sp)
    c0ea:	ec1fe0ef          	jal	ra,afaa <_sbrk>
    c0ee:	57fd                	li	a5,-1
    c0f0:	00f51963          	bne	a0,a5,c102 <_sbrk_r+0x2a>
    c0f4:	1fffe797          	auipc	a5,0x1fffe
    c0f8:	fd478793          	addi	a5,a5,-44 # 2000a0c8 <errno>
    c0fc:	439c                	lw	a5,0(a5)
    c0fe:	c391                	beqz	a5,c102 <_sbrk_r+0x2a>
    c100:	c01c                	sw	a5,0(s0)
    c102:	40b2                	lw	ra,12(sp)
    c104:	4422                	lw	s0,8(sp)
    c106:	0141                	addi	sp,sp,16
    c108:	8082                	ret

0000c10a <__sread>:
    c10a:	1141                	addi	sp,sp,-16
    c10c:	c422                	sw	s0,8(sp)
    c10e:	842e                	mv	s0,a1
    c110:	00e59583          	lh	a1,14(a1)
    c114:	c606                	sw	ra,12(sp)
    c116:	2a5d                	jal	c2cc <_read_r>
    c118:	00054963          	bltz	a0,c12a <__sread+0x20>
    c11c:	487c                	lw	a5,84(s0)
    c11e:	97aa                	add	a5,a5,a0
    c120:	c87c                	sw	a5,84(s0)
    c122:	40b2                	lw	ra,12(sp)
    c124:	4422                	lw	s0,8(sp)
    c126:	0141                	addi	sp,sp,16
    c128:	8082                	ret
    c12a:	245e                	lhu	a5,12(s0)
    c12c:	777d                	lui	a4,0xfffff
    c12e:	177d                	addi	a4,a4,-1
    c130:	8ff9                	and	a5,a5,a4
    c132:	a45e                	sh	a5,12(s0)
    c134:	b7fd                	j	c122 <__sread+0x18>

0000c136 <__swrite>:
    c136:	25de                	lhu	a5,12(a1)
    c138:	1101                	addi	sp,sp,-32
    c13a:	cc22                	sw	s0,24(sp)
    c13c:	ca26                	sw	s1,20(sp)
    c13e:	c84a                	sw	s2,16(sp)
    c140:	c64e                	sw	s3,12(sp)
    c142:	ce06                	sw	ra,28(sp)
    c144:	1007f793          	andi	a5,a5,256
    c148:	84aa                	mv	s1,a0
    c14a:	842e                	mv	s0,a1
    c14c:	8932                	mv	s2,a2
    c14e:	89b6                	mv	s3,a3
    c150:	c791                	beqz	a5,c15c <__swrite+0x26>
    c152:	00e59583          	lh	a1,14(a1)
    c156:	4689                	li	a3,2
    c158:	4601                	li	a2,0
    c15a:	220d                	jal	c27c <_lseek_r>
    c15c:	245e                	lhu	a5,12(s0)
    c15e:	777d                	lui	a4,0xfffff
    c160:	177d                	addi	a4,a4,-1
    c162:	8ff9                	and	a5,a5,a4
    c164:	a45e                	sh	a5,12(s0)
    c166:	00e41583          	lh	a1,14(s0)
    c16a:	4462                	lw	s0,24(sp)
    c16c:	40f2                	lw	ra,28(sp)
    c16e:	86ce                	mv	a3,s3
    c170:	864a                	mv	a2,s2
    c172:	49b2                	lw	s3,12(sp)
    c174:	4942                	lw	s2,16(sp)
    c176:	8526                	mv	a0,s1
    c178:	44d2                	lw	s1,20(sp)
    c17a:	6105                	addi	sp,sp,32
    c17c:	a825                	j	c1b4 <_write_r>

0000c17e <__sseek>:
    c17e:	1141                	addi	sp,sp,-16
    c180:	c422                	sw	s0,8(sp)
    c182:	842e                	mv	s0,a1
    c184:	00e59583          	lh	a1,14(a1)
    c188:	c606                	sw	ra,12(sp)
    c18a:	28cd                	jal	c27c <_lseek_r>
    c18c:	57fd                	li	a5,-1
    c18e:	245a                	lhu	a4,12(s0)
    c190:	00f51a63          	bne	a0,a5,c1a4 <__sseek+0x26>
    c194:	77fd                	lui	a5,0xfffff
    c196:	17fd                	addi	a5,a5,-1
    c198:	8ff9                	and	a5,a5,a4
    c19a:	a45e                	sh	a5,12(s0)
    c19c:	40b2                	lw	ra,12(sp)
    c19e:	4422                	lw	s0,8(sp)
    c1a0:	0141                	addi	sp,sp,16
    c1a2:	8082                	ret
    c1a4:	6785                	lui	a5,0x1
    c1a6:	8fd9                	or	a5,a5,a4
    c1a8:	a45e                	sh	a5,12(s0)
    c1aa:	c868                	sw	a0,84(s0)
    c1ac:	bfc5                	j	c19c <__sseek+0x1e>

0000c1ae <__sclose>:
    c1ae:	00e59583          	lh	a1,14(a1)
    c1b2:	a825                	j	c1ea <_close_r>

0000c1b4 <_write_r>:
    c1b4:	1141                	addi	sp,sp,-16
    c1b6:	c422                	sw	s0,8(sp)
    c1b8:	842a                	mv	s0,a0
    c1ba:	852e                	mv	a0,a1
    c1bc:	85b2                	mv	a1,a2
    c1be:	8636                	mv	a2,a3
    c1c0:	1fffe797          	auipc	a5,0x1fffe
    c1c4:	f007a423          	sw	zero,-248(a5) # 2000a0c8 <errno>
    c1c8:	c606                	sw	ra,12(sp)
    c1ca:	da3fe0ef          	jal	ra,af6c <_write>
    c1ce:	57fd                	li	a5,-1
    c1d0:	00f51963          	bne	a0,a5,c1e2 <_write_r+0x2e>
    c1d4:	1fffe797          	auipc	a5,0x1fffe
    c1d8:	ef478793          	addi	a5,a5,-268 # 2000a0c8 <errno>
    c1dc:	439c                	lw	a5,0(a5)
    c1de:	c391                	beqz	a5,c1e2 <_write_r+0x2e>
    c1e0:	c01c                	sw	a5,0(s0)
    c1e2:	40b2                	lw	ra,12(sp)
    c1e4:	4422                	lw	s0,8(sp)
    c1e6:	0141                	addi	sp,sp,16
    c1e8:	8082                	ret

0000c1ea <_close_r>:
    c1ea:	1141                	addi	sp,sp,-16
    c1ec:	c422                	sw	s0,8(sp)
    c1ee:	842a                	mv	s0,a0
    c1f0:	852e                	mv	a0,a1
    c1f2:	1fffe797          	auipc	a5,0x1fffe
    c1f6:	ec07ab23          	sw	zero,-298(a5) # 2000a0c8 <errno>
    c1fa:	c606                	sw	ra,12(sp)
    c1fc:	2211                	jal	c300 <_close>
    c1fe:	57fd                	li	a5,-1
    c200:	00f51963          	bne	a0,a5,c212 <_close_r+0x28>
    c204:	1fffe797          	auipc	a5,0x1fffe
    c208:	ec478793          	addi	a5,a5,-316 # 2000a0c8 <errno>
    c20c:	439c                	lw	a5,0(a5)
    c20e:	c391                	beqz	a5,c212 <_close_r+0x28>
    c210:	c01c                	sw	a5,0(s0)
    c212:	40b2                	lw	ra,12(sp)
    c214:	4422                	lw	s0,8(sp)
    c216:	0141                	addi	sp,sp,16
    c218:	8082                	ret

0000c21a <_fstat_r>:
    c21a:	1141                	addi	sp,sp,-16
    c21c:	c422                	sw	s0,8(sp)
    c21e:	842a                	mv	s0,a0
    c220:	852e                	mv	a0,a1
    c222:	85b2                	mv	a1,a2
    c224:	1fffe797          	auipc	a5,0x1fffe
    c228:	ea07a223          	sw	zero,-348(a5) # 2000a0c8 <errno>
    c22c:	c606                	sw	ra,12(sp)
    c22e:	20cd                	jal	c310 <_fstat>
    c230:	57fd                	li	a5,-1
    c232:	00f51963          	bne	a0,a5,c244 <_fstat_r+0x2a>
    c236:	1fffe797          	auipc	a5,0x1fffe
    c23a:	e9278793          	addi	a5,a5,-366 # 2000a0c8 <errno>
    c23e:	439c                	lw	a5,0(a5)
    c240:	c391                	beqz	a5,c244 <_fstat_r+0x2a>
    c242:	c01c                	sw	a5,0(s0)
    c244:	40b2                	lw	ra,12(sp)
    c246:	4422                	lw	s0,8(sp)
    c248:	0141                	addi	sp,sp,16
    c24a:	8082                	ret

0000c24c <_isatty_r>:
    c24c:	1141                	addi	sp,sp,-16
    c24e:	c422                	sw	s0,8(sp)
    c250:	842a                	mv	s0,a0
    c252:	852e                	mv	a0,a1
    c254:	1fffe797          	auipc	a5,0x1fffe
    c258:	e607aa23          	sw	zero,-396(a5) # 2000a0c8 <errno>
    c25c:	c606                	sw	ra,12(sp)
    c25e:	20c9                	jal	c320 <_isatty>
    c260:	57fd                	li	a5,-1
    c262:	00f51963          	bne	a0,a5,c274 <_isatty_r+0x28>
    c266:	1fffe797          	auipc	a5,0x1fffe
    c26a:	e6278793          	addi	a5,a5,-414 # 2000a0c8 <errno>
    c26e:	439c                	lw	a5,0(a5)
    c270:	c391                	beqz	a5,c274 <_isatty_r+0x28>
    c272:	c01c                	sw	a5,0(s0)
    c274:	40b2                	lw	ra,12(sp)
    c276:	4422                	lw	s0,8(sp)
    c278:	0141                	addi	sp,sp,16
    c27a:	8082                	ret

0000c27c <_lseek_r>:
    c27c:	1141                	addi	sp,sp,-16
    c27e:	c422                	sw	s0,8(sp)
    c280:	842a                	mv	s0,a0
    c282:	852e                	mv	a0,a1
    c284:	85b2                	mv	a1,a2
    c286:	8636                	mv	a2,a3
    c288:	1fffe797          	auipc	a5,0x1fffe
    c28c:	e407a023          	sw	zero,-448(a5) # 2000a0c8 <errno>
    c290:	c606                	sw	ra,12(sp)
    c292:	2879                	jal	c330 <_lseek>
    c294:	57fd                	li	a5,-1
    c296:	00f51963          	bne	a0,a5,c2a8 <_lseek_r+0x2c>
    c29a:	1fffe797          	auipc	a5,0x1fffe
    c29e:	e2e78793          	addi	a5,a5,-466 # 2000a0c8 <errno>
    c2a2:	439c                	lw	a5,0(a5)
    c2a4:	c391                	beqz	a5,c2a8 <_lseek_r+0x2c>
    c2a6:	c01c                	sw	a5,0(s0)
    c2a8:	40b2                	lw	ra,12(sp)
    c2aa:	4422                	lw	s0,8(sp)
    c2ac:	0141                	addi	sp,sp,16
    c2ae:	8082                	ret

0000c2b0 <memchr>:
    c2b0:	0ff5f593          	andi	a1,a1,255
    c2b4:	962a                	add	a2,a2,a0
    c2b6:	00c51463          	bne	a0,a2,c2be <memchr+0xe>
    c2ba:	4501                	li	a0,0
    c2bc:	8082                	ret
    c2be:	211c                	lbu	a5,0(a0)
    c2c0:	feb78ee3          	beq	a5,a1,c2bc <memchr+0xc>
    c2c4:	0505                	addi	a0,a0,1
    c2c6:	bfc5                	j	c2b6 <memchr+0x6>

0000c2c8 <__malloc_lock>:
    c2c8:	8082                	ret

0000c2ca <__malloc_unlock>:
    c2ca:	8082                	ret

0000c2cc <_read_r>:
    c2cc:	1141                	addi	sp,sp,-16
    c2ce:	c422                	sw	s0,8(sp)
    c2d0:	842a                	mv	s0,a0
    c2d2:	852e                	mv	a0,a1
    c2d4:	85b2                	mv	a1,a2
    c2d6:	8636                	mv	a2,a3
    c2d8:	1fffe797          	auipc	a5,0x1fffe
    c2dc:	de07a823          	sw	zero,-528(a5) # 2000a0c8 <errno>
    c2e0:	c606                	sw	ra,12(sp)
    c2e2:	28b9                	jal	c340 <_read>
    c2e4:	57fd                	li	a5,-1
    c2e6:	00f51963          	bne	a0,a5,c2f8 <_read_r+0x2c>
    c2ea:	1fffe797          	auipc	a5,0x1fffe
    c2ee:	dde78793          	addi	a5,a5,-546 # 2000a0c8 <errno>
    c2f2:	439c                	lw	a5,0(a5)
    c2f4:	c391                	beqz	a5,c2f8 <_read_r+0x2c>
    c2f6:	c01c                	sw	a5,0(s0)
    c2f8:	40b2                	lw	ra,12(sp)
    c2fa:	4422                	lw	s0,8(sp)
    c2fc:	0141                	addi	sp,sp,16
    c2fe:	8082                	ret

0000c300 <_close>:
    c300:	05800793          	li	a5,88
    c304:	1fffe717          	auipc	a4,0x1fffe
    c308:	dcf72223          	sw	a5,-572(a4) # 2000a0c8 <errno>
    c30c:	557d                	li	a0,-1
    c30e:	8082                	ret

0000c310 <_fstat>:
    c310:	05800793          	li	a5,88
    c314:	1fffe717          	auipc	a4,0x1fffe
    c318:	daf72a23          	sw	a5,-588(a4) # 2000a0c8 <errno>
    c31c:	557d                	li	a0,-1
    c31e:	8082                	ret

0000c320 <_isatty>:
    c320:	05800793          	li	a5,88
    c324:	1fffe717          	auipc	a4,0x1fffe
    c328:	daf72223          	sw	a5,-604(a4) # 2000a0c8 <errno>
    c32c:	4501                	li	a0,0
    c32e:	8082                	ret

0000c330 <_lseek>:
    c330:	05800793          	li	a5,88
    c334:	1fffe717          	auipc	a4,0x1fffe
    c338:	d8f72a23          	sw	a5,-620(a4) # 2000a0c8 <errno>
    c33c:	557d                	li	a0,-1
    c33e:	8082                	ret

0000c340 <_read>:
    c340:	05800793          	li	a5,88
    c344:	1fffe717          	auipc	a4,0x1fffe
    c348:	d8f72223          	sw	a5,-636(a4) # 2000a0c8 <errno>
    c34c:	557d                	li	a0,-1
    c34e:	8082                	ret
    c350:	4148                	lw	a0,4(a0)
    c352:	4452                	lw	s0,20(sp)
    c354:	4620                	lw	s0,72(a2)
    c356:	5541                	li	a0,-16
    c358:	544c                	lw	a1,44(s0)
    c35a:	0d21                	addi	s10,s10,8
    c35c:	0000                	unimp
    c35e:	0000                	unimp
    c360:	74737953          	0x74737953
    c364:	6d65                	lui	s10,0x19
    c366:	3a6b6c43          	fmadd.d	fs8,fs6,ft6,ft7,unknown
    c36a:	6425                	lui	s0,0x9
    c36c:	0a0d                	addi	s4,s4,3
    c36e:	0000                	unimp
    c370:	70696843          	fmadd.s	fa6,fs2,ft6,fa4,unknown
    c374:	4449                	li	s0,18
    c376:	253a                	lhu	a4,10(a0)
    c378:	3830                	lbu	a2,19(s0)
    c37a:	0d78                	addi	a4,sp,668
    c37c:	000a                	c.slli	zero,0x2
    c37e:	0000                	unimp
    c380:	3156                	lhu	a3,36(a0)
    c382:	2e30                	lbu	a2,26(a2)
    c384:	2e34                	lbu	a3,26(a2)
    c386:	0036                	c.slli	zero,0xd
    c388:	7246                	flw	ft4,112(sp)
    c38a:	6565                	lui	a0,0x19
    c38c:	5452                	lw	s0,52(sp)
    c38e:	4b20534f          	fnmadd.d	ft6,ft0,fs2,fs1,unknown
    c392:	7265                	lui	tp,0xffff9
    c394:	656e                	flw	fa0,216(sp)
    c396:	206c                	lbu	a1,6(s0)
    c398:	6556                	flw	fa0,84(sp)
    c39a:	7372                	flw	ft6,60(sp)
    c39c:	6f69                	lui	t5,0x1a
    c39e:	3a6e                	lhu	a1,54(a2)
    c3a0:	7325                	lui	t1,0xfffe9
    c3a2:	0a0d                	addi	s4,s4,3
    c3a4:	0000                	unimp
    c3a6:	0000                	unimp
    c3a8:	2e32                	lhu	a2,26(a2)
    c3aa:	2e31                	jal	c6c6 <_read+0x386>
    c3ac:	00000033          	add	zero,zero,zero
    c3b0:	774c                	flw	fa1,44(a4)
    c3b2:	5049                	c.li	zero,-14
    c3b4:	5620                	lw	s0,104(a2)
    c3b6:	7265                	lui	tp,0xffff9
    c3b8:	6e6f6973          	csrrsi	s2,0x6e6,30
    c3bc:	253a                	lhu	a4,10(a0)
    c3be:	000a0d73          	0xa0d73
    c3c2:	0000                	unimp
    c3c4:	656e                	flw	fa0,216(sp)
    c3c6:	6374                	flw	fa3,68(a4)
    c3c8:	00666e6f          	jal	t3,723ce <_data_lma+0x63eb6>
    c3cc:	43415453          	0x43415453
    c3d0:	564f204b          	fnmsub.q	ft0,ft10,ft4,fa0,rdn
    c3d4:	5245                	li	tp,-15
    c3d6:	4c46                	lw	s8,80(sp)
    c3d8:	203a574f          	fnmadd.s	fa4,fs4,ft3,ft4,unknown
    c3dc:	7325                	lui	t1,0xfffe9
    c3de:	0a0d                	addi	s4,s4,3
    c3e0:	0000                	unimp
    c3e2:	0000                	unimp
    c3e4:	626d                	lui	tp,0x1b
    c3e6:	6620786f          	jal	a6,13a48 <_data_lma+0x5530>
    c3ea:	7465                	lui	s0,0xffff9
    c3ec:	66206863          	bltu	zero,sp,ca5c <_read+0x71c>
    c3f0:	6961                	lui	s2,0x18
    c3f2:	656c                	flw	fa1,76(a0)
    c3f4:	0064                	addi	s1,sp,12
    c3f6:	0000                	unimp
    c3f8:	626d                	lui	tp,0x1b
    c3fa:	2120786f          	jal	a6,1360c <_data_lma+0x50f4>
    c3fe:	203d                	jal	c42c <_read+0xec>
    c400:	554e                	lw	a0,240(sp)
    c402:	4c4c                	lw	a1,28(s0)
    c404:	0000                	unimp
    c406:	0000                	unimp
    c408:	657a6973          	csrrsi	s2,0x657,20
    c40c:	3e20                	lbu	s0,27(a2)
    c40e:	3020                	lbu	s0,3(s0)
    c410:	0000                	unimp
    c412:	0000                	unimp
    c414:	626d                	lui	tp,0x1b
    c416:	3e2d786f          	jal	a6,e37f8 <_data_lma+0xd52e0>
    c41a:	626d                	lui	tp,0x1b
    c41c:	2078                	lbu	a4,6(s0)
    c41e:	3d21                	jal	c236 <_fstat_r+0x1c>
    c420:	4e20                	lw	s0,88(a2)
    c422:	4c55                	li	s8,21
    c424:	004c                	addi	a1,sp,4
    c426:	0000                	unimp
    c428:	626d                	lui	tp,0x1b
    c42a:	7020786f          	jal	a6,13b2c <_data_lma+0x5614>
    c42e:	2074736f          	jal	t1,53e34 <_data_lma+0x4591c>
    c432:	6166                	flw	ft2,88(sp)
    c434:	6c69                	lui	s8,0x1a
    c436:	6465                	lui	s0,0x19
    c438:	0000                	unimp
    c43a:	0000                	unimp
    c43c:	626d                	lui	tp,0x1b
    c43e:	7420786f          	jal	a6,13b80 <_data_lma+0x5668>
    c442:	7972                	flw	fs2,60(sp)
    c444:	6f70                	flw	fa2,92(a4)
    c446:	66207473          	csrrci	s0,0x662,0
    c44a:	6961                	lui	s2,0x18
    c44c:	656c                	flw	fa1,76(a0)
    c44e:	0064                	addi	s1,sp,12
    c450:	756d                	lui	a0,0xffffb
    c452:	6574                	flw	fa3,76(a0)
    c454:	2d78                	lbu	a4,30(a0)
    c456:	6d3e                	flw	fs10,204(sp)
    c458:	7475                	lui	s0,0xffffd
    c45a:	2120                	lbu	s0,2(a0)
    c45c:	203d                	jal	c48a <_read+0x14a>
    c45e:	554e                	lw	a0,240(sp)
    c460:	4c4c                	lw	a1,28(s0)
    c462:	0000                	unimp
    c464:	6166                	flw	ft2,88(sp)
    c466:	6c69                	lui	s8,0x1a
    c468:	6465                	lui	s0,0x19
    c46a:	7420                	flw	fs0,104(s0)
    c46c:	6174206f          	j	4f282 <_data_lma+0x40d6a>
    c470:	7420656b          	0x7420656b
    c474:	6568                	flw	fa0,76(a0)
    c476:	6d20                	flw	fs0,88(a0)
    c478:	7475                	lui	s0,0xffffd
    c47a:	7865                	lui	a6,0xffff9
    c47c:	0000                	unimp
    c47e:	0000                	unimp
    c480:	756d                	lui	a0,0xffffb
    c482:	6574                	flw	fa3,76(a0)
    c484:	2078                	lbu	a4,6(s0)
    c486:	3d21                	jal	c29e <_lseek_r+0x22>
    c488:	4e20                	lw	s0,88(a2)
    c48a:	4c55                	li	s8,21
    c48c:	004c                	addi	a1,sp,4
    c48e:	0000                	unimp
    c490:	7341                	lui	t1,0xffff0
    c492:	74726573          	csrrsi	a0,0x747,4
    c496:	6f69                	lui	t5,0x1a
    c498:	206e                	lhu	a1,6(s0)
    c49a:	6166                	flw	ft2,88(sp)
    c49c:	6c69                	lui	s8,0x1a
    c49e:	6465                	lui	s0,0x19
    c4a0:	203a                	lhu	a4,2(s0)
    c4a2:	7325                	lui	t1,0xfffe9
    c4a4:	0a0d                	addi	s4,s4,3
    c4a6:	0000                	unimp
    c4a8:	6166                	flw	ft2,88(sp)
    c4aa:	6c69                	lui	s8,0x1a
    c4ac:	6465                	lui	s0,0x19
    c4ae:	7420                	flw	fs0,104(s0)
    c4b0:	6967206f          	j	7eb46 <_data_lma+0x7062e>
    c4b4:	6576                	flw	fa0,92(sp)
    c4b6:	7420                	flw	fs0,104(s0)
    c4b8:	6568                	flw	fa0,76(a0)
    c4ba:	6d20                	flw	fs0,88(a0)
    c4bc:	7475                	lui	s0,0xffffd
    c4be:	7865                	lui	a6,0xffff9
    c4c0:	0000                	unimp
    c4c2:	0000                	unimp
    c4c4:	6e69                	lui	t3,0x1a
    c4c6:	6176                	flw	ft2,92(sp)
    c4c8:	696c                	flw	fa1,84(a0)
    c4ca:	2064                	lbu	s1,6(s0)
    c4cc:	63617473          	csrrci	s0,0x636,2
    c4d0:	7a69736b          	0x7a69736b
    c4d4:	0065                	c.nop	25
    c4d6:	0000                	unimp
    c4d8:	6174                	flw	fa3,68(a0)
    c4da:	63206b73          	csrrsi	s6,0x632,0
    c4de:	6572                	flw	fa0,28(sp)
    c4e0:	7461                	lui	s0,0xffff8
    c4e2:	6f69                	lui	t5,0x1a
    c4e4:	206e                	lhu	a1,6(s0)
    c4e6:	6166                	flw	ft2,88(sp)
    c4e8:	6c69                	lui	s8,0x1a
    c4ea:	6465                	lui	s0,0x19
    c4ec:	0000                	unimp
    c4ee:	0000                	unimp
    c4f0:	656e                	flw	fa0,216(sp)
    c4f2:	6974                	flw	fa3,84(a0)
    c4f4:	2066                	lhu	s1,6(s0)
    c4f6:	3d21                	jal	c30e <_close+0xe>
    c4f8:	4e20                	lw	s0,88(a2)
    c4fa:	4c55                	li	s8,21
    c4fc:	004c                	addi	a1,sp,4
    c4fe:	0000                	unimp
    c500:	2e2e                	lhu	a1,26(a2)
    c502:	49574c2f          	0x49574c2f
    c506:	5f50                	lw	a2,60(a4)
    c508:	4f50                	lw	a2,28(a4)
    c50a:	5452                	lw	s0,52(sp)
    c50c:	6874652f          	0x6874652f
    c510:	7265                	lui	tp,0xffff9
    c512:	656e                	flw	fa0,216(sp)
    c514:	6974                	flw	fa3,84(a0)
    c516:	2e66                	lhu	s1,30(a2)
    c518:	00000063          	beqz	zero,c518 <_read+0x1d8>
    c51c:	7265                	lui	tp,0xffff9
    c51e:	2072                	lhu	a2,6(s0)
    c520:	7461                	lui	s0,0xffff8
    c522:	6c20                	flw	fs0,88(s0)
    c524:	6e69                	lui	t3,0x1a
    c526:	2065                	jal	c5ce <_read+0x28e>
    c528:	6425                	lui	s0,0x9
    c52a:	6f20                	flw	fs0,88(a4)
    c52c:	2066                	lhu	s1,6(s0)
    c52e:	6966                	flw	fs2,88(sp)
    c530:	656c                	flw	fa1,76(a0)
    c532:	2220                	lbu	s0,2(a2)
    c534:	7325                	lui	t1,0xfffe9
    c536:	2e22                	lhu	s0,26(a2)
    c538:	0d20                	addi	s0,sp,664
    c53a:	200a                	lhu	a0,0(s0)
    c53c:	0000                	unimp
    c53e:	0000                	unimp
    c540:	6f6c                	flw	fa1,92(a4)
    c542:	746c6163          	bltu	s8,t1,cc84 <_read+0x944>
    c546:	6d69                	lui	s10,0x1a
    c548:	0065                	c.nop	25
    c54a:	0000                	unimp
    c54c:	656e                	flw	fa0,216(sp)
    c54e:	6974                	flw	fa3,84(a0)
    c550:	5f66                	lw	t5,120(sp)
    c552:	6461                	lui	s0,0x18
    c554:	2064                	lbu	s1,6(s0)
    c556:	6166                	flw	ft2,88(sp)
    c558:	6c69                	lui	s8,0x1a
    c55a:	6465                	lui	s0,0x19
    c55c:	203a                	lhu	a4,2(s0)
    c55e:	6425                	lui	s0,0x9
    c560:	0a0d                	addi	s4,s4,3
    c562:	0000                	unimp
    c564:	6f42                	flw	ft10,16(sp)
    c566:	7261                	lui	tp,0xffff8
    c568:	2064                	lbu	s1,6(s0)
    c56a:	5049                	c.li	zero,-14
    c56c:	203a                	lhu	a4,2(s0)
    c56e:	7325                	lui	t1,0xfffe9
    c570:	0a0d                	addi	s4,s4,3
    c572:	0000                	unimp
    c574:	6f42                	flw	ft10,16(sp)
    c576:	7261                	lui	tp,0xffff8
    c578:	2064                	lbu	s1,6(s0)
    c57a:	414d                	li	sp,19
    c57c:	25203a43          	0x25203a43
    c580:	3230                	lbu	a2,3(a2)
    c582:	3a78                	lbu	a4,23(a2)
    c584:	3025                	jal	bdac <_printf_common+0x82>
    c586:	7832                	flw	fa6,44(sp)
    c588:	253a                	lhu	a4,10(a0)
    c58a:	3230                	lbu	a2,3(a2)
    c58c:	3a78                	lbu	a4,23(a2)
    c58e:	3025                	jal	bdb6 <_printf_common+0x8c>
    c590:	7832                	flw	fa6,44(sp)
    c592:	253a                	lhu	a4,10(a0)
    c594:	3230                	lbu	a2,3(a2)
    c596:	3a78                	lbu	a4,23(a2)
    c598:	3025                	jal	bdc0 <_printf_common+0x96>
    c59a:	7832                	flw	fa6,44(sp)
    c59c:	0a0d                	addi	s4,s4,3
    c59e:	0000                	unimp
    c5a0:	656e                	flw	fa0,216(sp)
    c5a2:	6974                	flw	fa3,84(a0)
    c5a4:	0066                	c.slli	zero,0x19
    c5a6:	0000                	unimp
    c5a8:	656e                	flw	fa0,216(sp)
    c5aa:	6974                	flw	fa3,84(a0)
    c5ac:	2066                	lhu	s1,6(s0)
    c5ae:	6174                	flw	fa3,68(a0)
    c5b0:	63206b73          	csrrsi	s6,0x632,0
    c5b4:	6572                	flw	fa0,28(sp)
    c5b6:	7461                	lui	s0,0xffff8
    c5b8:	2065                	jal	c660 <_read+0x320>
    c5ba:	6166                	flw	ft2,88(sp)
    c5bc:	6c69                	lui	s8,0x1a
    c5be:	6465                	lui	s0,0x19
    c5c0:	000d                	c.nop	3
    c5c2:	0000                	unimp
    c5c4:	774c                	flw	fa1,44(a4)
    c5c6:	5049                	c.li	zero,-14
    c5c8:	6920                	flw	fs0,80(a0)
    c5ca:	696e                	flw	fs2,216(sp)
    c5cc:	2074                	lbu	a3,6(s0)
    c5ce:	6f64                	flw	fs1,92(a4)
    c5d0:	656e                	flw	fa0,216(sp)
    c5d2:	000d                	c.nop	3
    c5d4:	694c                	flw	fa1,20(a0)
    c5d6:	6b6e                	flw	fs6,216(sp)
    c5d8:	7520                	flw	fs0,104(a0)
    c5da:	0d70                	addi	a2,sp,668
    c5dc:	0000                	unimp
    c5de:	0000                	unimp
    c5e0:	694c                	flw	fa1,20(a0)
    c5e2:	6b6e                	flw	fs6,216(sp)
    c5e4:	6420                	flw	fs0,72(s0)
    c5e6:	0d6e776f          	jal	a4,f36bc <_data_lma+0xe51a4>
    c5ea:	0000                	unimp
    c5ec:	656e                	flw	fa0,216(sp)
    c5ee:	6974                	flw	fa3,84(a0)
    c5f0:	2d66                	lhu	s1,30(a0)
    c5f2:	683e                	flw	fa6,204(sp)
    c5f4:	64646177          	0x64646177
    c5f8:	5f72                	lw	t5,60(sp)
    c5fa:	656c                	flw	fa1,76(a0)
    c5fc:	206e                	lhu	a1,6(s0)
    c5fe:	756d                	lui	a0,0xffffb
    c600:	62207473          	csrrci	s0,0x622,0
    c604:	2065                	jal	c6ac <_read+0x36c>
    c606:	2036                	lhu	a3,2(s0)
    c608:	6f66                	flw	ft10,88(sp)
    c60a:	2072                	lhu	a2,6(s0)
    c60c:	7465                	lui	s0,0xffff9
    c60e:	6568                	flw	fa0,76(a0)
    c610:	6e72                	flw	ft8,28(sp)
    c612:	7465                	lui	s0,0xffff9
    c614:	6f5f 7475 7570      	0x757074756f5f
    c61a:	2174                	lbu	a3,6(a0)
    c61c:	0000                	unimp
    c61e:	0000                	unimp
    c620:	6864                	flw	fs1,84(s0)
    c622:	625f7063          	bgeu	t5,t0,cc42 <_read+0x902>
    c626:	6e69                	lui	t3,0x1a
    c628:	3a64                	lbu	s1,23(a2)
    c62a:	6e20                	flw	fs0,88(a2)
    c62c:	7465                	lui	s0,0xffff9
    c62e:	6669                	lui	a2,0x1a
    c630:	2120                	lbu	s0,2(a0)
    c632:	203d                	jal	c660 <_read+0x320>
    c634:	554e                	lw	a0,240(sp)
    c636:	4c4c                	lw	a1,28(s0)
    c638:	0000                	unimp
    c63a:	0000                	unimp
    c63c:	6864                	flw	fs1,84(s0)
    c63e:	625f7063          	bgeu	t5,t0,cc5e <_read+0x91e>
    c642:	6e69                	lui	t3,0x1a
    c644:	3a64                	lbu	s1,23(a2)
    c646:	6420                	flw	fs0,72(s0)
    c648:	6368                	flw	fa0,68(a4)
    c64a:	2070                	lbu	a2,6(s0)
    c64c:	3d21                	jal	c464 <_read+0x124>
    c64e:	4e20                	lw	s0,88(a2)
    c650:	4c55                	li	s8,21
    c652:	004c                	addi	a1,sp,4
    c654:	6864                	flw	fs1,84(s0)
    c656:	635f7063          	bgeu	t5,s5,cc76 <_read+0x936>
    c65a:	6572                	flw	fa0,28(sp)
    c65c:	7461                	lui	s0,0xffff8
    c65e:	5f65                	li	t5,-7
    c660:	736d                	lui	t1,0xffffb
    c662:	6e203a67          	0x6e203a67
    c666:	7465                	lui	s0,0xffff9
    c668:	6669                	lui	a2,0x1a
    c66a:	2120                	lbu	s0,2(a0)
    c66c:	203d                	jal	c69a <_read+0x35a>
    c66e:	554e                	lw	a0,240(sp)
    c670:	4c4c                	lw	a1,28(s0)
    c672:	0000                	unimp
    c674:	6864                	flw	fs1,84(s0)
    c676:	635f7063          	bgeu	t5,s5,cc96 <_read+0x956>
    c67a:	6572                	flw	fa0,28(sp)
    c67c:	7461                	lui	s0,0xffff8
    c67e:	5f65                	li	t5,-7
    c680:	736d                	lui	t1,0xffffb
    c682:	64203a67          	0x64203a67
    c686:	6368                	flw	fa0,68(a4)
    c688:	2070                	lbu	a2,6(s0)
    c68a:	3d21                	jal	c4a2 <_read+0x162>
    c68c:	4e20                	lw	s0,88(a2)
    c68e:	4c55                	li	s8,21
    c690:	004c                	addi	a1,sp,4
    c692:	0000                	unimp
    c694:	6864                	flw	fs1,84(s0)
    c696:	635f7063          	bgeu	t5,s5,ccb6 <_read+0x976>
    c69a:	6572                	flw	fa0,28(sp)
    c69c:	7461                	lui	s0,0xffff8
    c69e:	5f65                	li	t5,-7
    c6a0:	736d                	lui	t1,0xffffb
    c6a2:	63203a67          	0x63203a67
    c6a6:	6568                	flw	fa0,76(a0)
    c6a8:	74206b63          	bltu	zero,sp,cdfe <memp_UDP_PCB+0x5e>
    c6ac:	6168                	flw	fa0,68(a0)
    c6ae:	2074                	lbu	a3,6(s0)
    c6b0:	6966                	flw	fs2,88(sp)
    c6b2:	7372                	flw	ft6,60(sp)
    c6b4:	2074                	lbu	a3,6(s0)
    c6b6:	6270                	flw	fa2,68(a2)
    c6b8:	6675                	lui	a2,0x1d
    c6ba:	6320                	flw	fs0,64(a4)
    c6bc:	6e61                	lui	t3,0x18
    c6be:	6820                	flw	fs0,80(s0)
    c6c0:	20646c6f          	jal	s8,528c6 <_data_lma+0x443ae>
    c6c4:	75727473          	csrrci	s0,0x757,4
    c6c8:	64207463          	bgeu	zero,sp,cd10 <memp_NETCONN>
    c6cc:	6368                	flw	fa0,68(a4)
    c6ce:	5f70                	lw	a2,124(a4)
    c6d0:	736d                	lui	t1,0xffffb
    c6d2:	68640067          	jr	1670(s0) # ffff8686 <__freertos_irq_stack_top+0xdffe8686>
    c6d6:	705f7063          	bgeu	t5,t0,cdd6 <memp_UDP_PCB+0x36>
    c6da:	725f6263          	bltu	t5,t0,cdfe <memp_UDP_PCB+0x5e>
    c6de:	6665                	lui	a2,0x19
    c6e0:	6e756f63          	bltu	a0,t2,cdde <memp_UDP_PCB+0x3e>
    c6e4:	2874                	lbu	a3,22(s0)
    c6e6:	3a29                	jal	c000 <_printf_i+0x1ca>
    c6e8:	7220                	flw	fs0,96(a2)
    c6ea:	6665                	lui	a2,0x19
    c6ec:	6e756f63          	bltu	a0,t2,cdea <memp_UDP_PCB+0x4a>
    c6f0:	2074                	lbu	a3,6(s0)
    c6f2:	7265                	lui	tp,0xffff9
    c6f4:	6f72                	flw	ft10,28(sp)
    c6f6:	0072                	c.slli	zero,0x1c
    c6f8:	6864                	flw	fs1,84(s0)
    c6fa:	695f7063          	bgeu	t5,s5,cd7a <memp_TCP_PCB+0xa>
    c6fe:	636e                	flw	ft6,216(sp)
    c700:	705f 6263 725f      	0x725f6263705f
    c706:	6665                	lui	a2,0x19
    c708:	6e756f63          	bltu	a0,t2,ce06 <memp_UDP_PCB+0x66>
    c70c:	2874                	lbu	a3,22(s0)
    c70e:	3a29                	jal	c028 <_printf_i+0x1f2>
    c710:	6d20                	flw	fs0,88(a0)
    c712:	6d65                	lui	s10,0x19
    c714:	2079726f          	jal	tp,a411a <_data_lma+0x95c02>
    c718:	656c                	flw	fa1,76(a0)
    c71a:	6b61                	lui	s6,0x18
    c71c:	0000                	unimp
    c71e:	0000                	unimp
    c720:	6e69                	lui	t3,0x1a
    c722:	6176                	flw	ft2,92(sp)
    c724:	696c                	flw	fa1,84(a0)
    c726:	2064                	lbu	s1,6(s0)
    c728:	6864                	flw	fs1,84(s0)
    c72a:	3e2d7063          	bgeu	s10,sp,cb0a <_read+0x7ca>
    c72e:	74617473          	csrrci	s0,0x746,2
    c732:	0065                	c.nop	25
    c734:	6864                	flw	fs1,84(s0)
    c736:	6f5f7063          	bgeu	t5,s5,ce16 <memp_pools+0xa>
    c73a:	7470                	flw	fa2,108(s0)
    c73c:	6f69                	lui	t5,0x1a
    c73e:	3a6e                	lhu	a1,54(a2)
    c740:	6f20                	flw	fs0,88(a4)
    c742:	7470                	flw	fa2,108(s0)
    c744:	6f69                	lui	t5,0x1a
    c746:	736e                	flw	ft6,248(sp)
    c748:	6f5f 7475 6c5f      	0x6c5f74756f5f
    c74e:	6e65                	lui	t3,0x19
    c750:	2b20                	lbu	s0,18(a4)
    c752:	3220                	lbu	s0,3(a2)
    c754:	2b20                	lbu	s0,18(a4)
    c756:	6f20                	flw	fs0,88(a4)
    c758:	7470                	flw	fa2,108(s0)
    c75a:	6f69                	lui	t5,0x1a
    c75c:	5f6e                	lw	t5,248(sp)
    c75e:	656c                	flw	fa1,76(a0)
    c760:	206e                	lhu	a1,6(s0)
    c762:	3d3c                	lbu	a5,27(a0)
    c764:	4420                	lw	s0,72(s0)
    c766:	4348                	lw	a0,4(a4)
    c768:	5f50                	lw	a2,60(a4)
    c76a:	4954504f          	fnmadd.s	ft0,fs0,fs5,fs1,unknown
    c76e:	5f534e4f          	fnmadd.q	ft8,ft6,fs5,fa1,rmm
    c772:	454c                	lw	a1,12(a0)
    c774:	004e                	c.slli	zero,0x13
    c776:	0000                	unimp
    c778:	6864                	flw	fs1,84(s0)
    c77a:	6f5f7063          	bgeu	t5,s5,ce5a <memp_pools+0x4e>
    c77e:	7470                	flw	fa2,108(s0)
    c780:	6f69                	lui	t5,0x1a
    c782:	5f6e                	lw	t5,248(sp)
    c784:	7962                	flw	fs2,56(sp)
    c786:	6574                	flw	fa3,76(a0)
    c788:	203a                	lhu	a4,2(s0)
    c78a:	6974706f          	j	54620 <_data_lma+0x46108>
    c78e:	5f736e6f          	jal	t3,43584 <_data_lma+0x3506c>
    c792:	5f74756f          	jal	a0,54588 <_data_lma+0x46070>
    c796:	656c                	flw	fa1,76(a0)
    c798:	206e                	lhu	a1,6(s0)
    c79a:	203c                	lbu	a5,2(s0)
    c79c:	4844                	lw	s1,20(s0)
    c79e:	4f5f5043          	fmadd.q	ft0,ft10,fs5,fs1,unknown
    c7a2:	5450                	lw	a2,44(s0)
    c7a4:	4f49                	li	t5,18
    c7a6:	534e                	lw	t1,240(sp)
    c7a8:	4c5f 4e45 0000      	0x4e454c5f
    c7ae:	0000                	unimp
    c7b0:	6864                	flw	fs1,84(s0)
    c7b2:	6f5f7063          	bgeu	t5,s5,ce92 <memp_pools+0x86>
    c7b6:	7470                	flw	fa2,108(s0)
    c7b8:	6f69                	lui	t5,0x1a
    c7ba:	5f6e                	lw	t5,248(sp)
    c7bc:	6f6c                	flw	fa1,92(a4)
    c7be:	676e                	flw	fa4,216(sp)
    c7c0:	203a                	lhu	a4,2(s0)
    c7c2:	6974706f          	j	54658 <_data_lma+0x46140>
    c7c6:	5f736e6f          	jal	t3,435bc <_data_lma+0x350a4>
    c7ca:	5f74756f          	jal	a0,545c0 <_data_lma+0x460a8>
    c7ce:	656c                	flw	fa1,76(a0)
    c7d0:	206e                	lhu	a1,6(s0)
    c7d2:	2034202b          	0x2034202b
    c7d6:	3d3c                	lbu	a5,27(a0)
    c7d8:	4420                	lw	s0,72(s0)
    c7da:	4348                	lw	a0,4(a4)
    c7dc:	5f50                	lw	a2,60(a4)
    c7de:	4954504f          	fnmadd.s	ft0,fs0,fs5,fs1,unknown
    c7e2:	5f534e4f          	fnmadd.q	ft8,ft6,fs5,fa1,rmm
    c7e6:	454c                	lw	a1,12(a0)
    c7e8:	004e                	c.slli	zero,0x13
    c7ea:	0000                	unimp
    c7ec:	6864                	flw	fs1,84(s0)
    c7ee:	6f5f7063          	bgeu	t5,s5,cece <memp_pools+0xc2>
    c7f2:	7470                	flw	fa2,108(s0)
    c7f4:	6f69                	lui	t5,0x1a
    c7f6:	5f6e                	lw	t5,248(sp)
    c7f8:	726f6873          	csrrsi	a6,0x726,30
    c7fc:	3a74                	lbu	a3,23(a2)
    c7fe:	6f20                	flw	fs0,88(a4)
    c800:	7470                	flw	fa2,108(s0)
    c802:	6f69                	lui	t5,0x1a
    c804:	736e                	flw	ft6,248(sp)
    c806:	6f5f 7475 6c5f      	0x6c5f74756f5f
    c80c:	6e65                	lui	t3,0x19
    c80e:	2b20                	lbu	s0,18(a4)
    c810:	3220                	lbu	s0,3(a2)
    c812:	3c20                	lbu	s0,27(s0)
    c814:	203d                	jal	c842 <_read+0x502>
    c816:	4844                	lw	s1,20(s0)
    c818:	4f5f5043          	fmadd.q	ft0,ft10,fs5,fs1,unknown
    c81c:	5450                	lw	a2,44(s0)
    c81e:	4f49                	li	t5,18
    c820:	534e                	lw	t1,240(sp)
    c822:	4c5f 4e45 0000      	0x4e454c5f
    c828:	63656863          	bltu	a0,s6,ce58 <memp_pools+0x4c>
    c82c:	6564206b          	0x6564206b
    c830:	65646f63          	bltu	s0,s6,ce8e <memp_pools+0x82>
    c834:	695f 7864 0000      	0x7864695f
    c83a:	0000                	unimp
    c83c:	6864                	flw	fs1,84(s0)
    c83e:	735f7063          	bgeu	t5,s5,cf5e <memp_pools+0x152>
    c842:	6c65                	lui	s8,0x19
    c844:	6365                	lui	t1,0x19
    c846:	3a74                	lbu	a3,23(a2)
    c848:	6e20                	flw	fs0,88(a2)
    c84a:	7465                	lui	s0,0xffff9
    c84c:	6669                	lui	a2,0x1a
    c84e:	2120                	lbu	s0,2(a0)
    c850:	203d                	jal	c87e <_read+0x53e>
    c852:	554e                	lw	a0,240(sp)
    c854:	4c4c                	lw	a1,28(s0)
    c856:	0000                	unimp
    c858:	6864                	flw	fs1,84(s0)
    c85a:	735f7063          	bgeu	t5,s5,cf7a <memp_pools+0x16e>
    c85e:	6c65                	lui	s8,0x19
    c860:	6365                	lui	t1,0x19
    c862:	3a74                	lbu	a3,23(a2)
    c864:	6420                	flw	fs0,72(s0)
    c866:	6368                	flw	fa0,68(a4)
    c868:	2070                	lbu	a2,6(s0)
    c86a:	3d21                	jal	c682 <_read+0x342>
    c86c:	4e20                	lw	s0,88(a2)
    c86e:	4c55                	li	s8,21
    c870:	004c                	addi	a1,sp,4
    c872:	0000                	unimp
    c874:	6864                	flw	fs1,84(s0)
    c876:	21207063          	bgeu	zero,s2,ca76 <_read+0x736>
    c87a:	203d                	jal	c8a8 <_read+0x568>
    c87c:	554e                	lw	a0,240(sp)
    c87e:	4c4c                	lw	a1,28(s0)
    c880:	0000                	unimp
    c882:	0000                	unimp
    c884:	656e                	flw	fa0,216(sp)
    c886:	6974                	flw	fa3,84(a0)
    c888:	2066                	lhu	s1,6(s0)
    c88a:	6c61                	lui	s8,0x18
    c88c:	6572                	flw	fa0,28(sp)
    c88e:	6461                	lui	s0,0x18
    c890:	2079                	jal	c91e <_read+0x5de>
    c892:	6168                	flw	fa0,68(a0)
    c894:	20612073          	csrs	0x206,sp
    c898:	75727473          	csrrci	s0,0x757,4
    c89c:	64207463          	bgeu	zero,sp,cee4 <memp_pools+0xd8>
    c8a0:	6368                	flw	fa0,68(a4)
    c8a2:	2070                	lbu	a2,6(s0)
    c8a4:	00746573          	csrrsi	a0,0x7,8
    c8a8:	656e                	flw	fa0,216(sp)
    c8aa:	6974                	flw	fa3,84(a0)
    c8ac:	2066                	lhu	s1,6(s0)
    c8ae:	7369                	lui	t1,0xffffa
    c8b0:	6e20                	flw	fs0,88(a2)
    c8b2:	7520746f          	jal	s0,14004 <_data_lma+0x5aec>
    c8b6:	2c70                	lbu	a2,30(s0)
    c8b8:	6f20                	flw	fs0,88(a4)
    c8ba:	646c                	flw	fa1,76(s0)
    c8bc:	7320                	flw	fs0,96(a4)
    c8be:	7974                	flw	fa3,116(a0)
    c8c0:	656c                	flw	fa1,76(a0)
    c8c2:	7020                	flw	fs0,96(s0)
    c8c4:	3f74726f          	jal	tp,544ba <_data_lma+0x45fa2>
    c8c8:	0000                	unimp
    c8ca:	0000                	unimp
    c8cc:	7261                	lui	tp,0xffff8
    c8ce:	5f70                	lw	a2,124(a4)
    c8d0:	6174                	flw	fa3,68(a0)
    c8d2:	6c62                	flw	fs8,24(sp)
    c8d4:	5b65                	li	s6,-7
    c8d6:	5d69                	li	s10,-6
    c8d8:	712e                	flw	ft2,232(sp)
    c8da:	3d20                	lbu	s0,27(a0)
    c8dc:	203d                	jal	c90a <_read+0x5ca>
    c8de:	554e                	lw	a0,240(sp)
    c8e0:	4c4c                	lw	a1,28(s0)
    c8e2:	0000                	unimp
    c8e4:	7261                	lui	tp,0xffff8
    c8e6:	5f70                	lw	a2,124(a4)
    c8e8:	6174                	flw	fa3,68(a0)
    c8ea:	6c62                	flw	fs8,24(sp)
    c8ec:	5b65                	li	s6,-7
    c8ee:	5d69                	li	s10,-6
    c8f0:	732e                	flw	ft6,232(sp)
    c8f2:	6174                	flw	fa3,68(a0)
    c8f4:	6574                	flw	fa3,76(a0)
    c8f6:	3d20                	lbu	s0,27(a0)
    c8f8:	203d                	jal	c926 <_read+0x5e6>
    c8fa:	5445                	li	s0,-15
    c8fc:	4148                	lw	a0,4(a0)
    c8fe:	5052                	0x5052
    c900:	535f 4154 4554      	0x45544154535f
    c906:	455f 504d 5954      	0x5954504d455f
    c90c:	0000                	unimp
    c90e:	0000                	unimp
    c910:	2d72                	lhu	a2,30(a0)
    c912:	703e                	flw	ft0,236(sp)
    c914:	2120                	lbu	s0,2(a0)
    c916:	203d                	jal	c944 <_read+0x604>
    c918:	554e                	lw	a0,240(sp)
    c91a:	4c4c                	lw	a1,28(s0)
    c91c:	0000                	unimp
    c91e:	0000                	unimp
    c920:	7069                	c.lui	zero,0xffffa
    c922:	6461                	lui	s0,0x18
    c924:	7264                	flw	fs1,100(a2)
    c926:	2120                	lbu	s0,2(a0)
    c928:	203d                	jal	c956 <_read+0x616>
    c92a:	554e                	lw	a0,240(sp)
    c92c:	4c4c                	lw	a1,28(s0)
    c92e:	0000                	unimp
    c930:	7465                	lui	s0,0xffff9
    c932:	5f68                	lw	a0,124(a4)
    c934:	6572                	flw	fa0,28(sp)
    c936:	2074                	lbu	a3,6(s0)
    c938:	3d21                	jal	c750 <_read+0x410>
    c93a:	4e20                	lw	s0,88(a2)
    c93c:	4c55                	li	s8,21
    c93e:	004c                	addi	a1,sp,4
    c940:	656e                	flw	fa0,216(sp)
    c942:	6974                	flw	fa3,84(a0)
    c944:	2d66                	lhu	s1,30(a0)
    c946:	683e                	flw	fa6,204(sp)
    c948:	64646177          	0x64646177
    c94c:	5f72                	lw	t5,60(sp)
    c94e:	656c                	flw	fa1,76(a0)
    c950:	206e                	lhu	a1,6(s0)
    c952:	3d3d                	jal	c790 <_read+0x450>
    c954:	4520                	lw	s0,72(a0)
    c956:	4854                	lw	a3,20(s0)
    c958:	485f 4157 4444      	0x44444157485f
    c95e:	5f52                	lw	t5,52(sp)
    c960:	454c                	lw	a1,12(a0)
    c962:	004e                	c.slli	zero,0x13
    c964:	2071                	jal	c9f0 <_read+0x6b0>
    c966:	3d21                	jal	c77e <_read+0x43e>
    c968:	4e20                	lw	s0,88(a2)
    c96a:	4c55                	li	s8,21
    c96c:	004c                	addi	a1,sp,4
    c96e:	0000                	unimp
    c970:	7261                	lui	tp,0xffff8
    c972:	5f70                	lw	a2,124(a4)
    c974:	6174                	flw	fa3,68(a0)
    c976:	6c62                	flw	fs8,24(sp)
    c978:	5b65                	li	s6,-7
    c97a:	7261                	lui	tp,0xffff8
    c97c:	5f70                	lw	a2,124(a4)
    c97e:	6469                	lui	s0,0x1a
    c980:	5d78                	lw	a4,124(a0)
    c982:	732e                	flw	ft6,232(sp)
    c984:	6174                	flw	fa3,68(a0)
    c986:	6574                	flw	fa3,76(a0)
    c988:	3e20                	lbu	s0,27(a2)
    c98a:	203d                	jal	c9b8 <_read+0x678>
    c98c:	5445                	li	s0,-15
    c98e:	4148                	lw	a0,4(a0)
    c990:	5052                	0x5052
    c992:	535f 4154 4554      	0x45544154535f
    c998:	535f 4154 4c42      	0x4c424154535f
    c99e:	0045                	c.nop	17
    c9a0:	7974                	flw	fa3,116(a0)
    c9a2:	6570                	flw	fa2,76(a0)
    c9a4:	6f20                	flw	fs0,88(a4)
    c9a6:	6576                	flw	fa0,92(sp)
    c9a8:	6672                	flw	fa2,28(sp)
    c9aa:	6f6c                	flw	fa1,92(a4)
    c9ac:	00000077          	0x77
    c9b0:	6f6e                	flw	ft10,216(sp)
    c9b2:	7020                	flw	fs0,96(s0)
    c9b4:	6361                	lui	t1,0x18
    c9b6:	2074656b          	0x2074656b
    c9ba:	7571                	lui	a0,0xffffc
    c9bc:	7565                	lui	a0,0xffff9
    c9be:	7365                	lui	t1,0xffff9
    c9c0:	6120                	flw	fs0,64(a0)
    c9c2:	6c6c                	flw	fa1,92(s0)
    c9c4:	6465776f          	jal	a4,6400a <_data_lma+0x55af2>
    c9c8:	0021                	c.nop	8
    c9ca:	0000                	unimp
    c9cc:	63656863          	bltu	a0,s6,cffc <memp_pools+0x1f0>
    c9d0:	6874206b          	0x6874206b
    c9d4:	7461                	lui	s0,0xffff8
    c9d6:	6620                	flw	fs0,72(a2)
    c9d8:	7269                	lui	tp,0xffffa
    c9da:	70207473          	csrrci	s0,0x702,0
    c9de:	7562                	flw	fa0,56(sp)
    c9e0:	2066                	lhu	s1,6(s0)
    c9e2:	206e6163          	bltu	t3,t1,cbe4 <_read+0x8a4>
    c9e6:	6f68                	flw	fa0,92(a4)
    c9e8:	646c                	flw	fa1,76(s0)
    c9ea:	7320                	flw	fs0,96(a4)
    c9ec:	7274                	flw	fa3,100(a2)
    c9ee:	6375                	lui	t1,0x1d
    c9f0:	2074                	lbu	a3,6(s0)
    c9f2:	7465                	lui	s0,0xffff9
    c9f4:	6168                	flw	fa0,68(a0)
    c9f6:	7072                	flw	ft0,60(sp)
    c9f8:	685f 7264 0000      	0x7264685f
    c9fe:	0000                	unimp
    ca00:	656e                	flw	fa0,216(sp)
    ca02:	6974                	flw	fa3,84(a0)
    ca04:	2d66                	lhu	s1,30(a0)
    ca06:	683e                	flw	fa6,204(sp)
    ca08:	64646177          	0x64646177
    ca0c:	5f72                	lw	t5,60(sp)
    ca0e:	656c                	flw	fa1,76(a0)
    ca10:	206e                	lhu	a1,6(s0)
    ca12:	756d                	lui	a0,0xffffb
    ca14:	62207473          	csrrci	s0,0x622,0
    ca18:	2065                	jal	cac0 <_read+0x780>
    ca1a:	6874                	flw	fa3,84(s0)
    ca1c:	2065                	jal	cac4 <_read+0x784>
    ca1e:	656d6173          	csrrsi	sp,0x656,26
    ca22:	6120                	flw	fs0,64(a0)
    ca24:	54452073          	csrs	0x544,a0
    ca28:	5f48                	lw	a0,60(a4)
    ca2a:	5748                	lw	a0,44(a4)
    ca2c:	4441                	li	s0,16
    ca2e:	5244                	lw	s1,36(a2)
    ca30:	4c5f 4e45 6620      	0x66204e454c5f
    ca36:	6520726f          	jal	tp,14088 <_data_lma+0x5b70>
    ca3a:	6874                	flw	fa3,84(s0)
    ca3c:	7261                	lui	tp,0xffff8
    ca3e:	2170                	lbu	a2,6(a0)
    ca40:	0000                	unimp
    ca42:	0000                	unimp
    ca44:	63656863          	bltu	a0,s6,d074 <memp_pools+0x268>
    ca48:	6874206b          	0x6874206b
    ca4c:	7461                	lui	s0,0xffff8
    ca4e:	6620                	flw	fs0,72(a2)
    ca50:	7269                	lui	tp,0xffffa
    ca52:	70207473          	csrrci	s0,0x702,0
    ca56:	7562                	flw	fa0,56(sp)
    ca58:	2066                	lhu	s1,6(s0)
    ca5a:	206e6163          	bltu	t3,t1,cc5c <_read+0x91c>
    ca5e:	6f68                	flw	fa0,92(a4)
    ca60:	646c                	flw	fa1,76(s0)
    ca62:	6920                	flw	fs0,80(a0)
    ca64:	20706d63          	bltu	zero,t2,cc7e <_read+0x93e>
    ca68:	656d                	lui	a0,0x1b
    ca6a:	67617373          	csrrci	t1,0x676,2
    ca6e:	0065                	c.nop	25
    ca70:	6369                	lui	t1,0x1a
    ca72:	706d                	c.lui	zero,0xffffb
    ca74:	695f 706e 7475      	0x7475706e695f
    ca7a:	203a                	lhu	a4,2(s0)
    ca7c:	6f6d                	lui	t5,0x1b
    ca7e:	6976                	flw	fs2,92(sp)
    ca80:	676e                	flw	fa4,216(sp)
    ca82:	7220                	flw	fs0,96(a2)
    ca84:	3e2d                	jal	c5be <_read+0x27e>
    ca86:	6170                	flw	fa2,68(a0)
    ca88:	6c79                	lui	s8,0x1e
    ca8a:	2064616f          	jal	sp,52c90 <_data_lma+0x44778>
    ca8e:	6f74                	flw	fa3,92(a4)
    ca90:	6920                	flw	fs0,80(a0)
    ca92:	20706d63          	bltu	zero,t2,ccac <_read+0x96c>
    ca96:	6568                	flw	fa0,76(a0)
    ca98:	6461                	lui	s0,0x18
    ca9a:	7265                	lui	tp,0xffff9
    ca9c:	6620                	flw	fs0,72(a2)
    ca9e:	6961                	lui	s2,0x18
    caa0:	656c                	flw	fa1,76(a0)
    caa2:	0a64                	addi	s1,sp,284
    caa4:	0000                	unimp
    caa6:	0000                	unimp
    caa8:	6369                	lui	t1,0x1a
    caaa:	706d                	c.lui	zero,0xffffb
    caac:	695f 706e 7475      	0x7475706e695f
    cab2:	203a                	lhu	a4,2(s0)
    cab4:	6572                	flw	fa0,28(sp)
    cab6:	726f7473          	csrrci	s0,0x726,30
    caba:	6e69                	lui	t3,0x1a
    cabc:	726f2067          	0x726f2067
    cac0:	6769                	lui	a4,0x1a
    cac2:	6e69                	lui	t3,0x1a
    cac4:	6c61                	lui	s8,0x18
    cac6:	7020                	flw	fs0,96(s0)
    cac8:	3e2d                	jal	c602 <_read+0x2c2>
    caca:	6170                	flw	fa2,68(a0)
    cacc:	6c79                	lui	s8,0x1e
    cace:	2064616f          	jal	sp,52cd4 <_data_lma+0x447bc>
    cad2:	6166                	flw	ft2,88(sp)
    cad4:	6c69                	lui	s8,0x1a
    cad6:	6465                	lui	s0,0x19
    cad8:	000a                	c.slli	zero,0x2
    cada:	0000                	unimp
    cadc:	2d70                	lbu	a2,30(a0)
    cade:	723e                	flw	ft4,236(sp)
    cae0:	6665                	lui	a2,0x19
    cae2:	3d20                	lbu	s0,27(a0)
    cae4:	203d                	jal	cb12 <_read+0x7d2>
    cae6:	0031                	c.nop	12
    cae8:	63656863          	bltu	a0,s6,d118 <memp_pools+0x30c>
    caec:	6874206b          	0x6874206b
    caf0:	7461                	lui	s0,0xffff8
    caf2:	6620                	flw	fs0,72(a2)
    caf4:	7269                	lui	tp,0xffffa
    caf6:	70207473          	csrrci	s0,0x702,0
    cafa:	7562                	flw	fa0,56(sp)
    cafc:	2066                	lhu	s1,6(s0)
    cafe:	206e6163          	bltu	t3,t1,cd00 <memp_NETBUF>
    cb02:	6f68                	flw	fa0,92(a4)
    cb04:	646c                	flw	fa1,76(s0)
    cb06:	7320                	flw	fs0,96(a4)
    cb08:	7274                	flw	fa3,100(a2)
    cb0a:	6375                	lui	t1,0x1d
    cb0c:	2074                	lbu	a3,6(s0)
    cb0e:	7069                	c.lui	zero,0xffffa
    cb10:	685f 7264 0000      	0x7264685f
    cb16:	0000                	unimp
    cb18:	656d                	lui	a0,0x1b
    cb1a:	5f6d                	li	t5,-5
    cb1c:	7266                	flw	ft4,120(sp)
    cb1e:	6565                	lui	a0,0x19
    cb20:	203a                	lhu	a4,2(s0)
    cb22:	696e6173          	csrrsi	sp,0x696,28
    cb26:	7974                	flw	fa3,116(a0)
    cb28:	6320                	flw	fs0,64(a4)
    cb2a:	6568                	flw	fa0,76(a0)
    cb2c:	61206b63          	bltu	zero,s2,d142 <memp_pools+0x336>
    cb30:	696c                	flw	fa1,84(a0)
    cb32:	656d6e67          	0x656d6e67
    cb36:	746e                	flw	fs0,248(sp)
    cb38:	0000                	unimp
    cb3a:	0000                	unimp
    cb3c:	656d                	lui	a0,0x1b
    cb3e:	5f6d                	li	t5,-5
    cb40:	7266                	flw	ft4,120(sp)
    cb42:	6565                	lui	a0,0x19
    cb44:	203a                	lhu	a4,2(s0)
    cb46:	6c69                	lui	s8,0x1a
    cb48:	656c                	flw	fa1,76(a0)
    cb4a:	206c6167          	0x206c6167
    cb4e:	656d                	lui	a0,0x1b
    cb50:	6f6d                	lui	t5,0x1b
    cb52:	7972                	flw	fs2,60(sp)
    cb54:	0000                	unimp
    cb56:	0000                	unimp
    cb58:	656d                	lui	a0,0x1b
    cb5a:	5f6d                	li	t5,-5
    cb5c:	7266                	flw	ft4,120(sp)
    cb5e:	6565                	lui	a0,0x19
    cb60:	203a                	lhu	a4,2(s0)
    cb62:	6c69                	lui	s8,0x1a
    cb64:	656c                	flw	fa1,76(a0)
    cb66:	206c6167          	0x206c6167
    cb6a:	656d                	lui	a0,0x1b
    cb6c:	6f6d                	lui	t5,0x1b
    cb6e:	7972                	flw	fs2,60(sp)
    cb70:	203a                	lhu	a4,2(s0)
    cb72:	6f64                	flw	fs1,92(a4)
    cb74:	6275                	lui	tp,0x1d
    cb76:	656c                	flw	fa1,76(a0)
    cb78:	6620                	flw	fs0,72(a2)
    cb7a:	6572                	flw	fa0,28(sp)
    cb7c:	0065                	c.nop	25
    cb7e:	0000                	unimp
    cb80:	656d                	lui	a0,0x1b
    cb82:	5f6d                	li	t5,-5
    cb84:	7266                	flw	ft4,120(sp)
    cb86:	6565                	lui	a0,0x19
    cb88:	203a                	lhu	a4,2(s0)
    cb8a:	6c69                	lui	s8,0x1a
    cb8c:	656c                	flw	fa1,76(a0)
    cb8e:	206c6167          	0x206c6167
    cb92:	656d                	lui	a0,0x1b
    cb94:	6f6d                	lui	t5,0x1b
    cb96:	7972                	flw	fs2,60(sp)
    cb98:	203a                	lhu	a4,2(s0)
    cb9a:	6f6e                	flw	ft10,216(sp)
    cb9c:	2d6e                	lhu	a1,30(a0)
    cb9e:	696c                	flw	fa1,84(a0)
    cba0:	6b6e                	flw	fs6,216(sp)
    cba2:	6465                	lui	s0,0x19
    cba4:	203a                	lhu	a4,2(s0)
    cba6:	6f64                	flw	fs1,92(a4)
    cba8:	6275                	lui	tp,0x1d
    cbaa:	656c                	flw	fa1,76(a0)
    cbac:	6620                	flw	fs0,72(a2)
    cbae:	6572                	flw	fa0,28(sp)
    cbb0:	0065                	c.nop	25
    cbb2:	0000                	unimp
    cbb4:	6c70                	flw	fa2,92(s0)
    cbb6:	6775                	lui	a4,0x1d
    cbb8:	685f 6c6f 7365      	0x73656c6f685f
    cbbe:	203a                	lhu	a4,2(s0)
    cbc0:	656d                	lui	a0,0x1b
    cbc2:	206d                	jal	cc6c <_read+0x92c>
    cbc4:	3d3e                	lhu	a5,58(a0)
    cbc6:	7220                	flw	fs0,96(a2)
    cbc8:	6d61                	lui	s10,0x18
    cbca:	0000                	unimp
    cbcc:	6c70                	flw	fa2,92(s0)
    cbce:	6775                	lui	a4,0x1d
    cbd0:	685f 6c6f 7365      	0x73656c6f685f
    cbd6:	203a                	lhu	a4,2(s0)
    cbd8:	656d                	lui	a0,0x1b
    cbda:	206d                	jal	cc84 <_read+0x944>
    cbdc:	203c                	lbu	a5,2(s0)
    cbde:	6172                	flw	ft2,28(sp)
    cbe0:	5f6d                	li	t5,-5
    cbe2:	6e65                	lui	t3,0x19
    cbe4:	0064                	addi	s1,sp,12
    cbe6:	0000                	unimp
    cbe8:	6166                	flw	ft2,88(sp)
    cbea:	6c69                	lui	s8,0x1a
    cbec:	6465                	lui	s0,0x19
    cbee:	7420                	flw	fs0,104(s0)
    cbf0:	7263206f          	j	3f316 <_data_lma+0x30dfe>
    cbf4:	6165                	addi	sp,sp,112
    cbf6:	6574                	flw	fa3,76(a0)
    cbf8:	6d20                	flw	fs0,88(a0)
    cbfa:	6d65                	lui	s10,0x19
    cbfc:	6d5f 7475 7865      	0x786574756d5f
    cc02:	0000                	unimp
    cc04:	656d                	lui	a0,0x1b
    cc06:	5f6d                	li	t5,-5
    cc08:	616d                	addi	sp,sp,240
    cc0a:	6c6c                	flw	fa1,92(s0)
    cc0c:	203a636f          	jal	t1,b360e <_data_lma+0xa50f6>
    cc10:	6c21                	lui	s8,0x8
    cc12:	7266                	flw	ft4,120(sp)
    cc14:	6565                	lui	a0,0x19
    cc16:	3e2d                	jal	c750 <_read+0x410>
    cc18:	7375                	lui	t1,0xffffd
    cc1a:	6465                	lui	s0,0x19
    cc1c:	0000                	unimp
    cc1e:	0000                	unimp
    cc20:	656d                	lui	a0,0x1b
    cc22:	5f6d                	li	t5,-5
    cc24:	616d                	addi	sp,sp,240
    cc26:	6c6c                	flw	fa1,92(s0)
    cc28:	203a636f          	jal	t1,b362a <_data_lma+0xa5112>
    cc2c:	6c61                	lui	s8,0x18
    cc2e:	6f6c                	flw	fa1,92(a4)
    cc30:	65746163          	bltu	s0,s7,d272 <memp_pools+0x466>
    cc34:	2064                	lbu	s1,6(s0)
    cc36:	656d                	lui	a0,0x1b
    cc38:	6f6d                	lui	t5,0x1b
    cc3a:	7972                	flw	fs2,60(sp)
    cc3c:	6e20                	flw	fs0,88(a2)
    cc3e:	6120746f          	jal	s0,14250 <_data_lma+0x5d38>
    cc42:	6f62                	flw	ft10,24(sp)
    cc44:	6576                	flw	fa0,92(sp)
    cc46:	7220                	flw	fs0,96(a2)
    cc48:	6d61                	lui	s10,0x18
    cc4a:	655f 646e 002e      	0x2e646e655f
    cc50:	656d                	lui	a0,0x1b
    cc52:	5f6d                	li	t5,-5
    cc54:	616d                	addi	sp,sp,240
    cc56:	6c6c                	flw	fa1,92(s0)
    cc58:	203a636f          	jal	t1,b365a <_data_lma+0xa5142>
    cc5c:	6c61                	lui	s8,0x18
    cc5e:	6f6c                	flw	fa1,92(a4)
    cc60:	65746163          	bltu	s0,s7,d2a2 <memp_pools+0x496>
    cc64:	2064                	lbu	s1,6(s0)
    cc66:	656d                	lui	a0,0x1b
    cc68:	6f6d                	lui	t5,0x1b
    cc6a:	7972                	flw	fs2,60(sp)
    cc6c:	7020                	flw	fs0,96(s0)
    cc6e:	6f72                	flw	ft10,28(sp)
    cc70:	6570                	flw	fa2,76(a0)
    cc72:	6c72                	flw	fs8,28(sp)
    cc74:	2079                	jal	cd02 <memp_NETBUF+0x2>
    cc76:	6c61                	lui	s8,0x18
    cc78:	6769                	lui	a4,0x1a
    cc7a:	656e                	flw	fa0,216(sp)
    cc7c:	2e64                	lbu	s1,30(a2)
    cc7e:	0000                	unimp
    cc80:	656d                	lui	a0,0x1b
    cc82:	5f6d                	li	t5,-5
    cc84:	7274                	flw	fa3,100(a2)
    cc86:	6d69                	lui	s10,0x1a
    cc88:	203a                	lhu	a4,2(s0)
    cc8a:	656c                	flw	fa1,76(a0)
    cc8c:	206c6167          	0x206c6167
    cc90:	656d                	lui	a0,0x1b
    cc92:	6f6d                	lui	t5,0x1b
    cc94:	7972                	flw	fs2,60(sp)
    cc96:	0000                	unimp
    cc98:	656d                	lui	a0,0x1b
    cc9a:	5f6d                	li	t5,-5
    cc9c:	7274                	flw	fa3,100(a2)
    cc9e:	6d69                	lui	s10,0x1a
    cca0:	6320                	flw	fs0,64(a4)
    cca2:	6e61                	lui	t3,0x18
    cca4:	6f20                	flw	fs0,88(a4)
    cca6:	6c6e                	flw	fs8,216(sp)
    cca8:	2079                	jal	cd36 <memp_PBUF_POOL+0x6>
    ccaa:	69726873          	csrrsi	a6,0x697,4
    ccae:	6b6e                	flw	fs6,216(sp)
    ccb0:	6d20                	flw	fs0,88(a0)
    ccb2:	6d65                	lui	s10,0x19
    ccb4:	0079726f          	jal	tp,a44ba <_data_lma+0x95fa2>
    ccb8:	6e69                	lui	t3,0x1a
    ccba:	6176                	flw	ft2,92(sp)
    ccbc:	696c                	flw	fa1,84(a0)
    ccbe:	2064                	lbu	s1,6(s0)
    ccc0:	656e                	flw	fa0,216(sp)
    ccc2:	7478                	flw	fa4,108(s0)
    ccc4:	7020                	flw	fs0,96(s0)
    ccc6:	7274                	flw	fa3,100(a2)
    ccc8:	0000                	unimp
    ccca:	0000                	unimp
    cccc:	656d                	lui	a0,0x1b
    ccce:	706d                	c.lui	zero,0xffffb
    ccd0:	6d5f 6c61 6f6c      	0x6f6c6c616d5f
    ccd6:	6d203a63          	0x6d203a63
    ccda:	6d65                	lui	s10,0x19
    ccdc:	2070                	lbu	a2,6(s0)
    ccde:	7270                	flw	fa2,100(a2)
    cce0:	7265706f          	j	64406 <_data_lma+0x55eee>
    cce4:	796c                	flw	fa1,116(a0)
    cce6:	6120                	flw	fs0,64(a0)
    cce8:	696c                	flw	fa1,84(a0)
    ccea:	64656e67          	0x64656e67
	...

0000ccf0 <memp_ARP_QUEUE>:
    ccf0:	0000ce64 000c0008 20001bd4 20000118     d.......... ... 

0000cd00 <memp_NETBUF>:
    cd00:	0000ce98 00060010 20001c38 2000011c     ........8.. ... 

0000cd10 <memp_NETCONN>:
    cd10:	0000ce90 00060028 20001c9c 20000120     ....(......  .. 

0000cd20 <memp_PBUF>:
    cd20:	0000ce48 000a0010 20003234 20000124     H.......42. $.. 

0000cd30 <memp_PBUF_POOL>:
    cd30:	0000ce3c 000a0210 20001d90 20000128     <.......... (.. 

0000cd40 <memp_SYS_TIMEOUT>:
    cd40:	0000ce58 000c0010 200032d8 2000012c     X........2. ,.. 

0000cd50 <memp_TCPIP_MSG_API>:
    cd50:	0000ce80 00080010 2000339c 20000130     .........3. 0.. 

0000cd60 <memp_TCPIP_MSG_INPKT>:
    cd60:	0000ce70 000c0010 20003420 20000134     p....... 4. 4.. 

0000cd70 <memp_TCP_PCB>:
    cd70:	0000ceb8 000600a0 20003528 20000138     ........(5. 8.. 

0000cd80 <memp_TCP_PCB_LISTEN>:
    cd80:	0000cea8 00020020 200034e4 2000013c     .... ....4. <.. 

0000cd90 <memp_TCP_SEG>:
    cd90:	0000cea0 000c0014 200038ec 20000140     .........8. @.. 

0000cda0 <memp_UDP_PCB>:
    cda0:	0000cec0 00060020 200039e0 20000144     .... ....9. D.. 
    cdb0:	706d656d 6572665f 74203a65 20657079     memp_free: type 
    cdc0:	454d203c 4d5f504d 00005841 706d656d     < MEMP_MAX..memp
    cdd0:	6572665f 6d203a65 70206d65 65706f72     _free: mem prope
    cde0:	20796c72 67696c61 0064656e 706d656d     rly aligned.memp
    cdf0:	6c616d5f 3a636f6c 70797420 203c2065     _malloc: type < 
    ce00:	504d454d 58414d5f 00000000              MEMP_MAX....

0000ce0c <memp_pools>:
    ce0c:	0000cda0 0000cd70 0000cd80 0000cd90     ....p...........
    ce1c:	0000cd00 0000cd10 0000cd50 0000cd60     ........P...`...
    ce2c:	0000ccf0 0000cd40 0000cd20 0000cd30     ....@... ...0...
    ce3c:	46554250 4f4f505f 0000004c 46554250     PBUF_POOL...PBUF
    ce4c:	4645525f 4d4f522f 00000000 5f535953     _REF/ROM....SYS_
    ce5c:	454d4954 0054554f 5f505241 55455551     TIMEOUT.ARP_QUEU
    ce6c:	00000045 49504354 534d5f50 4e495f47     E...TCPIP_MSG_IN
    ce7c:	00544b50 49504354 534d5f50 50415f47     PKT.TCPIP_MSG_AP
    ce8c:	00000049 4354454e 004e4e4f 4254454e     I...NETCONN.NETB
    ce9c:	00004655 5f504354 00474553 5f504354     UF..TCP_SEG.TCP_
    ceac:	5f424350 5453494c 00004e45 5f504354     PCB_LISTEN..TCP_
    cebc:	00424350 5f504455 00424350 6974656e     PCB.UDP_PCB.neti
    cecc:	64615f66 69203a64 6c61766e 6e206469     f_add: invalid n
    cedc:	66697465 00000000 6974656e 64615f66     etif....netif_ad
    ceec:	4e203a64 6e69206f 66207469 74636e75     d: No init funct
    cefc:	206e6f69 65766967 0000006e 6974656e     ion given...neti
    cf0c:	6c612066 64616572 64612079 00646564     f already added.
    cf1c:	206f6f74 796e616d 74656e20 2c736669     too many netifs,
    cf2c:	78616d20 7573202e 726f7070 20646574      max. supported 
    cf3c:	626d756e 69207265 35322073 00000035     number is 255...
    cf4c:	61766e69 2064696c 6e696f70 00726574     invalid pointer.
    cf5c:	6974656e 73695f66 5f657573 6f706572     netif_issue_repo
    cf6c:	3a737472 766e6920 64696c61 74656e20     rts: invalid net
    cf7c:	00006669 6974656e 65735f66 696c5f74     if..netif_set_li
    cf8c:	645f6b6e 3a6e776f 766e6920 64696c61     nk_down: invalid
    cf9c:	74656e20 00006669 6974656e 65735f66      netif..netif_se
    cfac:	696c5f74 755f6b6e 69203a70 6c61766e     t_link_up: inval
    cfbc:	6e206469 66697465 00000000 6974656e     id netif....neti
    cfcc:	65735f66 70755f74 6e69203a 696c6176     f_set_up: invali
    cfdc:	656e2064 00666974 46554250 4f4f505f     d netif.PBUF_POO
    cfec:	55425f4c 5a495346 756d2045 62207473     L_BUFSIZE must b
    cffc:	69622065 72656767 61687420 454d206e     e bigger than ME
    d00c:	4c415f4d 4d4e4749 00544e45 66756270     M_ALIGNMENT.pbuf
    d01c:	6c6c615f 203a636f 6f727265 756f656e     _alloc: erroneou
    d02c:	79742073 00006570 61766e69 2064696c     s type..invalid 
    d03c:	66756270 7079745f 00000065 21206828     pbuf_type...(h !
    d04c:	554e203d 20294c4c 28202626 3d212074     = NULL) && (t !=
    d05c:	4c554e20 2820294c 676f7270 6d6d6172      NULL) (programm
    d06c:	76207265 616c6f69 20736574 29495041     er violates API)
    d07c:	00000000 743e2d70 6c5f746f 3d206e65     ....p->tot_len =
    d08c:	2d70203d 6e656c3e 666f2820 73616c20     = p->len (of las
    d09c:	62702074 69206675 6863206e 296e6961     t pbuf in chain)
    d0ac:	00000000 66756270 706f635f 61662079     ....pbuf_copy fa
    d0bc:	64656c69 00000000 66756270 706f635f     iled....pbuf_cop
    d0cc:	69203a79 6c61766e 73206469 6372756f     y: invalid sourc
    d0dc:	00000065 66756270 706f635f 61705f79     e...pbuf_copy_pa
    d0ec:	61697472 69203a6c 6c61766e 62206469     rtial: invalid b
    d0fc:	00006675 66756270 706f635f 61705f79     uf..pbuf_copy_pa
    d10c:	61697472 69203a6c 6c61766e 64206469     rtial: invalid d
    d11c:	70617461 00007274 66756270 706f635f     ataptr..pbuf_cop
    d12c:	61705f79 61697472 62705f6c 203a6675     y_partial_pbuf: 
    d13c:	79706f63 6e656c5f 67696220 20726567     copy_len bigger 
    d14c:	6e616874 756f7320 00656372 66756270     than source.pbuf
    d15c:	706f635f 61705f79 61697472 62705f6c     _copy_partial_pb
    d16c:	203a6675 67726174 6e207465 6220746f     uf: target not b
    d17c:	65206769 67756f6e 00000068 7366666f     ig enough...offs
    d18c:	745f7465 3d3c206f 745f7020 6c3e2d6f     et_to <= p_to->l
    d19c:	00006e65 7366666f 665f7465 206d6f72     en..offset_from 
    d1ac:	70203d3c 6f72665f 6c3e2d6d 00006e65     <= p_from->len..
    d1bc:	72665f70 21206d6f 554e203d 00004c4c     p_from != NULL..
    d1cc:	6f745f70 203d2120 4c4c554e 00000000     p_to != NULL....
    d1dc:	66756270 706f635f 61705f79 61697472     pbuf_copy_partia
    d1ec:	62705f6c 29286675 656f6420 6f6e2073     l_pbuf() does no
    d1fc:	6c612074 20776f6c 6b636170 71207465     t allow packet q
    d20c:	65756575 00002173 66756270 6572665f     ueues!..pbuf_fre
    d21c:	70203a65 65723e2d 203e2066 00000030     e: p->ref > 0...
    d22c:	61766e69 2064696c 66756270 70797420     invalid pbuf typ
    d23c:	00000065 66756270 6165725f 636f6c6c     e...pbuf_realloc
    d24c:	2070203a 4e203d21 004c4c55 66756270     : p != NULL.pbuf
    d25c:	6165725f 636f6c6c 2071203a 4e203d21     _realloc: q != N
    d26c:	004c4c55 5f6d656d 6d697274 74657220     ULL.mem_trim ret
    d27c:	656e7275 20712064 4e203d3d 004c4c55     urned q == NULL.
    d28c:	66756270 66657220 65766f20 6f6c6672     pbuf ref overflo
    d29c:	00000077 72636e69 6e656d65 616d5f74     w...increment_ma
    d2ac:	74696e67 20656475 70203d3c 656c3e2d     gnitude <= p->le
    d2bc:	0000006e 66756270 6b61745f 69203a65     n...pbuf_take: i
    d2cc:	6c61766e 62206469 00006675 66756270     nvalid buf..pbuf
    d2dc:	6b61745f 69203a65 6c61766e 64206469     _take: invalid d
    d2ec:	70617461 00007274 66756270 6b61745f     ataptr..pbuf_tak
    d2fc:	62203a65 6e206675 6c20746f 65677261     e: buf not large
    d30c:	6f6e6520 00686775 66756270 6b61745f      enough.pbuf_tak
    d31c:	69203a65 6c61766e 70206469 00667562     e: invalid pbuf.
    d32c:	20646964 20746f6e 79706f63 6c6c6120     did not copy all
    d33c:	74616420 00000061 5f706374 6e616261      data...tcp_aban
    d34c:	3a6e6f64 766e6920 64696c61 62637020     don: invalid pcb
    d35c:	00000000 276e6f64 61632074 74206c6c     ....don't call t
    d36c:	615f7063 74726f62 7063742f 6162615f     cp_abort/tcp_aba
    d37c:	6e6f646e 726f6620 73696c20 2d6e6574     ndon for listen-
    d38c:	73626370 00000000                       pcbs....

0000d394 <tcp_backoff>:
    d394:	04030201 07070605 07070707 00000007     ................
    d3a4:	5f706374 736f6c63 69203a65 6c61766e     tcp_close: inval
    d3b4:	70206469 00006263 5f706374 736f6c63     id pcb..tcp_clos
    d3c4:	68735f65 6f647475 203a6e77 61766e69     e_shutdown: inva
    d3d4:	2064696c 00626370 2d626370 616c663e     lid pcb.pcb->fla
    d3e4:	26207367 5f465420 4c435852 4445534f     gs & TF_RXCLOSED
    d3f4:	00000000 5f706374 65657266 73696c5f     ....tcp_free_lis
    d404:	3a6e6574 494c2120 4e455453 00000000     ten: !LISTEN....
    d414:	20626370 4e203d21 004c4c55 5f706374     pcb != NULL.tcp_
    d424:	5f666665 646e6573 73736d5f 74656e5f     eff_send_mss_net
    d434:	203a6669 61766e69 2064696c 5f747364     if: invalid dst_
    d444:	00007069 5f706374 65657266 494c203a     ip..tcp_free: LI
    d454:	4e455453 00000000 5f706374 6974656e     STEN....tcp_neti
    d464:	70695f66 6464615f 68635f72 65676e61     f_ip_addr_change
    d474:	63705f64 73696c62 69203a74 6c61766e     d_pcblist: inval
    d484:	6f206469 615f646c 00726464 5f706374     id old_addr.tcp_
    d494:	7478656e 7373695f 6e69203a 696c6176     next_iss: invali
    d4a4:	63702064 00000062                       d pcb...

0000d4ac <tcp_pcb_lists>:
    d4ac:	20000160 2000015c 20000154 2000016c     `.. \.. T.. l.. 
    d4bc:	5f706374 5f626370 67727570 69203a65     tcp_pcb_purge: i
    d4cc:	6c61766e 70206469 00006263 5f706374     nvalid pcb..tcp_
    d4dc:	5f626370 6f6d6572 203a6576 61766e69     pcb_remove: inva
    d4ec:	2064696c 00626370 5f706374 5f626370     lid pcb.tcp_pcb_
    d4fc:	6f6d6572 203a6576 61766e69 2064696c     remove: invalid 
    d50c:	6c626370 00747369 65736e75 7320746e     pcblist.unsent s
    d51c:	656d6765 2073746e 6b61656c 00676e69     egments leaking.
    d52c:	63616e75 2064656b 6d676573 73746e65     unacked segments
    d53c:	61656c20 676e696b 00000000 65736f6f      leaking....oose
    d54c:	65732071 6e656d67 6c207374 696b6165     q segments leaki
    d55c:	0000676e 5f706374 636f7270 5f737365     ng..tcp_process_
    d56c:	75666572 5f646573 61746164 6e69203a     refused_data: in
    d57c:	696c6176 63702064 00000062 5f706374     valid pcb...tcp_
    d58c:	76636572 6c756e5f 69203a6c 6c61766e     recv_null: inval
    d59c:	70206469 00006263 5f706374 76636572     id pcb..tcp_recv
    d5ac:	203a6465 61766e69 2064696c 00626370     ed: invalid pcb.
    d5bc:	276e6f64 61632074 74206c6c 725f7063     don't call tcp_r
    d5cc:	65766365 6f662064 696c2072 6e657473     ecved for listen
    d5dc:	6263702d 00000073 5f706374 5f676573     -pcbs...tcp_seg_
    d5ec:	79706f63 6e69203a 696c6176 65732064     copy: invalid se
    d5fc:	00000067 5f706374 776f6c73 3a726d74     g...tcp_slowtmr:
    d60c:	74636120 20657669 2d626370 6174733e      active pcb->sta
    d61c:	21206574 4c43203d 4445534f 0000000a     te != CLOSED....
    d62c:	5f706374 776f6c73 3a726d74 74636120     tcp_slowtmr: act
    d63c:	20657669 2d626370 6174733e 21206574     ive pcb->state !
    d64c:	494c203d 4e455453 0000000a 5f706374     = LISTEN....tcp_
    d65c:	776f6c73 3a726d74 74636120 20657669     slowtmr: active 
    d66c:	2d626370 6174733e 21206574 4954203d     pcb->state != TI
    d67c:	572d454d 0a544941 00000000 5f706374     ME-WAIT.....tcp_
    d68c:	776f6c73 726d6974 6570203a 73697372     slowtimr: persis
    d69c:	69742074 6e696b63 69772067 69206874     t ticking with i
    d6ac:	6c662d6e 74686769 74616420 00000061     n-flight data...
    d6bc:	5f706374 776f6c73 726d6974 6570203a     tcp_slowtimr: pe
    d6cc:	73697372 69742074 6e696b63 69772067     rsist ticking wi
    d6dc:	65206874 7974706d 6e657320 75622064     th empty send bu
    d6ec:	72656666 00000000 5f706374 776f6c73     ffer....tcp_slow
    d6fc:	3a726d74 64696d20 20656c64 20706374     tmr: middle tcp 
    d70c:	74203d21 615f7063 76697463 63705f65     != tcp_active_pc
    d71c:	00007362 5f706374 776f6c73 3a726d74     bs..tcp_slowtmr:
    d72c:	72696620 70207473 3d206263 6374203d      first pcb == tc
    d73c:	63615f70 65766974 6263705f 00000073     p_active_pcbs...
    d74c:	5f706374 776f6c73 3a726d74 4d495420     tcp_slowtmr: TIM
    d75c:	41572d45 70205449 3e2d6263 74617473     E-WAIT pcb->stat
    d76c:	3d3d2065 4d495420 41572d45 00005449     e == TIME-WAIT..
    d77c:	5f706374 776f6c73 3a726d74 64696d20     tcp_slowtmr: mid
    d78c:	20656c64 20706374 74203d21 745f7063     dle tcp != tcp_t
    d79c:	63705f77 00007362 5f706374 776f6c73     w_pcbs..tcp_slow
    d7ac:	3a726d74 72696620 70207473 3d206263     tmr: first pcb =
    d7bc:	6374203d 77745f70 6263705f 00000073     = tcp_tw_pcbs...
    d7cc:	5f706374 61647075 725f6574 615f7663     tcp_update_rcv_a
    d7dc:	775f6e6e 203a646e 61766e69 2064696c     nn_wnd: invalid 
    d7ec:	00626370 5f77656e 5f766372 5f6e6e61     pcb.new_rcv_ann_
    d7fc:	20646e77 30203d3c 66666678 00000066     wnd <= 0xffff...
    d80c:	00006c40 00006d96 00006ea6 00006eae     @l...m...n...n..
    d81c:	00006f4c 00006ea6 00006f80 00006fba     Lo...n...o...o..
    d82c:	2d626370 646e733e 6575715f 656c6575     pcb->snd_queuele
    d83c:	3d3e206e 75627020 6c635f66 6e286e65     n >= pbuf_clen(n
    d84c:	2d747865 0029703e 5f706374 65636572     ext->p).tcp_rece
    d85c:	3a657669 6c617620 71206469 65756575     ive: valid queue
    d86c:	6e656c20 00687467 5f706374 75706e69      length.tcp_inpu
    d87c:	69203a74 6c61766e 70206469 00667562     t: invalid pbuf.
    d88c:	6e3e2d70 20747865 4e203d21 004c4c55     p->next != NULL.
    d89c:	6c3e2d70 3d206e65 0030203d 743e2d70     p->len == 0.p->t
    d8ac:	6c5f746f 3d206e65 2d70203d 78656e3e     ot_len == p->nex
    d8bc:	743e2d74 6c5f746f 00006e65 5f706374     t->tot_len..tcp_
    d8cc:	75706e69 61203a74 76697463 63702065     input: active pc
    d8dc:	733e2d62 65746174 203d2120 534f4c43     b->state != CLOS
    d8ec:	00004445 5f706374 75706e69 61203a74     ED..tcp_input: a
    d8fc:	76697463 63702065 733e2d62 65746174     ctive pcb->state
    d90c:	203d2120 454d4954 4941572d 00000054      != TIME-WAIT...
    d91c:	5f706374 75706e69 61203a74 76697463     tcp_input: activ
    d92c:	63702065 733e2d62 65746174 203d2120     e pcb->state != 
    d93c:	5453494c 00004e45 5f706374 75706e69     LISTEN..tcp_inpu
    d94c:	70203a74 3e2d6263 7478656e 203d2120     t: pcb->next != 
    d95c:	20626370 66656228 2065726f 68636163     pcb (before cach
    d96c:	00002965 5f706374 75706e69 70203a74     e)..tcp_input: p
    d97c:	3e2d6263 7478656e 203d2120 20626370     cb->next != pcb 
    d98c:	74666128 63207265 65686361 00000029     (after cache)...
    d99c:	5f706374 75706e69 54203a74 2d454d49     tcp_input: TIME-
    d9ac:	54494157 62637020 74733e2d 20657461     WAIT pcb->state 
    d9bc:	54203d3d 2d454d49 54494157 00000000     == TIME-WAIT....
    d9cc:	5f706374 75706e69 70203a74 3e2d6263     tcp_input: pcb->
    d9dc:	74617473 3d212065 4f4c4320 00444553     state != CLOSED.
    d9ec:	2d626370 646e733e 6575715f 656c6575     pcb->snd_queuele
    d9fc:	203e206e 00000030 73206f6e 656d6765     n > 0...no segme
    da0c:	7420746e 7266206f 00006565 2d626370     nt to free..pcb-
    da1c:	73696c3e 656e6574 613e2d72 70656363     >listener->accep
    da2c:	3d212074 4c554e20 0000004c 2d626370     t != NULL...pcb-
    da3c:	6665723e 64657375 7461645f 3d3d2061     >refused_data ==
    da4c:	4c554e20 0000004c 5f706374 75706e69      NULL...tcp_inpu
    da5c:	65645f74 6579616c 6c635f64 3a65736f     t_delayed_close:
    da6c:	766e6920 64696c61 62637020 00000000      invalid pcb....
    da7c:	5f706374 5f736f6f 65736e69 735f7472     tcp_oos_insert_s
    da8c:	656d6765 203a746e 61766e69 2064696c     egment: invalid 
    da9c:	67657363 00000000 5f706374 73726170     cseg....tcp_pars
    daac:	74706f65 6e69203a 696c6176 63702064     eopt: invalid pc
    dabc:	00000062 5f706374 65636572 3a657669     b...tcp_receive:
    dacc:	766e6920 64696c61 62637020 00000000      invalid pcb....
    dadc:	5f706374 65636572 3a657669 6f727720     tcp_receive: wro
    daec:	7320676e 65746174 00000000 65736e69     ng state....inse
    dafc:	20702e67 4e203d21 004c4c55 61736e69     g.p != NULL.insa
    db0c:	6f20656e 65736666 00002174 66756270     ne offset!..pbuf
    db1c:	6f6f7420 6f687320 00217472 5f706374      too short!.tcp_
    db2c:	65636572 3a657669 67657320 746e656d     receive: segment
    db3c:	746f6e20 69727420 64656d6d 726f6320      not trimmed cor
    db4c:	74636572 7420796c 6372206f 6e775f76     rectly to rcv_wn
    db5c:	00000a64 5f706374 65636572 3a657669     d...tcp_receive:
    db6c:	67657320 746e656d 746f6e20 69727420      segment not tri
    db7c:	64656d6d 726f6320 74636572 7420796c     mmed correctly t
    db8c:	6f6f206f 20716573 75657571 00000a65     o ooseq queue...
    db9c:	5f706374 65636572 3a657669 70637420     tcp_receive: tcp
    dbac:	206e656c 6372203e 6e775f76 00000a64     len > rcv_wnd...
    dbbc:	5f706374 65636572 3a657669 736f6f20     tcp_receive: oos
    dbcc:	74207165 656c7063 203e206e 5f766372     eq tcplen > rcv_
    dbdc:	0a646e77 00000000 5f706374 61657263     wnd.....tcp_crea
    dbec:	735f6574 656d6765 203a746e 61766e69     te_segment: inva
    dbfc:	2064696c 00626370 5f706374 61657263     lid pcb.tcp_crea
    dc0c:	735f6574 656d6765 203a746e 61766e69     te_segment: inva
    dc1c:	2064696c 66756270 00000000 743e2d70     lid pbuf....p->t
    dc2c:	6c5f746f 3e206e65 706f203d 6e656c74     ot_len >= optlen
    dc3c:	00000000 5f706374 75716e65 5f657565     ....tcp_enqueue_
    dc4c:	67616c66 6e203a73 20646565 68746965     flags: need eith
    dc5c:	54207265 535f5043 6f204e59 43542072     er TCP_SYN or TC
    dc6c:	49465f50 6e69204e 616c6620 28207367     P_FIN in flags (
    dc7c:	676f7270 6d6d6172 76207265 616c6f69     programmer viola
    dc8c:	20736574 29495041 00000000 5f706374     tes API)....tcp_
    dc9c:	75716e65 5f657565 67616c66 69203a73     enqueue_flags: i
    dcac:	6c61766e 70206469 00006263 5f706374     nvalid pcb..tcp_
    dcbc:	75716e65 5f657565 67616c66 63203a73     enqueue_flags: c
    dccc:	6b636568 61687420 69662074 20747372     heck that first 
    dcdc:	66756270 6e616320 6c6f6820 706f2064     pbuf can hold op
    dcec:	6e656c74 00000000 2d676573 7063743e     tlen....seg->tcp
    dcfc:	20726468 20746f6e 67696c61 0064656e     hdr not aligned.
    dd0c:	5f706374 75716e65 5f657565 67616c66     tcp_enqueue_flag
    dd1c:	69203a73 6c61766e 73206469 656d6765     s: invalid segme
    dd2c:	6c20746e 74676e65 00000068 5f706374     nt length...tcp_
    dd3c:	75716e65 5f657565 67616c66 69203a73     enqueue_flags: i
    dd4c:	6c61766e 71206469 65756575 6e656c20     nvalid queue len
    dd5c:	00687467 5f706374 7065656b 76696c61     gth.tcp_keepaliv
    dd6c:	69203a65 6c61766e 70206469 00006263     e: invalid pcb..
    dd7c:	5f706374 7074756f 203a7475 61766e69     tcp_output: inva
    dd8c:	2064696c 00626370 276e6f64 61632074     lid pcb.don't ca
    dd9c:	74206c6c 6f5f7063 75707475 6f662074     ll tcp_output fo
    ddac:	696c2072 6e657473 6263702d 00000073     r listen-pcbs...
    ddbc:	20545352 20746f6e 65707865 64657463     RST not expected
    ddcc:	72656820 00002165 6974706f 20736e6f      here!..options 
    dddc:	20746f6e 6c6c6966 00006465 5f706374     not filled..tcp_
    ddec:	7074756f 615f7475 636f6c6c 6165685f     output_alloc_hea
    ddfc:	3a726564 766e6920 64696c61 62637020     der: invalid pcb
    de0c:	00000000 63656863 6874206b 66207461     ....check that f
    de1c:	74737269 75627020 61632066 6f68206e     irst pbuf can ho
    de2c:	7320646c 63757274 63742074 64685f70     ld struct tcp_hd
    de3c:	00000072 5f706374 7074756f 635f7475     r...tcp_output_c
    de4c:	72746e6f 735f6c6f 656d6765 203a746e     ontrol_segment: 
    de5c:	61766e69 2064696c 66756270 00000000     invalid pbuf....
    de6c:	5f706374 7074756f 665f7475 5f6c6c69     tcp_output_fill_
    de7c:	6974706f 3a736e6f 766e6920 64696c61     options: invalid
    de8c:	75627020 00000066 5f706374 7074756f      pbuf...tcp_outp
    de9c:	735f7475 656d6765 625f746e 3a797375     ut_segment_busy:
    deac:	766e6920 64696c61 67657320 00000000      invalid seg....
    debc:	5f706374 6d786572 203a7469 61766e69     tcp_rexmit: inva
    decc:	2064696c 00626370 5f706374 6d786572     lid pcb.tcp_rexm
    dedc:	665f7469 3a747361 766e6920 64696c61     it_fast: invalid
    deec:	62637020 00000000 5f706374 6d786572      pcb....tcp_rexm
    defc:	725f7469 203a6f74 61766e69 2064696c     it_rto: invalid 
    df0c:	00626370 5f706374 6d786572 725f7469     pcb.tcp_rexmit_r
    df1c:	635f6f74 696d6d6f 69203a74 6c61766e     to_commit: inval
    df2c:	70206469 00006263 5f706374 6d786572     id pcb..tcp_rexm
    df3c:	725f7469 705f6f74 61706572 203a6572     it_rto_prepare: 
    df4c:	61766e69 2064696c 00626370 5f706374     invalid pcb.tcp_
    df5c:	3a747372 766e6920 64696c61 636f6c20     rst: invalid loc
    df6c:	695f6c61 00000070 5f706374 3a747372     al_ip...tcp_rst:
    df7c:	766e6920 64696c61 6d657220 5f65746f      invalid remote_
    df8c:	00007069 5f706374 646e6573 706d655f     ip..tcp_send_emp
    df9c:	615f7974 203a6b63 61766e69 2064696c     ty_ack: invalid 
    dfac:	00626370 5f706374 646e6573 6e69665f     pcb.tcp_send_fin
    dfbc:	6e69203a 696c6176 63702064 00000062     : invalid pcb...
    dfcc:	5f706374 696c7073 6e755f74 746e6573     tcp_split_unsent
    dfdc:	6765735f 6e69203a 696c6176 63702064     _seg: invalid pc
    dfec:	00000062 276e6143 70732074 2074696c     b...Can't split 
    dffc:	6d676573 20746e65 6f746e69 6e656c20     segment into len
    e00c:	20687467 00000030 696c7073 3d3c2074     gth 0...split <=
    e01c:	73736d20 00000000 67657375 656c3e2d      mss....useg->le
    e02c:	203e206e 00000030 5f706374 6f72657a     n > 0...tcp_zero
    e03c:	6e69775f 5f776f64 626f7270 69203a65     _window_probe: i
    e04c:	6c61766e 70206469 00006263              nvalid pcb..

0000e058 <lwip_cyclic_timers>:
    e058:	000000fa 0000590c 000003e8 00002d26     .....Y......&-..
    e068:	0000ea60 000026e6 000001f4 00002868     `....&......h(..
    e078:	656d6954 2074756f 656d6974 6f6f7420     Timeout time too
    e088:	6e6f6c20 6d202c67 69207861 574c2073      long, max is LW
    e098:	555f5049 33544e49 414d5f32 20342f58     IP_UINT32_MAX/4 
    e0a8:	6365736d 00000073 5f737973 656d6974     msecs...sys_time
    e0b8:	3a74756f 6d697420 74756f65 203d2120     out: timeout != 
    e0c8:	4c4c554e 6f70202c 4d206c6f 5f504d45     NULL, pool MEMP_
    e0d8:	5f535953 454d4954 2054554f 65207369     SYS_TIMEOUT is e
    e0e8:	7974706d 00000000 5f706475 646e6962     mpty....udp_bind
    e0f8:	6e69203a 696c6176 63702064 00000062     : invalid pcb...
    e108:	5f706475 6e6e6f63 3a746365 766e6920     udp_connect: inv
    e118:	64696c61 62637020 00000000 5f706475     alid pcb....udp_
    e128:	6e6e6f63 3a746365 766e6920 64696c61     connect: invalid
    e138:	61706920 00726464 5f706475 75706e69      ipaddr.udp_inpu
    e148:	69203a74 6c61766e 70206469 00667562     t: invalid pbuf.
    e158:	5f706475 75706e69 69203a74 6c61766e     udp_input: inval
    e168:	6e206469 66697465 00000000 66756270     id netif....pbuf
    e178:	6d65725f 5f65766f 64616568 66207265     _remove_header f
    e188:	656c6961 00000a64 5f706475 76636572     ailed...udp_recv
    e198:	6e69203a 696c6176 63702064 00000062     : invalid pcb...
    e1a8:	5f706475 6f6d6572 203a6576 61766e69     udp_remove: inva
    e1b8:	2064696c 00626370 5f706475 646e6573     lid pcb.udp_send
    e1c8:	695f6f74 69203a66 6c61766e 70206469     to_if: invalid p
    e1d8:	00006263 5f706475 646e6573 695f6f74     cb..udp_sendto_i
    e1e8:	69203a66 6c61766e 70206469 00667562     f: invalid pbuf.
    e1f8:	5f706475 646e6573 695f6f74 69203a66     udp_sendto_if: i
    e208:	6c61766e 64206469 695f7473 00000070     nvalid dst_ip...
    e218:	5f706475 646e6573 695f6f74 69203a66     udp_sendto_if: i
    e228:	6c61766e 6e206469 66697465 00000000     nvalid netif....
    e238:	5f706475 646e6573 695f6f74 72735f66     udp_sendto_if_sr
    e248:	69203a63 6c61766e 70206469 00006263     c: invalid pcb..
    e258:	5f706475 646e6573 695f6f74 72735f66     udp_sendto_if_sr
    e268:	69203a63 6c61766e 70206469 00667562     c: invalid pbuf.
    e278:	5f706475 646e6573 695f6f74 72735f66     udp_sendto_if_sr
    e288:	69203a63 6c61766e 64206469 695f7473     c: invalid dst_i
    e298:	00000070 5f706475 646e6573 695f6f74     p...udp_sendto_i
    e2a8:	72735f66 69203a63 6c61766e 73206469     f_src: invalid s
    e2b8:	695f6372 00000070 5f706475 646e6573     rc_ip...udp_send
    e2c8:	695f6f74 72735f66 69203a63 6c61766e     to_if_src: inval
    e2d8:	6e206469 66697465 00000000 63656863     id netif....chec
    e2e8:	6874206b 66207461 74737269 75627020     k that first pbu
    e2f8:	61632066 6f68206e 7320646c 63757274     f can hold struc
    e308:	64752074 64685f70 00000072 00008946     t udp_hdr...F...
    e318:	00008960 00008970 0000897a 00008982     `...p...z.......
    e328:	6c696166 74206465 7263206f 65746165     failed to create
    e338:	70637420 745f7069 61657268 626d2064      tcpip_thread mb
    e348:	0000786f 6c696166 74206465 7263206f     ox..failed to cr
    e358:	65746165 636f6c20 63745f6b 5f706970     eate lock_tcpip_
    e368:	65726f63 00000000 69706374 68745f70     core....tcpip_th
    e378:	64616572 00000000 61766e49 2064696c     read....Invalid 
    e388:	786f626d 00000000 69706374 68745f70     mbox....tcpip_th
    e398:	64616572 6e69203a 696c6176 656d2064     read: invalid me
    e3a8:	67617373 00000065 462f2e2e 52656572     ssage...../FreeR
    e3b8:	2f534f54 74726f70 656c6261 6d654d2f     TOS/portable/Mem
    e3c8:	676e614d 6165682f 2e345f70 00000063     Mang/heap_4.c...
    e3d8:	462f2e2e 52656572 2f534f54 74726f70     ../FreeRTOS/port
    e3e8:	656c6261 4343472f 5349522f 2f562d43     able/GCC/RISC-V/
    e3f8:	74726f70 0000632e 462f2e2e 52656572     port.c..../FreeR
    e408:	2f534f54 75657571 00632e65 462f2e2e     TOS/queue.c.../F
    e418:	52656572 2f534f54 6b736174 00632e73     reeRTOS/tasks.c.
    e428:	454c4449 00000000 0000a8d8 0000a8d8     IDLE............
    e438:	0000a91c 0000a928 0000a96a 0000a8d8     ....(...j.......
    e448:	0000a8d8 0000a91c 0000a928 51726d54     ........(...TmrQ
    e458:	00000000 462f2e2e 52656572 2f534f54     ....../FreeRTOS/
    e468:	656d6974 632e7372 00000000 20726d54     timers.c....Tmr 
    e478:	00637653                                Svc.

0000e47c <__sf_fake_stderr>:
	...

0000e49c <__sf_fake_stdin>:
	...

0000e4bc <__sf_fake_stdout>:
	...
    e4dc:	2b302d23 00000020 004c6c68 45676665     #-0+ ...hlL.efgE
    e4ec:	00004746 33323130 37363534 42413938     FG..0123456789AB
    e4fc:	46454443 00000000 33323130 37363534     CDEF....01234567
    e50c:	62613938 66656463 00000000              89abcdef....
