:040000006F00300D50
:100004000000000000000000E6050000E805000014
:1000140000000000D0080000000000000000000004
:10002400D0080000D008000000000000000000001C
:10003400328E0000000000000002000000000000FA
:10004400D0080000D0080000D0080000D00800004C
:10005400D0080000D0080000D0080000D00800003C
:10006400D0080000D0080000D0080000D00800002C
:10007400D0080000D0080000D0080000D00800001C
:10008400D0080000D0080000D0080000D00800000C
:10009400D0080000D0080000D0080000D0080000FC
:1000A400D0080000D0080000D0080000D0080000EC
:1000B400D0080000D0080000D0080000D0080000DC
:1000C400D0080000D0080000D0080000D0080000CC
:1000D400D0080000D0080000D0080000D0080000BC
:1000E400D0080000D0080000D0080000D0080000AC
:1000F400D0080000D0080000D0080000D00800009C
:1001040000000000D0080000D0080000D008000063
:10011400D0080000D0080000D0080000D00800007B
:10012400D0080000D0080000D0080000D00800006B
:10013400D0080000B2AE0000D0080000D0080000D3
:10014400D0080000D0080000D0080000D00800004B
:10015400D0080000D0080000D0080000D00800003B
:10016400D0080000D0080000D0080000D00800002B
:10017400D0080000D0080000D0080000D00800001B
:10018400D0080000D0080000D0080000D00800000B
:10019400D0080000D0080000D0080000D0080000FB
:1001A400000000000000000000000000000000004B
:0C01B4000000000000000000000000003F
:10020000130181F806C216C41AC61EC822CA26CC1B
:100210002ACE2ED032D236D43AD63ED842DA46DC76
:100220004ADECEC0D2C2D6C4DAC6DEC8E2CAE6CC46
:10023000EACEEED0F2D2F6D4FAD6FED8F3220030CF
:1002400096DA83A2C19523A02200F32510342EC094
:100250009305000273A0458003A14184EF90B06F25
:1002600003A3C19503210300824273901234D65236
:10027000739002309240A2423243C2435244E2445D
:10028000724582551256A2563257C2575258E258FA
:1002900072598649164AA64A364BC64B564CE64C0E
:1002A000764D865D165EA65E365FC65F13018107DA
:1002B0007300203013000000130000001300000042
:1002C00013000000130000001300000013000000E2
:1002D00013000000130000001300000013000000D2
:1002E00013000000130000001300000013000000C2
:1002F00013000000130000001300000013000000B2
:1003000083A24184938202E07390023403A1C195D9
:10031000024182403243C2435244E2447245825514
:100320001256A2563257C2575258E258725986494D
:10033000164AA64A364BC64B564CE64C764D865D61
:10034000165EA65E365FC65FD652A102739002307B
:100350009302800873A00280A24213018107828069
:100360001300000013000000130000001300000041
:100370001300000013000000130000001300000031
:100380001300000013000000130000001300000021
:100390001300000013000000130000001300000011
:1003A0001300000013000000130000001300000001
:1003B00013000000130000001300000013000000F1
:1003C00013000000130000001300000013000000E1
:1003D00013000000130000001300000013000000D1
:1003E00013000000130000001300000013000000C1
:1003F00013000000130000001300000013000000B1
:10040000F322003093F272FF130380781203B3E2F9
:100410006200711523205500130585FA10C12115BE
:10042000232005009302000063870200711523203A
:100430000500FD12D5BF71150CC1828000000000BF
:1004400000000000000000000000000000000000AC
:10045000000000000000000000000000000000009C
:10046000000000000000000000000000000000008C
:10047000000000000000000000000000000000007C
:10048000000000000000000000000000000000006C
:10049000000000000000000000000000000000005C
:1004A000000000000000000000000000000000004C
:1004B000000000000000000000000000000000003C
:1004C000000000000000000000000000000000002C
:1004D0000000000000000000000000000000397172
:1004E00001436EC619A0397141536AC866CA62CC0D
:1004F0005ECE19A0397101535AD056D252D44ED67D
:100500004AD826DA22DC06DE3301614082824111BC
:100510004AC026C222C406C68282B24D4101024DA3
:10052000924C224CB24B4101024B924A224AB249B0
:100530004101024992442244B240410182803D433C
:100540002A876373C3029377F700BDEFADE5937617
:1005500006FF3D8ABA960CC34CC30CC74CC7410773
:10056000E36BD7FE11E28280B306C3408A0697028E
:10057000000096966780A6002307B700A306B70081
:100580002306B700A305B7002305B700A304B700EF
:100590002304B700A303B7002303B700A302B700E7
:1005A0002302B700A301B7002301B700A300B700DF
:1005B0002300B700828093F5F50F93968500D58DC3
:1005C00093960501D58D61B7939627009702000099
:1005D00096968682E78086FA9680C1171D8F3E9692
:1005E000E374C3F8A5B701A037C5000013050535AE
:1005F000EFA0F03CB707EFBE37E700E093870708AE
:100600003CC701A0EFF2BFF0EF0010650145EF908D
:10061000C06D05B7EFF2BFEF37C500001305C53C4D
:10062000EFA0B02801A0EFF29FEE0945112D952A09
:10063000716513050520EFA0D00DB707002083A535
:10064000070837C5000013050536EFA01026192E40
:10065000AA8537C5000013050537EFA01025B7C5DB
:10066000000037C500009385053813058538EFA0D5
:10067000D023B7C5000037C500009385853A130520
:10068000053BEFA09022B7C5000037050000814769
:1006900015478146130600189385453C13054560B0
:1006A000EF908046EF90E06F01A0B71702409843AB
:1006B000B706FFF041111367170098C3D8433706F8
:1006C0000200758FD8C39843B706F7FEFD16758FE5
:1006D00098C39843B706FCFFFD16758F98C3D8439F
:1006E000B70601FFFD16758FD8C39843B70600EC17
:1006F000FD16758F98C33707FF0098C723A607021A
:1007000002C402C69843C166558F98C3B71602400B
:1007100005679C42F18F3EC6A24785073EC4B2479B
:1007200081E7A247E397E7FEB71702409C43139780
:10073000E7006356070685473EC632478547631E76
:10074000F704B7170240D843B706C1FFFD16D8C358
:10075000D843D8C3D84313670740D8C3D843758F4D
:10076000D8C3D843C166558FD8C39843B706000194
:10077000558F98C3984393166700E3DD06FED84370
:10078000B7160240719BD8C3D84313672700D8C35C
:100790002147DC42B18BE39EE7FE4101828002C625
:1007A00069BFB7160240D842B70700201146318B07
:1007B000938707086305C70021466308C7023717F8
:1007C0007A001307072098C3371702405843118354
:1007D0009376F70037070020130707003697142396
:1007E00098433357D70098C38280D842D442416699
:1007F00049833D8BF18E1306270015CF3D47630FCC
:10080000E6024147630FE602454781456313E60070
:100810004146A1E23747024003270780418B0DC7BD
:1008200037177A00130707203306C70290C3C9DDC4
:100830009843058349BF81454946E1BF8545354613
:10084000C9BF81453D46F1B737173D0013070790F3
:10085000E1BF3715024058559316F700585563DF2E
:10086000060411833D8B9306170037177A00130790
:1008700007203357D70298C35455A182BD8A8DE211
:1008800095463307D702058398C337170240585758
:1008900094433D8B050733D7E60298C3984369B765
:1008A00005456394A600E546E9BF3D456396A6006D
:1008B000D1463387E602C9BF8906E5BF3D8B930663
:1008C000170037177A00130707203357D702F1B7FD
:1008D00001A0970100209381E1FA17F10020130194
:1008E000617217E50000130565C397F5FF1F938537
:1008F00065711386018563FAC5008322050023A074
:10090000550011059105E3EAC5FE17F5FF1F130514
:10091000657C979500209385A57B6377B5002320A0
:1009200005001105E36DB5FEFD42739002BCFD426A
:1009300073904280B78200009382028073900230ED
:1009400097F2FFFF9382426C93E232007390523031
:10095000EFF0BFD597020000938222CD739012343E
:1009600073002030B7F7FF1F03A547708280EFF2B6
:100970001FBA85451165ED2981451165D52955BEFB
:10098000411102C6B78602409C4A41672E057D1779
:10099000F18B798D9A055D8D93F5057CC98D93E575
:1009A0001500B70750008CCAF917324705073AC639
:1009B000984A058B01C73247E3F9E7FE3247B7078C
:1009C0005000FD1701456307F700B7870240C84B89
:1009D00042054181410182804111B787024002C630
:1009E000984BC166FD162E05758D718B9A05598D34
:1009F00093F5057CC98DD0CB93E535008CCBB7073B
:100A00000500B7860240F917324705073AC6984AEB
:100A1000058B01C73247E3F9E7FE3245B70705000A
:100A2000FD173335F50041018280378702401C43B2
:100A300009C593E787001CC38280DD9BEDBF378724
:100A400002401C4309C593E747001CC38280ED9B0D
:100A5000EDBFB707002023AAA70C2A878147B70854
:100A600010401303405F130EF6FF6396C700B7975D
:100A7000024088CB8280B3866702232017012A8830
:100A8000AE9614C79306070163F3C7013688232681
:100A9000070185073687D1BFB7070020916623A8D5
:100AA000A70C0147AA87370300809386465F130E81
:100AB000405F930EF6FF6316C700B7970240C8C7A2
:100AC00082803308C70323A06700D4C3AA882E9866
:100AD00023A40701138807016373D701C28823A6E3
:100AE00017010507C287C1BF379702401C4393E730
:100AF00017001CC38280B7970240C8CB828037970B
:100B000002401C4FB7061000D58F1CCF8280EFF239
:100B10001FA0378402401C4093E787001CC0C537E4
:100B20001C40896693E747001CC0B7970240984F66
:100B3000558F98CF984F1367270098CFDDBA99C586
:100B4000379702405C4F5D8D48CF8280B797024057
:100B5000D84F1345F5FF798DC8CF82809C4513F798
:100B6000070113F8F70001C7D8413368E8008E2168
:100B700013F7F50F39C318418146854E3D4F930F4A
:100B8000800293028004214E3396DE00B3F8C50044
:100B9000631116039398260033131F011343F3FFC9
:100BA0003377E300B318180133E7E800639FF705D4
:100BB00050C98506E39AC6FD18C11307F00F637587
:100BC000B70454412146854E3D4F930F8002930256
:100BD0008004414EB398CE0033F715016392E802CA
:100BE0001317260001173313EF001343F3FFB376F7
:100BF000D3003317E800D98E639DF701232A15012E
:100C00000506E319C6FD54C18280E39457FA10C962
:100C10004DB7E39757FE23281501DDB709C93707FC
:100C200001405C43B7068000D58F5CC38280B70665
:100C30000140DC42370780FF7D17F98FDCC28280DC
:100C4000B707002023ACA70C8280371702405C4313
:100C50009146B18B6385D700A1466382D706B7174B
:100C60007A00938707201CC1371602405C42370781
:100C70000020130707019183BD8BBA9794231C4171
:100C8000B3D7D7005CC15442A1829D8ABA96942200
:100C9000B3D6D70014C55442AD829D8A3697182327
:100CA000B3D7E7005CC55842398393763700138782
:100CB000418036971823B3D7E7021CC982805C4372
:100CC0005843C166C983758FB7F6FF1F83A6C670E8
:100CD000BD8B89071396160163480600C546014679
:100CE0006392D702C94739A88946638FD702BD46A8
:100CF000638ED702C146638ED702C5460146639311
:100D0000D700C1471DEF3747024003270780418BBB
:100D100005C737177A0013070720B307F7021CC16E
:100D200021D61C41858381B701466DBF0546B54775
:100D3000D1BF0146BD47F9B737173D0013070790EC
:100D4000E9BFB7150240D8559316F700D85563DFB1
:100D5000060411833D8B9306170037177A0013079B
:100D600007203357D70218C1D455A182BD8A8DE21E
:100D700095463307D702058318C1371702405857E5
:100D800014413D8B050733D7E60218C1184171B7EE
:100D900085456394B600E546E9BFBD456396B60058
:100DA000D1463387E602C9BF8906E5BF3D8B93066E
:100DB000170037177A00130707203357D702F1B708
:100DC00099C5371702405C4B5D8D48CB8280B717C1
:100DD0000240D84B1345F5FF798DC8CB828099C569
:100DE000371702401C4F5D8D08CF8280B717024035
:100DF000984F1345F5FF798D88CF82809357550022
:100E000005476399E700B71702409C4333D5A70015
:100E10000589828009476396E700B71702409C5313
:100E2000F5B7B7170240DC53D5B7371702405C5708
:100E300093F7F7F05D8D48D78280B7160240DC56F5
:100E400045777D17F98F5D8DC8D6828009C9371720
:100E500002401C43B7060010D58F1CC38280B71612
:100E600002409C42370700F07D17F98F9CC28280B8
:100E700099C5371702401C575D8D08D78280B71778
:100E8000024098571345F5FF798D88D78280EFF29D
:100E90000FE81A29F577FD17F98FFA2179712A845D
:100EA000D98F1EA99A25DE2156252EC6D98FBA259F
:100EB000D98F7D771307379F758FD98F5EA55E29F0
:100EC000DA25C207C18393F7F7CFD98F5EA96808E7
:100ED000AD3BB747014093870780B2456311F404E7
:100EE000A2576547B387E7029841130640060A07F1
:100EF000B3D7E702B3D6C702B3F7C7029206139778
:100F00004700930727031307F063637CF700938779
:100F10000601C207C1831EA445616FF08FE192579D
:100F2000C9B7B3D7C702D58FEDB791C55E2509679D
:100F3000D98F5EA582805A25F977FD17F98FD5BF25
:100F400093F5F51F4EA182800A216D8D3335A000E7
:100F500082808280EFF2AFDBEF80506D06056FF08C
:100F60004FDDEFF2CFDAEF70107005456FF06FDCF8
:100F7000EFF2EFD9EF7070706FF0AFDBEFF22FD9B7
:100F800001EDB7C5000037C500009385054813057E
:100F90000549EFA0801101A02A841145EF80403A55
:100FA00008C0133515003305A0406FF08FD8EFF25D
:100FB0000FD601EDB7C5000037C500009385054881
:100FC00013050549EFA0600E01A0084101EDB7C56A
:100FD000000037C500009385054513050549EFA0BE
:100FE000C00C01A0FD55EF80D0108547630DF500C2
:100FF000B7C5000037C50000938545461305054970
:10100000EFA0A00A01A06FF0CFD2EFF24FD001ED18
:10101000B7C5000037C5000093850548130505498D
:10102000EFA0A00801A0084101EDB7C5000037C539
:1010300000009385054513050549EFA0000701A0B1
:10104000EF80E0328547630DF500B7C5000037C576
:1010500000009385854A13050549EFA0000501A00E
:101060006FF02FCDEFF2AFCA2A8401EDB7C50000B3
:1010700037C500009385853F13050549EFA0E002C1
:1010800001A02E85634DB000B7C5000037C5000034
:101090009385854013050549EFA0200101A0014675
:1010A0009145EF80200908C0133515003305A04095
:1010B0006FF02FC8EFF2AFC541112EC601EDB7C5D5
:1010C000000037C500009385853F13050549EF9063
:1010D000D07D01A0084101EDB7C5000037C5000073
:1010E0009385454113050549EF90307C01A0814669
:1010F00001466C00EF80C00A8547630EF50005C10C
:10110000B7C5000037C500009385C54313050549E1
:10111000EF90B07901A0014541016FF08FC17D557D
:10112000E5BFEFF2CFBE411101EDB7C5000037C5F5
:1011300000009385853F13050549EF90107701A0C6
:10114000084101EDB7C5000037C500009385454152
:1011500013050549EF90707501A02E8491E16000A0
:101160001DE27D56A285EF80804785476306F50422
:10117000B7C5000037C500009385453E13050549F6
:10118000EF90B07201A00582A285EF80404519E57D
:10119000232004007D5541016FF0AFB98547630DF1
:1011A000F500B7C5000037C500009385453E13051F
:1011B0000549EF90906F01A00545F1BFEFF22FB503
:1011C0004111634DD000B7C5000037C500009385BD
:1011D000454C13050549EF90506D01A02A882E85D6
:1011E00093D52600B286139605017C004182C28504
:1011F000EF8090118547630DF500B7C5000037C536
:1012000000009385854D13050549EF90106A01A0F4
:10121000324541016FF0EFB1EFF2CFAD83D98500D8
:101220009307405F7D5563E237032E84EF901010E3
:101230002A8915E1B707002003A5070EE545EF80D1
:10124000005085476305F50051556FF0EFADEF9005
:10125000F00D2A8975D9814432244C403305990018
:10126000EF9090593E240040BE94C204C1806DF4BA
:101270004E85EF90F00C0145C9BFEFF24FA90D4626
:101280008145054537040020EF70D06A1304C40D72
:1012900008C00D4681450545EF70D069B7070020AD
:1012A00023A0A70E1C4095E39307800873B0078026
:1012B00037C6000037C50000130606509305E0024C
:1012C0001305C551EF90705E01A015E193078008EA
:1012D00073B0078037C6000037C5000013060650FC
:1012E0009305F0021305C551EF90305C01A06FF03B
:1012F0004FA4EFF2CFA1B707002003A5C70D4111FE
:101300006C0002C6EF80E01DB24791C7B7E700E06E
:10131000116723A0E72041016FF0AFA1EFF22F9FEB
:10132000B707002003A5070E41116C0002C6EF802D
:10133000401BB24791C7B7E700E0116723A0E72041
:1013400041016FF00F9FEFF28F9CB7070020AA8436
:1013500003A5C70D41119545EF80603E1305E100DF
:10136000EF9020762A8905C12C87130620180145A5
:10137000EF30E01D2A8409C53087CA85EF308065CB
:10138000EF90207901E441016FF0AF9A9C48A68567
:101390002285829761D52285EF304011C1B711EDCA
:1013A000EFF2EF96B7C5000037C500009385054FF3
:1013B00013050549EF90704F01A0B73700009387E0
:1013C00067FB5CC9B7170000938787211CCD930783
:1013D000C05D7EB18967938767A07EB59D6793875F
:1013E00057E61EB901458280EFF2CF90AA840144EE
:1013F000B749000037C90000B74A000037CB0000EA
:1014000026859137EF90807883C7019B93F7F70F7C
:1014100085C37DF4014693852A2B2685EF70E0462F
:10142000EF90807513054B5DEF9070590544C9BF6F
:1014300061D801469385A92E2685EF7000451305D6
:10144000095EEF90D057014465BFEFF24F8C2945FC
:10145000EF9060666FF0EF8DEFF26F8BB7C71B11E7
:101460004111938747F03EC48D67938727327C866E
:1014700029352800EF90207D3717000037C5000080
:101480001307A74481460546954513050554EF907B
:10149000405419C92A84EF8070192A860147814671
:1014A00085452285EF90005A81450145EF70E05F48
:1014B000B707E800B7050020938797EA23A4F50E45
:1014C000C16737060020FD172326F60EB707E8CBC5
:1014D000B7060020938797EA23A2F60EA24713844B
:1014E000419D1CD43C86379800009385850E5EB4E0
:1014F000B7170000130808A09387E73901479386C0
:10150000460E1306C60E1385419DEF708034AA85E2
:1015100011C937C500001305C554EF9010394101BA
:101520006FF02F81B745000001469385852713850D
:10153000419DEF708035B745000001469385252811
:101540001385419DEF70603413054400EF20203077
:10155000AA8537C5000013054556EF90103503489E
:10156000D4028347C4020347B4028346A40203465D
:1015700094028345840237C5000013054557EF9058
:10158000D032B7C500003715000081471547938654
:10159000419D130600209385055A1305853EEF8073
:1015A000A05685476308F50037C500001305855A26
:1015B000EF90F04037C500001305455CEF903040D8
:1015C000B9BFEFE2DFF43A25B9472A8463F7E704AD
:1015D0007C352E8989E783C7250385077CB548407C
:1015E00044355C25A204DD8C1C2113F7170019CFAC
:1015F00005476398E7021C3191EB38219307E0051A
:101600006316F7005C3493E707015CB4A147638479
:10161000F402930780606380F4042285EF20106950
:1016200005A8194693850182EF90D01A65F15C34C4
:1016300093E78700D9BF8347F902A18BF9DFB9454A
:101640002285EF20305F71F9CA852285EF10505F47
:1016500001456FE01FEE8347F902A18BDDDFB9453D
:101660002285EF20305D55F9CA852285EF10805222
:10167000C5B7EFE23FE84111AA843A852E89B289C5
:1016800036C6EF20E01D2A84B9454A85EF20B059BF
:1016900021E983274900B2461946C0A72180C0B777
:1016A000B6853E85EF9050151946CE851905EF9009
:1016B000B01483C7E4021944638D8700B7C50000E6
:1016C00037C500009385C55E13050549EF90F01DF1
:1016D00001A09C4CCA852685829741016FE0DFE41A
:1016E0007955E5BF5C316387B7004CB12303050032
:1016F000231405008280EFE29FE193071500C207E3
:101700003387A500C183FD5614A3BE95130730048B
:10171000637BF7009385070FC205C1813285EF20F7
:10172000307A6FE01FE18507C20723800500C1837F
:101730008505F9BFEFE2BFDD0051AA84A1452285EE
:10174000553701469305C4012685EF10406D7C2076
:101750001307F00F6384E70085077CA085471EA46C
:101760006FE03FDDEFE2BFDA411111E937C500005C
:1017700013050562EF90701341016FE09FDB00518C
:10178000AA8411E437C500001305C563E5B71C54EE
:10179000231904007D576380E702F90737073C00EF
:1017A00063FBE7081307C003B3D7E70213970701EA
:1017B0004183C9C75AA85C547D576382E702F90781
:1017C00037073C0063FFE7061307C003B3D7E70200
:1017D000139707014183ADCB3AA43E247EA41C5845
:1017E0007D576382E702F90737073C0063F1E7069C
:1017F0001307C003B3D7E702139707014183B9CB9F
:101800005AA45E241EA85E243A246365F70099C397
:10181000231504007C30B1C31C503EC45C502285AB
:10182000A9453EC6C135740030009305C401268524
:10183000EF20500C91B741677D17ADBF85475EA87B
:101840009DBF41677D1749BF85473EA479B7416772
:101850007D177DB785475EA46DB75C2C1397870114
:101860006187634507009307F00F45BF1307F00B2F
:101870006376F700B7070001FD1745B7C167EDBFF5
:10188000130725009307400463FFE700EFE23FC81A
:10189000B7C5000037C500009385C57E130505490F
:1018A000EF90B00001A0B387A5009356860094A3E3
:1018B00093071500C207C183BE951315070190A1B8
:1018C0004181828093872600AA9713074004637F93
:1018D000F700EFE2DFC3B7C5000037C5000093850E
:1018E000457313050549EF90407C01A0B387A5001F
:1018F00090A393071500C207C1830905BE95420551
:1019000094A141818280EFE29FC0B7C5000037C536
:1019100000009385857713050549EF90007901A0B4
:10192000130745009307400463FFE700EFE23FBE63
:10193000B7C5000037C500009385057B1305054931
:10194000EF90A07601A0B387A5009356860194A3DB
:1019500093071500C207C183AE979356060194A35F
:1019600093072500C207C183AE979356860094A3C0
:1019700093073500C207C183BE951315070190A1D7
:1019800041818280EFE2BFB8B70400209387840FC3
:10199000BC3323200502232205022A849384840F6A
:1019A00081C783A741A11CD5DC20B1C783A781A132
:1019B0005CD4DC30A1C783A7C1A11CD898399C296D
:1019C00022075D8FBC29C2075D8FBC39E207D98F22
:1019D0005CCCFC2095CB03A501A2EF105069854794
:1019E00008D07CB0FC3091C703A541A2EF1030684D
:1019F00048D06FE01FB41C5485835DBF18549D47C9
:101A0000B387E7028D8355BFA3030400E1BFEFE274
:101A10001FB0370700201307470F1C2381EFB7C5FE
:101A2000000037C500009385456D13050549EF900B
:101A3000C06701A0FD1793F7F70F1CA391EB3704C4
:101A400000201304040F0840EF60705423200400AA
:101A50006FE03FAEEFE2BFABB704002083C7440F97
:101A60009384440FA5E3370400201304040F1C40A3
:101A700081CFB7C5000037C500009385856F13057A
:101A80000549EF90806201A0EF60705408C07D5757
:101A900015CD1835130640041367070218B5938552
:101AA0004183EF6010210840130630049385418381
:101AB000EF60D0450840B72500000146938545F703
:101AC000EF60304B9C20014785079CA03A856FE072
:101AD0005FA6EFE23FA219E937C50000130545658F
:101AE000EF90A05C01494A856FE01FA42E8A91E522
:101AF00037C5000013054567E5B7AA84B289930589
:101B000040131306002813056003B68AEF20302423
:101B10002A8971D93A259307301363EDE700B7C5D9
:101B2000000037C500009385456913050549EF900E
:101B3000C05701A08D476396F90083475A00639F01
:101B4000370183476A00370400201304041081E73B
:101B5000EF90A06708C01C402320FA00032449002E
:101B60001306401381452285EFE07F9D85471CA029
:101B70001CB083C7E4023CA003250A00EF10304FDD
:101B80009357850048A05CB09357050161817CA004
:101B900068B091476383F902938799FF93F7F70F32
:101BA0000547637CF7008D476391F90283475A002C
:101BB000F11793F7F70F636AF700DC205CA4DC30C1
:101BC0005CB4FC207CA4FC307CB4938784021307B3
:101BD000C4019384E402942385070507A30FD7FE6D
:101BE000E39BF4FE930730062306F40E130720F858
:101BF000A307F40E93075003A306E40E2308F40E84
:101C0000130730058547A308F40E2307E40E2309C4
:101C1000340F8D472390FA00F9B5EFE2BF8D4111E3
:101C200001ED37D500001305C583EF9000484154FE
:101C3000228541016FE05F8F0451AA8989E837D579
:101C4000000013058585EF9040466954D5B785455A
:101C50002685EFF03FA99306E1000D46A6854E8547
:101C60008D3D2A89630E050E40412887894613045D
:101C7000040F13069003A285B13103D66902A28531
:101C80006887FD3E914613062003A28568871D39AB
:101C90002A8A6887C84CEF10903D2A86A285528513
:101CA0004131914613066003A285688721392A8A4B
:101CB0006887884CEF10B03B2A86A28552858D310B
:101CC0008D4613067003A2856887ED3E688701473D
:101CD00013083004938601830D463C876373F80034
:101CE0001D31B385E6008C21138517004205A297AC
:101CF00041818CA368870507E311C7FEA2854A8648
:101D0000EFF07F9F370500200325050F9387418360
:101D10004E879306300413868183CA85EF60700472
:101D20002A844A85EF208078FC201307F00F638413
:101D3000E7008507FCA0F820954763E5E7028547A3
:101D4000B397E7001307803EB387E702C207C1835A
:101D50009387371F1307401FB3C7E7029EA4C9BD6F
:101D60007D54D9B7BD67938707A6DDB7EFE28FF83B
:101D700004514111AA898D452685EFF0BF9693063F
:101D8000E1000D46A6854E85A9336304050E40414A
:101D90002A8928871304040F894613069003A28515
:101DA000EFF05FB213060024A2856887EFF05FAD05
:101DB000914613062003A2856887EFF0BFB02A8AF8
:101DC0006887C84CEF10B02A2A86A2855285EFF0AA
:101DD0003FB58D4613067003A2856887EFF09FAE6E
:101DE0006887014713083004938601830D463C87BA
:101DF0006374F800EFF03FB1B385E6008C211385E2
:101E000017004205A29741818CA368870507E3105C
:101E1000C7FEA2854A86EFF01F8EB707002003A5F4
:101E2000070F4E879306300413868183CA85EF60BF
:101E300030072A844A85EF206067FC201307F00FE3
:101E40006384E7008507FCA0FC2025476365F70253
:101E50001307803EB387E702C207C1831307401F01
:101E60009387371FB3C7E70222859EA441016FE025
:101E7000AFEB7D54D9B7896793870771C5B7EFE298
:101E80006FE700514111AA8999452285232E04004C
:101E9000EFF05F859306E1000546A2854E85153972
:101EA00059C544412A8928879384040F894613061B
:101EB0009003A685EFF01FA103D66902A685688767
:101EC000EFF01F9C8D4613067003A6856887EFF020
:101ED0007F9F6887014713083004938601830D466E
:101EE0003C876374F800EFF01FA2B385E6008C21F5
:101EF000138517004205A69741818CA368870507C3
:101F0000E310C7FE4A86A685EFF0EFFE37050020F6
:101F10000325050F938741834E879306300413866C
:101F20008183CA85EF60E0634A85EF2020587C20DA
:101F30001307F00F6384E70085077CA0782095479E
:101F400063E6E7028547B397E7001307803EB38750
:101F5000E702C207C1831307401F9387371FB3C728
:101F6000E70201451EA441016FE00FDCBD679387C6
:101F700007A6D5B7EFE2AFD603A9C1B20111B28966
:101F8000832B090263890B0A83C74B00CDC73A260E
:101F90009307B00263F1E70A5C4209479423639C0C
:101FA000E6080346E902014799469375F70F63F483
:101FB000C5006318D706C833D8232205598DF823E6
:101FC0004207498FE8336205598DEF10500A83A705
:101FD0000B006312F506370800209307880F23A231
:101FE000070003D7A90023A007009307B002130836
:101FF000880F63F2E704C16A83DD89009387DAFF03
:10200000014B130C000F3EC4138A81A0CE8C628456
:1020100083D7AC006377F40283A74C00914A3EC299
:10202000B5A2B305E90005073385E70083C585023E
:10203000283DE30CB5F64E85EF20404705616FE083
:10204000CFCD83AC0C001D8CB38DFD404204C20D7E
:10205000418093DD0D01E39D0CFAF1BF930624004E
:10206000C206C182E3E986FC83D5AC0013061400E6
:102070006357B6021833930540036384B70A63E7D6
:10208000F50285456387B704F1CB0D466380C70829
:10209000130630036381C708FD54014D3DA803A713
:1020A0000C00630B072658431823F1B7130660038F
:1020B000638BC70863E2C7081306A003638BC708D6
:1020C0001306B003E39AC7FCE31757F7114D954485
:1020D00029A0E31257F7114D9944A2473A94E3CC53
:1020E00087F43384E60042044180630C0D0602CE7F
:1020F0009D4763F9970EB7D5000037C5000093855B
:10210000858213050549EF80507A01A0E3F5E7F2D7
:102110009D44114DD9B7E31057F3114D8D4475BF50
:1021200001478547E319F7F09307000FE315FCF02B
:10213000054D81445DB701478547E31EF7EE054D28
:10214000854461BF0147E31857EF114D894471B7CA
:102150000147E31257EF114D914441B713140601A3
:10216000418083D7AC006363F4021D8CB38DFD40C6
:102170004204C20D418093DD0D01E37EB4EB83ACDC
:102180000C00E38A0CEA83A74C003EC2637AB401D8
:1021900092479306F00F338787001C23E390D7EC18
:1021A00083470800D1EF63170B0A83471800E384C5
:1021B00007E8938781A0D823954683A54900631833
:1021C000D70C83C75B0005476395E70A032509021F
:1021D000EFF04FFB8347F9024A85A18BD5C7EFF09B
:1021E0006FD591BDB30798009C23A5FF93170D01F0
:1021F000C1833E866C0866853EC6EF206075B24797
:10220000E39BA7E2B70700201388870F63135D03E2
:102210007245EF10C065B70700202ACE1388870FDC
:10222000B3079800054798A3F2478A04D2949CC04C
:102230000DBF8547E311FDE08347C1013ECECDB719
:1022400083270A00230008000547638FE70009473A
:102250006398E700014B930DC006130CC0027DB3D9
:102260000D47E392E7F4054B930DC00E130CC00627
:1022700071BBF51793F7F70F0947E36EF7DA0325FC
:102280000902EFF02FF04A85EFF0CFCD6DB39946FC
:102290006310D70403C75B0089469307D7FF93F702
:1022A000F70F63F5F6008547E317F7D80325090212
:1022B000B145EFF02FC393864183138641834A854E
:1022C00093854183EF1010634A85EFF05FBBA5B3A0
:1022D0000946E312C7D603C75B00E31ED7D4034702
:1022E0002800E30A07D40324090288472EC22314D6
:1022F0000400EF10C057924508CC4A8598399C29B4
:1023000022075D8FBC29C2075D8FBC39E207D98FD8
:102310005CCCEFF09F9005B313074003E382E7E046
:102320006360F7020547E388E7D0E38907E20D47DA
:10233000E383E7D013073003E38FE7CE0147A9BB60
:1023400013076003E380E7E0E3E7E7DE1307A0039A
:10235000E380E7E01306B0030147ADB3185139C776
:10236000EFE2EF9A5C33954663E4F6028D4663F440
:10237000D70295C7B14663F6F602B7C5000037C568
:1023800000009385057213050549EF80105201A0E6
:10239000A946E391D7FE23030700EFF03F9D6FE0CE
:1023A0004F9923030700EFF09FADD5BF8280EFE286
:1023B0006F94411111E937C500001305054FEF80F7
:1023C000D04E41016FE04F960051AA897DD8583018
:1023D000A147E318F7FE98415C4CE314F7FEB145C2
:1023E0002285EFF02FB09306E1001146A2854E85BD
:1023F000EFF02FEEAA8421CD0329450028879146CE
:102400001309090F13062003CA85EFF0AFCB2A8A00
:102410006887484CEF10A0452A86CA855285EFF0A0
:102420002FD02686CA856887EFF0EFAC37050020ED
:102430000325050F938741834E8793063004138647
:102440008183A685EF60E0112685EF2020067C20A1
:102450001307F00F6384E70085077CA0D1471EA413
:102460008DB7EFE22F8900514111AA899545228548
:10247000EFF04FA79306E1000D46A2854E85EFF0E1
:102480004FE571C144412A8928879384040F894606
:1024900013069003A685EFF0EFC203D66902A68566
:1024A0006887EFF0EFBD8D4613067003A685688739
:1024B000EFF04FC16887014713083004938601830A
:1024C0000D463C876374F800EFF0EFC3B385E60078
:1024D0008C21138517004205A69741818CA368873C
:1024E0000507E310C7FEA6854A86EFF0CFA0B70721
:1024F000002003A5070F4E879306300413068401BE
:10250000CA85EF60E019AA844A85EF10307A7C20F2
:102510001307F00F6384E70085077CA07C20254724
:102520006365F7021307007DB387E702C207C18323
:102530001307401F9387371FB3C7E70226851EA4E2
:1025400041016FD07FFEFD54D9B79567938707E2AD
:10255000C5B705C11C51014591CFDC33294705455D
:102560006386E7001385C7FF133525001375F50F44
:10257000828001458280EFD2FFF70051411161C096
:102580005C30D5CF1C4C232E0400232C04002320C8
:102590000402232204022328040223260402232403
:1025A00004022317040023280400231A0400AA8429
:1025B0003EC64537814559C52285EFF0AF92930657
:1025C000A1001D46A2852685EFF0AFD02A8929C932
:1025D00083294500288591469389090F13066003D6
:1025E000CE85EFF02FAE2A8A68853245EF1020287D
:1025F0002A86CE855285EFF0AFB24A86CE856885B1
:10260000EFF06F8FB707002003A5070F268793060B
:1026100030047000CA85EF60A0084A85EF10106989
:102620009386418313864183268593854183EF10EA
:10263000702C5C2089C7EFF08FBD2302040041019C
:102640006FD09FEE2285EFF0EF89E5B7EFD23FEC38
:1026500019E937C500001305054FEF8010254154D7
:1026600022856FD01FED8347F502AA84858B91E701
:1026700037D500001305858ACDB77A319307F0234B
:102680000329050263E4E7007D54D9BF631F0902F3
:1026900013054003EF1080742A897DD588D0130676
:1026A000400381454A85EFD09FE9EFF0AFBA2A8415
:1026B00061FD85472302F90083C7F402918B81EF06
:1026C00089454A85EFF00F8261BF83474900E1DB0E
:1026D000EFF0EFB3E9B72685EFF06FFA2A8449D11E
:1026E0002685513D55B7EFD21FE0B707002083A4E0
:1026F000C7148969411193890971138A0183B70A43
:10270000002081E441016FD09FE1805005C0583026
:1027100011CF562891CE3E288507C207C1833EA817
:102720006398F6002685813D26850D378440D1BF0C
:102730001E28638F070E9386F7FF16A885466399B8
:10274000D70EA947E3E4E7FE9307204333D7E7001A
:10275000058B69DF91452285EFE0DFF89306E10004
:102760000D46A2852685EFF0CFB6AA8B41C103297D
:102770004500288789461309090F13069003CA8567
:10278000EFF04F94F230CA856887EFF06F8F8D4677
:10279000CA85130670036887EFF0CF9268870147F8
:1027A000930530048D463C8763F4F500EFF0AF9558
:1027B0003306EA001022138517004205CA974181AB
:1027C00090A368870507E310D7FE5E86CA85EFE011
:1027D0009FF203A50A0F2687930630041386818390
:1027E000DE85EF50F06B5E85EF10504C7C201307B8
:1027F000F00F6384E70085077CA07820A546CE878C
:1028000063E8E6009307803EB307F702C207C1837F
:102810001307401F9387371FB3C7E7023A281EA448
:102820005E28998F0547E353F7F085871EA8FDBD05
:102830007E24E38D07EE9386F7FF76A48546E39723
:10284000D7EE9376B70F6385F600A947E310F7EE4E
:102850002685EFF01FC13A285E24998F0547E3577C
:10286000F7EC85877EA4D9B5EFD2DFC8B707002083
:1028700003A4C714854431499949214A8D4A154B0F
:1028800019E06FD07FCA1C5091C79A2763F6E40005
:102890007D179AA70040EDB7E31E97FED833239427
:1028A000070063042701631637012285EFF02FDD4F
:1028B000D5B7631F9700FC2322856365FB00EFF00B
:1028C000CFB5C9BFEFF03FCB2285EFF03FD8D9B7E6
:1028D000631C4701FC23228563E5F400EFE09FE5DC
:1028E00055BFEFE03FE87DB7E31657FBFC23228599
:1028F000E3EEF4FAEFF08FC771BFEFD25FC1AA84A5
:1029000061473387E402938781A24111138481A236
:10291000BA978C43A1C1C84103A9050001EDB7D501
:10292000000037C500009385059113050549EF8028
:10293000C07701A02EC6EF107037B2452145EF10C9
:10294000606BCA85E31909FCE147B387F402A297DB
:1029500023A0070061453385A4021946938581822F
:102960002295230A050023190500232405002322AC
:1029700005003105EF80406841016FD09FBBEFD269
:102980007FB7938681A28142814F014FA94EA9480A
:10299000294429478147938481A22943854303CE53
:1029A0004601631D6702630C0E0801CD0329050073
:1029B00003A846006317090155CA03A886006307E8
:1029C000C80A03D8260163177E0603AE0600630E0D
:1029D0000E046367E801428FBE8E19A0E3170EFC58
:1029E0008507139807011358080193170801E1069A
:1029F000C187E31668FA8547639AF504B2892A8984
:102A0000631D6706630FE402E147B307F402A6976C
:102A10009C43ADC3B7D5000037C500009385C58C76
:102A200013050549EF80606801A0E36BF8FBC28FD6
:102A3000BE887DB7E36658FAC2823E8455B73E87AA
:102A400045B763988802768463961E03FD5739A8BC
:102A50006305090083260900D4C3E147B307F702E1
:102A6000BE942399040023A43401BA873E856FD015
:102A7000BFAB4684228551352287E147B307F70271
:102A8000A697D42BF1D6B7D5000037C500009385A3
:102A9000458E13050549EF80406101A0EFD2BFA428
:102AA000411101EDB7C5000037C500009385054F02
:102AB00013050549EF80605F01A02A892E8AB28A3A
:102AC000F145130600283945B68CBA8B3E8C428BF3
:102AD00046C6EF10D027AA8445CD3A25ED47B24827
:102AE00063EDE700B7D5000037C500009385C59CAE
:102AF00013050549EF80605B01A040414685EF006A
:102B0000305668A0218168B08349E9029947638DF6
:102B1000F900B7D5000037C50000938505A013055F
:102B20000549EF80805801A01946E6851305840009
:102B3000EF80804C1946E28513052401EF80C04BDD
:102B40001146DE851305E400EF80004B1146DA855F
:102B500013058401EF80404A85471CB0A1473CA083
:102B6000056791475CB013076780D6865286A685B5
:102B700023000400A3010400230234014A85EFE08E
:102B80005FAF2685EF109012014541016FD03F994C
:102B90007D55E5BFEFD23F95411191E937C5000062
:102BA0001305054FEF80605041016FD05F9744419E
:102BB000AA899C309820A207D98F1307001063912F
:102BC000E702D8209947631DF700D8309147631971
:102BD000F700BC30B820A207D98F21476386E700F1
:102BE0004E85EF10B00CC9B72E8411469385E400D2
:102BF0002800EF8060401146938584016800EF80D3
:102C0000A03F5C4081C732476384E702814A09499B
:102C10000347E40299476300F702B7D5000037C5C0
:102C200000009385059413050549EF80004801A035
:102C3000854A0549F1BF2245138A840015E1FC301D
:102C4000F820A207D98F13070010638DE708130738
:102C50000020E397E7F82C002285EFF04FF549B705
:102C6000A285EF00B03161FDA2471307000E93F774
:102C7000070FE386E7FC2286CA852800EFF03FD0E5
:102C8000E34F05FAE147B307F502138781A28946AE
:102C90001946D285056B130C8402130B0B80330984
:102CA000F700B107230AD900232489003305F70070
:102CB000EF8080342319090083250900C9D19C4184
:102CC00083AB450021452320F900EF10A0325A873D
:102CD000D2866286DE852285EFE0BF995E85EF10A1
:102CE000E07CD9BFE38E0AEE93068402894813087C
:102CF0008100D287130744005286B6852285EFF003
:102D0000FFD9F9BDEFD2BF80930685022E88854892
:102D1000938781821307450013860182B685EFF001
:102D2000FFD76FD01F81EFD20FFC138481A28144A3
:102D3000130AB012854A0D4B1149894B114CA94910
:102D4000582819CF3E288507C207C1833EA863666D
:102D5000FA00631D57016375F9022685EFF0FFB98C
:102D600085046104E39E34FD6FD06FFB631567013A
:102D7000230A8401F5B7E31527FF230A7401CDB7B1
:102D8000084493054400BD3FE1BFEFD2AFF6E147F1
:102D90003306F6022E8A938581A20547B384C500C7
:102DA000DC28636DF700B7D5000037C500009385B8
:102DB000059713050549EF80402F01A01304C600B5
:102DC00009472A892E9493098502639DE700BE284E
:102DD0001307C0116373F7021106B295253719E185
:102DE0008D47DCA8056713070780A2864E86D2852B
:102DF0004A85EFE01F886FD02FF31307D010E373DD
:102E0000F7FE11063388C500854893878182130732
:102E10004500CE862286CE85EFF05FC8C9B7EFD2D7
:102E20006FED2E8AAA89AA8503250A0041113284F2
:102E3000EF00D0146313051483270A001307000E54
:102E400093F6070F638BE612638907124E8685455A
:102E50005285EFF0DFB2AA846357050062056185F1
:102E600041016FD06FEC9307E00763DDA700B7D592
:102E7000000037C500009385059A13050549EF80CA
:102E8000C02201A061473307E502938781A213891D
:102E900081A2BA97D82B631B07100547D8AB23A490
:102EA0003701854AD2854E85EFF0DFE509EDE14730
:102EB000B387F4020547CA97D42B6396E600639460
:102EC0000A002399070049DCE146B386D402B30720
:102ED000D900D82B854763F2E702B1060567B7072B
:102EE000002013070780CA9613868902A2854E85A3
:102EF00023829710EFE0EFF7A5B7E313F7F6A28769
:102F0000B6279A27639FE600984301CFB7D5000004
:102F100037C500009385059B13050549EF80E01830
:102F200001A0D8271377070439EB9C43F1FB2285D6
:102F3000EF101004A9A8850736871443EDFE08C3D7
:102F400009476367F700014521BF2E878547F5B71D
:102F5000E147B384F4029C41C8412EC62699232040
:102F6000F900EF10A054B2452145EF10A008E1BFD1
:102F70002285EF10A0537D55E5B54155D5B5228684
:102F8000930500283945EF10702E2A846DD5214510
:102F9000EF10200371DDE147B387F4022320050021
:102FA00040C1CA978C43D5F188C371BF7D55E31DDD
:102FB00004F0814AC5BDEFD28FD5411101EDB7C5EF
:102FC000000037C500009385054F13050549EF80C4
:102FD000C00D01A02E8981EDB7D5000037C50000D6
:102FE0009385459613050549EF80200C01A0B28416
:102FF00001EEB7D5000037C5000093850592130593
:103000000549EF80800A01A02A84AA850842EF00C2
:10301000E07669ED9C401307000E93F6070F639A64
:10302000E60285477C849307E0055C859C3034008C
:1030300093F7F707DC85BC205C86BC30DC8605672F
:103040001307078013068402CA852285EFE06FE22A
:10305000B9A8584014443D8F758F09CFC207416706
:10306000C183130797EA6387E7005C447155A1C3E6
:103070009304C400B706002003C64610E145B3051B
:10308000B602138781A293864610938781A22E975A
:10309000482B854563F0A5020C47639D85008C4055
:1030A00058436399E500CA852285EFF01FCE4101A0
:1030B0006FD02FC8014685452947C82B63FCA50062
:1030C00088476319850003A80400C8436314A80057
:1030D00090A2D1BF05061376F60FE107E31FE6FCC9
:1030E0004A86A6852285EFF09FD3D1B793860182C9
:1030F000B9B7EFD22FC0138781B2032B87004D479A
:103100002A8483490B0093F9F9008A09637837050B
:1031100036250D476374D704584114232147639F14
:10312000E602938A81B203A54A011307000E937643
:10313000050F6385E602AE8483A581B2812519ED72
:103140001A249D4763FCE70091C4DE3013974701C2
:10315000635B07002285EF00B00711C52285EF10E1
:10316000E0346FD06FBC138AE90013990901D2854E
:10317000228513590901EF10002B630805121E2444
:10318000B3852701C205C181E3EAF5FC13060028D7
:103190003945EF10C03B2A8A71D13A2593878900BF
:1031A0006375F700EF10803055BF4841DA854E86D1
:1031B000EF709064CE855285EF10C02701CDB7D552
:1031C000000037C50000938505A713050549EF707A
:1031D000D06D01A0A2855285EF10607519C152858E
:1031E000D1B72285EF10802C5284CE852285032A08
:1031F0004400EF1040233DF183C74A018329440076
:103200002386F90083C75A01A386F90083C76A01A0
:103210002387F90083C77A01A387F90083C70A01CE
:103220002388F90083C71A01A388F90083C72A01FC
:103230002389F90083C73A01A389F90023000A0012
:1032400081C4DE30A18BC1C783473A0003472A00FF
:10325000A207D98F41675D176379F706A507C207F3
:10326000C1832301FA00A183A301FA00FD5723843F
:10327000F90023850900A385090081C4DE30858B10
:1032800091CBCA854E85EF0060732385A90021810B
:10329000A385A9002688854701479306F00F0146BC
:1032A0009385C1B322856D2955BDD2852285EF1046
:1032B000601805DDB7D5000037C50000938585AAE5
:1032C00013050549EF70705E01A0A10749BF2301F6
:1032D0000A00A3010A0059BFEFD2CFA1835985008C
:1032E000ED4701112A842E8A63F33701F1491389CE
:1032F00089009315090113060028C18113052002D6
:10330000EF10E024AA844DC13E2563FD2701B7D507
:10331000000037C50000938545A413050549EF70EB
:10332000D05801A00329440040418D474E861CA07F
:10333000CA85A300440123020400A302040023035E
:103340000400A303040013058400EF70F04A034750
:10335000D9008347C900680822075D8F8347E900C9
:10336000C2075D8F8347F900E207D98F3ECE8528DB
:103370002A8805C95E3123010400A3010400A18B42
:1033800089CBAE242AC62285152D324828A021815A
:1033900028B0854701479306F00F700881452685C0
:1033A000C1262685EF10801005616FD0EF97834707
:1033B000F502858B95C35841AA85014505C383A7AE
:1033C000C1B30545630CF700EFD26F943E857D26AF
:1033D0003335A0006FD0EF95014582808280B7071A
:1033E000002083A7C71495E7370700200327871419
:1033F00019CF8346F7021546958A639AC60054434F
:1034000099C610219306F0076303D600BA873E855C
:10341000828083C6F70213F716000DC313D7260068
:10342000058B09CFD84319CB10418C47318F6D8F55
:1034300079DF898A81E6D847E30BE6FC9C4365B7D0
:10344000EFD24F8B40419147AA89834A040013D79A
:103450004A006308F7004E85EF10400501456FD024
:10346000AF8C3C302820AE84A2075D8DD52E93FA18
:10347000FA0083D789008A0A13990A0113590901AE
:103480002A8A6376F500AA854E85EF10602383D7DC
:10349000A900E3E227FD83D78900E3EE47FBCD4790
:1034A000E3FB27FB89C4DE3093F7071089C7CA8581
:1034B000228529234DF118381C2822075D8F3C28CE
:1034C000138681B2138981B2C2075D8F3C38E2074F
:1034D000D98F5CCA5434582493F7070FA206D98EAB
:1034E00078244207D98E78346207558F18CA13079B
:1034F000000E6395E70883C7F402858B99E71834BB
:10350000C5476309F70A014A21A0DC40EDDB268AA2
:103510000325090101CDA685952415FD8327090101
:103520001307000E93F7070FE387E7F2E3050AF2AC
:103530007C20783093F7F7032207D98FE39D07F0BB
:1035400023A441B323229900232489001C20D6857B
:103550004E85BD8B8A072316F900EF00B06D1C3431
:1035600019476387E70845476383E706054763967E
:10357000E708A6854E85EFF0DFB7B1A82685EFF006
:103580001FE31DE5034749019307F007E309F7F639
:10359000B707002003AAC714E3030AF663159A00CD
:1035A000032A0A00D5BF5285EFF07FE075D98DB7A9
:1035B000B9FCB1B7330754013C3334231167A20778
:1035C000D58F13070740E390E7F4268A85B7A685D1
:1035D0004E85EF40305223A401B223220900232458
:1035E00009002316090023280900232A0900BDB574
:1035F000A6854E85EF20D07CF9BF03254901D285F1
:10360000B52A0DE1832749011307000E93F7070F31
:10361000638AE700D6854E85EF00906789454E8521
:10362000EFF09FCB4E85EF00706875B7EFC29FEC4F
:10363000AE8A6C25328905460111638DC500B7D568
:10364000000037C500009385C5AD13050549EF702F
:10365000D02501A03EC63AC436C2AA84C289630EF0
:10366000090CD145EF00305C92462247B24709C5AC
:10367000795505616FC05FEBAE244D46636DB600B2
:10368000B7D5000037C50000938585AE1305054901
:10369000EF70B02101A0C040370A0020130A6A1061
:1036A00014A41CB4834709001CA8834719001CB844
:1036B000834729003CA88347390018B03CB89307DA
:1036C00050041CA08A24692A28A0218128B003550F
:1036D0000A0023030400A3030400592283570A00AD
:1036E00048A02181850748B02310FA0063940A049A
:1036F00083A7418313D787005CA458B413D707016D
:10370000E18378A47CB423050400A3050400638648
:10371000090083D74902858B99C7D1452285792C29
:1037200028A4218128B483A749014A86A6854E850D
:10373000829781B783A70A0075BF3A25CD47E3F981
:10374000E7F254411309C101983A9C2A22075D8F80
:10375000BC2AC2075D8FBC3AE207D98F3ECEE1B7E3
:10376000EFC2FFDA01CA89C583A805006394080087
:1037700093054800EFF09FEB6FC0BFDB9306F5FFAA
:103780007557AA876366D70203C7F5020145098BFF
:103790000DC3D841630FF70094453D8F758F11EB32
:1037A00093C6F6FF33F5F600158D133515008280AC
:1037B000054582801C414111AE8E3EC60145740014
:1037C000294FA5429303F00F930FE00203C80600B0
:1037D00081473373E80393080101BE98138E1700E5
:1037E000137EFE0F3357E80313030303238C68FE95
:1037F0001377F70F63E7020398A22A8876870505F7
:10380000639477026353C8042300F70185061C08FC
:10381000930E1700E39CF6FA230007002E85410162
:1038200082803A88F28775B79388F7FF93F8F80F8C
:10383000635DC80013080101C29783C787FF0507AE
:103840002A88A30FF7FEC6875DBF0145C9BFEFC237
:103850001FCC4146938581B1EFF0DFF56FC07FCD7E
:103860009317850021815D8D420541818280135728
:10387000850193178501D98FB706FF0013178500BF
:10388000758FD98F4167130707F02181798D5D8D81
:1038900082804111231701009376150099C6635663
:1038A000B0001C21FD150505DC8781470547634EE7
:1038B000B7026394E50018215887288741677D1770
:1038C0003E9593570501798DAA9713D50701F98F76
:1038D0003E9581CA9317850021817D8F1375F50F61
:1038E000598D420541814101828009050356E5FF5A
:1038F000F915B2976DBFEFC2FFBF18439442C1677D
:10390000FD173374F70041833A9433F7F6003A9485
:10391000C182A29613D40601FD8EA29613D406018D
:10392000FD8EAA892E8A32893694814ABE84639696
:103930000904638B0A004167931784007D17218077
:10394000F98F1374F40F5D8C5285EFF07FF1AA8428
:103950004A85EFF0FFF02695C167FD172A941355AD
:1039600004017D8C2A94135504017D8C2A941345FF
:10397000F4FF420541816FC03FBB83D5A90003A579
:103980004900EFF01FF12A9493570401658C3E948F
:1039900083D7A900858B91CB931784002180E58F75
:1039A0001374F40F93CA1A005D8C83A9090041B700
:1039B000EFC2FFB5EFF03FF46FC0BFB7EFC23FB546
:1039C000EFF03FED1345F5FF420541816FC07FB633
:1039D000EFC25FB24169AA84814901447D1995E033
:1039E000638B09004167931784007D172180F98F4D
:1039F0001374F40F5D8C1345F4FF420541816FC0D1
:103A0000BFB2AE24C840EFF0DFE82A949357040118
:103A1000337424013E94BE24858B99CB9317840084
:103A20002180B3F727011374F40F93C919005D8C3B
:103A3000844075B7EFC2BFADEFD0AFD119289D2339
:103A40004D2DEF40B009EF10600CEF40E07A6FC0F1
:103A50005FAEEFC2DFABB70700209387373CF19B27
:103A6000370700202328F71009679306078094C3BF
:103A700037060020BE96232AD610B72600183E9798
:103A800023820700938606802320D78037050020F5
:103A900085462302D7801305C5103707002023244D
:103AA000F710EFD0AFCD01CDB7D5000037C500007E
:103AB000938585BE13050549EF70205F01A06FC097
:103AC0005FA763080518EFC2FFA2937735002A8429
:103AD00081CFB7D5000037C50000938585B11305A8
:103AE0000549EF70805C01A0B70900209389091196
:103AF00083A70900930485FF63ECF400B707002057
:103B000083A647111307C5001389471163FDE6001B
:103B1000B7D5000037C500009385C5B31305054927
:103B2000EF70A05801A0370A00201305CA10EFD08B
:103B30000FC88347C4FF81EFB7D5000037C5000029
:103B4000938585B513050549EF70205601A083576D
:103B500084FF096713070780636AF7028356A4FF8F
:103B60006366D70203A709003386E4404206418218
:103B70006306D600BA969622639AC600832509008A
:103B8000BA976380B702B623638DC600B7D500002D
:103B900037C50000938505B813050549EF70E0505F
:103BA00001A0B706002003A58610230E04FE93860D
:103BB000861063F3A40084C263FDE400B7D500005F
:103BC00037C50000938545BB13050549EF70E04DEF
:103BD00001A063EDB400B7D5000037C500009385A0
:103BE000C5BC13050549EF70404C01A06385F40284
:103BF000C82315E16381B7028C426393B70084C286
:103C00008E23231CB4FE9E238965938505806384DF
:103C1000B700BA97B2A30356A4FFB307C7006384E3
:103C2000F402CC238DE18C426393B4009CC2835692
:103C300084FF96A3835684FF8967938707806384F4
:103C4000F600369732A31305CA10EFD00FBC6FC031
:103C5000BF8D8280EFC21F8A1384350071984204A1
:103C60004180AD47AA8463F98700896793870780FD
:103C700063F587008144EDA83144E36DB4FEB709D4
:103C800000209389091103A7090063E8E400B7073E
:103C9000002083A7471163EDF400B7D5000037C5B6
:103CA0000000938505C813050549EF70004001A089
:103CB000938784FF03D984FF998F139A0701135ABE
:103CC0000A01611933094941420913590901637D08
:103CD0008900B7D5000037C50000938585C9130555
:103CE0000549EF70803C01A063048908B70A0020F1
:103CF0001385CA10EFD0AFAB83D684FF83A709002A
:103D00003386D700582225EB896593850580639D0E
:103D1000B600B7D5000037C50000938585CB1305E5
:103D20000549EF70803801A0B706002013078A000C
:103D3000938686103A9403A80600420441800E221E
:103D4000338787006313C80098C2230207000EA3BD
:103D500023114701239C84FE1A23896693860680DB
:103D60006304D7003E9722A31385CA10EFD0EFA9B2
:103D700026856FC06FFB13074401E367E9FE130755
:103D80008A003A9409664204130606804180639DC6
:103D9000C600B7D5000037C50000938585CB130555
:103DA0000549EF70803001A0370600201306861009
:103DB0000C42338787006373B70018C216A323022F
:103DC000070023114701239C84FE1A2389669386EA
:103DD0000680E30BD7F8BA97A2A379B76303051659
:103DE000EFC2EFF213043500719842044180AD47F1
:103DF00063FA870089679387078063F68700014528
:103E00006FC02FF33144E36CA4FEB7040020138588
:103E1000C410EFD0CF99B70600203707002083A742
:103E20008610032E07110966130606803387C741E3
:103E300042074183268593888610B30586406153E7
:103E40006367B7001305C510EFD02F9C4DBFB304B7
:103E5000EE00D42003D80400FDE2B306E340C2968E
:103E600063EF860C9305440163EFB6069306840066
:103E7000BA96C206C182639DC600B7D5000037C599
:103E80000000938585CB13050549EF70002201A042
:103E9000B305DE0023900501BAA123820500054782
:103EA00096A0D8A09A216304C700729736A3370959
:103EB000002013094911639E970283260900D82325
:103EC00019C36395F60223A0F8006384F60215C3B4
:103ED000B7D5000037C50000938545C013050549D7
:103EE000EF70A01C01A00547D8A0D1B79E23F29780
:103EF000F9B71305C510EFD04F91832709002104AE
:103F0000269463FD8700B7D5000037C50000938570
:103F100005C213050549EF70401901A093F734005D
:103F200013858400E38E07ECB7D5000037C5000089
:103F3000938505C513050549EF70201701A0428739
:103F400001B701458280EFC28FDC2A84EFD06F81F8
:103F50001C4080430DC0184098C39377340081CF34
:103F6000B7D5000037C500009385C5CC13050549BA
:103F7000EF70A01301A0EFC0BFFF22856FC06FDB01
:103F80001C45544572218D0723A00600F19B014773
:103F90006343C70082808C4205078CC34E219CC2BC
:103FA000AE97FDB7EFC2AFD635641304C4E09304F7
:103FB000040308401104EFF0BFFCE31C94FE6FC043
:103FC0004FD7EFC2CFD4AD4763FBA70037D5000072
:103FD0001305C5DEEF70600D01456FC08FD59317D7
:103FE000250035651305C5E03E9508413105EFF024
:103FF0009FF5E5B7EFC2AFD1AD47411163FBA70015
:1040000037D50000130505DBEF70200A41016FC0B2
:104010004FD2EDDD93F7350081CFB7D5000037C51E
:1040200000009385C5DC13050549EF70000801A069
:104030009317250035651305C5E03E9500412EC652
:10404000EFC03FF25C44B245984398C18CC3EFC0C7
:104050003FF26DBF51558280EFC26FCB01EDB7D5F6
:10406000000037C500009385C5F513050549EF70BD
:10407000C00301A00347F502954613765700631C61
:10408000D600858989C9544199C6218B09C79305F2
:104090004500EFE03FC76FC0CFC9EFC24FC7011166
:1040A00081EDB7D5000037C500009385C5F4130531
:1040B0000549EF60907F01A05C4198412A84AE845D
:1040C00001456305F7021CC232856C083ACE32C640
:1040D000EF00106E32466C083285EF4060719C40F4
:1040E000228585455CC0EFF03FF7054505616FC04F
:1040F0004FC48280EFC2AFC10111AA8432892E84DD
:1041000099E113844183631409001389418399E27F
:10411000938641831C4099C3814709A87008A285F2
:10412000268536C6EFF07FF7B2468547032709009C
:1041300090446303C70098C49842D4446303D700F3
:10414000D8C491E77008A2852685EFF01FF50561B8
:104150006FC02FBEEFC2AFBB41112A8419E937D51A
:104160000000130585ECEF605074228541016FC09B
:104170004FBC89EB37D50000130545EEEF60F072B8
:104180000144E5B799E19385418319E213864183A0
:1041900099E293864183B704002037450000130558
:1041A000450558CC03C7041548C841657D1548D05E
:1041B0002309E40223280401228523220400232466
:1041C000040023260400A307040223000402A30022
:1041D000040223010402A30104023EC6EFF09FF192
:1041E000B247228593840415829759F9B7070020B6
:1041F00083A5C7141387C7141305F00F834724033F
:104200006394A70023090402AE871306001099EFF8
:10421000834724031306E00F81466385C7008507A3
:1042200093F6F70F0CC094A000C381B7631DF40090
:10423000B7D5000037C50000938585F01305054903
:10424000EF60B06601A07D1601EEB7D5000037C55E
:1042500000009385C5F113050549EF60106501A0C5
:104260000348240383C627036396060185062309B2
:10427000D40269B79C4361BFB707002023A4A714E9
:104280008280EFC2CFA809E937D50000130585FC6D
:10429000EF60B0616FC0EFA98347F50293F6170096
:1042A000F5FA93E71700A307F5028D45EFF0DFDA83
:1042B000D5B7EFC2CFA509E937D50000130545FAF8
:1042C000EF60B05E6FC0EFA68347F5022A8413F754
:1042D00047006DFB93E74700A307F502EFE00F8867
:1042E0008D452285EFF05FD7F1BF19E9EFC22FA20C
:1042F00037D50000130505F8EF60305B6FC06FA382
:104300008347F50213F7470009C7ED9BA307F502A2
:1043100082808280814711C5B707002083A7C71418
:1043200099E33E85828003C7270305071377F70FBC
:10433000E309A7FE9C43EDB7EFC26F9DEFC07FC2BC
:10434000B7070020A3880714EFC09FC2B70700205B
:1043500003A5471509C53C5D89C7EF00101D6FC057
:104360004F9D4845C5BF11EDEFC26F9AB7C500001C
:1043700037C500009385856813050549EF60F05245
:1043800001A04167AA87054563F6E5040145B9C167
:104390009A2793960501C1823697420741830545C6
:1043A000636AD7020385C700635B0500D0430545F8
:1043B000B305B6401386070163F8C5008280054542
:1043C00011CAD043B305B640B227CCC39AA7B29660
:1043D000B6A701458280EFC28F931374F6FB854721
:1043E0004111630DF400B7D5000037C50000938577
:1043F000450313050549EF60504B01A0AA842945E8
:1044000032C62EC4EFF0FFBB01CDA24532462320B9
:10441000050044C10EA52EA550A5A306050062A562
:1044200041016FC00F91EFC28F8E0146EFF0BFF3D5
:104430006FC02F90EFC2AF8D01EDB7C5000037C53B
:1044400000009385856813050549EF60104601A0BB
:104450004167AA87054563F1E502014591CDBA2779
:1044600093960501C182637BD70037D50000130501
:10447000052AEF60904305456FC0AF8B158FD04381
:10448000BAA79A27B295CCC3158F9AA70145EDB765
:10449000EFC2EF8763D80500B305B040EFF09FF996
:1044A0006FC02F890546EFF01FECDDBFEFC28F8490
:1044B000411115C5AA858144094985492EC6EFC019
:1044C0005FAAB245E0251DE4B7D5000037C500005E
:1044D0009385452113050549EF60303D01A0B7C51F
:1044E000000037C500009385856813050549EF6016
:1044F000D03B01A07D141374F40FE0A52EC6EFC0CD
:104500003FA715E0B2452D45DC258041BD8B638575
:104510002701639E37012945EFF0DFAD850493F451
:10452000F40FA28541FC268541016FB0FFFF89E7AA
:104530002E85EFF00FD9DDB7B7D5000037C50000E5
:104540009385C52213050549EF60303601A0EFB20F
:104550007FFA9307100441116306F60863E0C7026F
:1045600085476301F608B7D5000037C5000093857D
:10457000850113050549EF60503301A013140501AF
:104580009307201841806307F60693070028E31C71
:10459000F6FC0D04938735007198F19B3E9442041C
:1045A00041802A891305040142052EC641816364B6
:1045B000F40A6362F50AEFF07F82AA8405C9420912
:1045C00013590901B2452A994D09C1671379C9FFE9
:1045D0009387070823200500232225010EA52EA579
:1045E0005CC529A00145EFF01FDFAA8426854101A3
:1045F0006FB09FF3416981498144130A0020130978
:104600002908930A00202D452EC6EFF09F9BB24546
:1046100029E53704002013041415EFC09F940349C3
:10462000040085471CA01379F90FEFC07F94631035
:10463000090237450000814513058533EF40A03E50
:1046400019C5EFC01F9223000400EFC07F9281C400
:104650002685EFF0BFE5814451BF130734009377FF
:10466000C7FFB307FA40BE86C207C18363F3F500F4
:10467000AE862A944D047198939706012320050075
:1046800040C10EA536A523262501719BC183631D5C
:104690005701B7D5000037C50000938545FE1305C7
:1046A0000549EF60902001A091C823A0A9009D8D2D
:1046B000C205C1810144AA89B9F50DBFAA84C5BF4D
:1046C000EFB2FFE401EDB7D5000037C500009385D8
:1046D000052413050549EF60501D01A01E252A84FD
:1046E00063FDF506AE84B387F5402E2463EC950296
:1046F0005C24BD8BB9EB638A95044C402285818D87
:10470000A695C205C181EFF0EFD42A841DEDB7D57F
:10471000000037C500009385052713050549EF60A4
:10472000D01801A01A248D8CC2043E971AA4004010
:10473000C18045FCB7D5000037C5000093858525AD
:1047400013050549EF60701601A0084026A406A4D1
:1047500019C1EFF0BFD5232004006FB09FDD814762
:1047600019E13E8582808507C207C1830841CDBF1C
:1047700015C9EFB2DFD92A84EFC0AFFE7C248507CC
:104780007CA4EFC0EFFE7C2481EFB7D5000037C5D5
:1047900000009385C52813050549EF60101101A09D
:1047A0006FB03FD98280EFB29FD611C189ED37D566
:1047B000000013058504EF60500F6FB09FD796255A
:1047C00036971AA53E851C411A25F5FB3E25638DBB
:1047D000E700B7D5000037C500009385050813052D
:1047E0000549EF60900C01A09A250CC1BA971EA54F
:1047F000E9B7EFB2DFD12E84EFF0FFFA2285EFF0B8
:104800003FF76FB01FD3EFB2FFCE411191C59E2588
:104810002E84328963FCC70037D50000130545128A
:10482000EF60B008415541016FB01FD0AA8419C58F
:104830001A25B387C60081496357F70037D50000B2
:1048400013058515F1BFBE243A24958F33073741F0
:104850006373F700BA874A8A6366F900139A0701FF
:10486000135A0A01C8404C4052863695CE9536C63A
:10487000EF608078B246BE24330949414209D2969E
:10488000D2991359090163FDD700B7D5000037C588
:1048900000009385851813050549EF60100101A0FC
:1048A0003A24637D3701B7D5000037C500009385F2
:1048B000051A13050549EF60407F01A0631637070D
:1048C0000040814935E06305090437D50000130530
:1048D000C51BB9B799C4BA249E246314F7009C4041
:1048E00091EFE31209F601453DBF81466DD4814643
:1048F0003A241E24E310F7FE1C40E9DF37D5000000
:104900001305C51DEF60607A695531BF6DF0E1BFD9
:10491000CA89E392D7FC8440E9F8E30909FE37D558
:1049200000001305C51CEDBDE394D7FCEDB7EFB255
:104930001FBE91E937D500001305450CEF60E07606
:1049400041556FB01FBF92258146EFF0DFEBD5BF19
:10495000EFB25FBA19E937D500001305050EEF6015
:10496000C074014422856FB03FBC2A892E8AB2846C
:10497000014495E137D5000013050510EF60E072A2
:10498000D5B78355A90081CE63EBB6008D8EC206E4
:10499000C18203290900F9D4E31509FEE1B7958D19
:1049A000C205C181AE8963F3B400A689832549009D
:1049B000C20993D90901B69533058A004E864E94F3
:1049C000B3843441EF6040634204C2044180C1803B
:1049D0008146C1B7EFB21FB211E937D50000130508
:1049E000052CEF60806C41556FB01FB4AE8A91E525
:1049F00037D500001305852DEDB71E252A84328A90
:104A0000B284814963F5C70437D500001305452FEB
:104A1000EF60A0697D55C9BF01ECB7D5000037C56F
:104A200000009385453113050549EF60006801A03A
:104A30000359A40063F3240126894840B3853A0151
:104A40004A86EF60605B0040B3842441CA99E9F470
:104A50000145E38B49F9B7D5000037C500009385C0
:104A6000C53213050549EF60406401A0EFB23FAACB
:104A7000B2842E868E24EFF09FAD2A8405C1A685D0
:104A8000EFF0FFEA01CDB7D5000037C500009385F0
:104A9000050B13050549EF60406101A022856FB049
:104AA0005FA9EFB2DFA601EDB7D5000037C5000062
:104AB0009385454113050549EF60205F01A05849E2
:104AC00091472A846309F7009D476303F7028D46E7
:104AD0008147631CD700EF20704BAA8705E19547FB
:104AE0005CC82285EF20907C81473E856FB07FA413
:104AF000EF20D049AA8719E1A547DDB77D57E39696
:104B0000E7FE7E2C93E787007EACF9BFEFB23FA0B3
:104B1000EF60A06B4A05F17749813E952396A1800D
:104B20006FB03FA1EFB2BF9E58498547631DF700A4
:104B3000B7D5000037C500009385854413050549A6
:104B4000EF60A05601A0AA850545EFF0AFCA6FB08F
:104B50005F9EEFB2DF9B01EDB7D5000037C50000C7
:104B60009385C57C13050549EF60205401A0AA87F1
:104B70004E3514591055FA3B3385D5401308004083
:104B800032956374E80013070040420741833307FE
:104B9000E54063450700EEB76FB0BF993307D640D5
:104BA0006356E000239707020145FDB7918E4167E8
:104BB00063EDE600B7D5000037C500009385057F9B
:104BC00013050549EF60604E01A0F6B7F1BFEFB2E3
:104BD0001F9409E937D500001305455AEF60E04CF2
:104BE0006FB03F95584985472A84631DF700B7D5B4
:104BF000000037C500009385C55B13050549EF60CC
:104C0000C04A01A05A35856793870780BA95C205C7
:104C1000C18163E4B70063F3E500BE854EB422852D
:104C2000EFF03FF39307F01FE3FCA7FA7E2C2285F9
:104C300093E727007EACEF2070675DB70DC1EFB240
:104C40001F8DAA854841411109C52EC6EFF01F8668
:104C5000B2450D45EFF00FBA41016FB09F8D8280D4
:104C600011E18280EFB2BF8A0041EFF03FFD228563
:104C700065FC6FB01F8CEFB29F89411101EDB7D574
:104C8000000037C500009385455E13050549EF60B8
:104C9000C04101A02AC60D45EFF0AFB22A8401C978
:104CA000B2455146EF6040354840EFF07FAC228579
:104CB00041016FB01F8811EDEFB27F85B7D50000BD
:104CC00037C500009385054913050549EF60E03DB0
:104CD00001A0938781803707002088430327471668
:104CE0003A9588C3828011EEEFB27F82B7D500007B
:104CF00037C500009385054213050549EF60E03A8A
:104D000001A09DC1FE318DC393068002014763FA65
:104D1000F600938787FDC207C1833E876373F50062
:104D20002A8713150701418182803C5D99CBEFB240
:104D30000FFE2A843E85EFF0BFF2232C04066FB0ED
:104D40004FFF8280EFB2AFFC09E937D500001305B1
:104D5000C54BEF6080356FB0CFFD5C4905472A84B5
:104D6000E37BF7FE2947E388E7FE685D09C5EFF0BE
:104D7000EFF3232E04063C5C81C72285EFF0FFFA97
:104D80002858FD575EB8EFF0BFED6858EFF05FEDC3
:104D900023280406232A0406231604066DBFEFB257
:104DA0000FF781EDB7D5000037C500009385854D1D
:104DB00013050549EF60602F01A001EDB7D5000094
:104DC00037C500009385454F13050549EF60E02D79
:104DD00001A01C412E84639DF502DC451CC12326E5
:104DE00004002285EFF01FF65C4829476399E7022B
:104DF0003C58A1EF7C58ADC7B7D5000037C50000BF
:104E00009385C55213050549EF60202A01A0BA8792
:104E1000F9D7D847E31DE4FE5844D8C7C9B785443D
:104E2000638F97007E2C13F7170079D393E7270041
:104E30007EAC2285EF2090475C48E39B97FA232ABB
:104E40000400231D04006FB0CFEEB7D5000037C5B6
:104E500000009385455113050549EF60002501A029
:104E60003C5CF1DFB7D5000037C500009385855461
:104E700013050549EF60602301A0EFB2CFE609E911
:104E800037D5000013054534EF6020226FB02FE9BD
:104E90005C49854B2A84639D7701B7D5000037C5EF
:104EA00000009385053613050549EF60002001A039
:104EB0002947639DE700AA85370500201305C5161D
:104EC000EFF0FFED2285EFF0FFC5C9B7832A450556
:104ED000032B850283294509032A0501262DB5EBFD
:104EE000014991CC370700201307C7151C43639B6A
:104EF000A7045C451CC3232604008144014968586B
:104F000019C1EFF0FFD5285819C1EFF07FD5285C03
:104F100019C1EFF0FFD4630D09000358C401A6873F
:104F200013074400A2865A86D6852285EF20702A70
:104F30002285EFF03FBFE38B09F4CD55528582996E
:104F4000B1B7BA87CDDBD847E31D87FE5844D8C731
:104F50005DB72E89AA853705002013054515EFF0AA
:104F60001FE4B7070020238C771551BFEFB22FDA6B
:104F70008545EFF09FF06FB0CFDBEFB24FD92A84B9
:104F80000DE5B7D5000037C500009385C54513056D
:104F90000549EF60801101A098411C40C44563158C
:104FA000F7002E85EFF09FFCA685FDF56FB06FD85A
:104FB00031C5EFB2CFD518412A841DC7B7070020ED
:104FC000AE8483A54715EFF05FFBB707002083A5EC
:104FD000C7152285EFF07FFA81C89C4091C7B707BB
:104FE000002083A7071699E36FB0AFD4944318400D
:104FF0006394E600984098C3DC47F5B78280B70712
:1050000000203707002083A7471583254716014650
:10501000814691EB8DC6EFB28FCF81453685EFF09B
:10502000DFE56FB00FD1D84B6319A700D853338792
:10503000E5406364C7003A86BE86DC47D9BF8280FC
:10504000EFB2EFCC2A840545EFE0BFF7AA872DE940
:1050500037090020032549151309491569EDB707DC
:10506000002083A7C716B704002003A64416814674
:1050700093844416639C070C19C1EFF03FEF05457C
:10508000EFE03FF4AA870DED2545EFF05FF705450A
:10509000EFE03FF3AA870DE52145EFF05FF6054508
:1050A000EFE03FF2AA8709ED131784016187634897
:1050B000070A22875DE40545EFE0BFF0AA872DC906
:1050C0003E851306000A8145EFB06FC705671307D9
:1050D00007802314E506371700081307078058D503
:1050E0007D5738B519472312E5042311E504370726
:1050F00001027D1758D93707002003274716AA87D2
:1051000000AD58D137070020034797162301E50269
:1051100037070008050778C537570000130707341D
:105120002324E50837E76D00130707D0232CE50893
:105130003E856FB00FC07E2D444513F7870009C729
:10514000DD9B7EADEFF0FF95268509BFD853330771
:10515000E6406364D700BA863E85DC4721BF13076B
:10516000F0078326090003A804007D171377F70FC3
:10517000014691E6A9D33E85EFF05FDF2DBF8C2E6F
:1051800063E9E500639CE500C8523305A840636706
:10519000C500D0522E87B6873306C840D446D1BF4B
:1051A000EFB2EFB601EDB7D5000037C5000093852B
:1051B000C53B13050549EF50506F01A02A845C4997
:1051C000D1C911476385E7001D476395E708785CFF
:1051D00009E75A341307078035CF7E2CC18B81EF46
:1051E000B7D5000037C500009385C53D13050549B7
:1051F000EF50B06B01A03E2C0358C40110546C4812
:1052000013074400A2862285EF20A07C2285EFF0C0
:105210007FB337070020130747151C4363958702A8
:105220005C441CC3B70700200547238CE71483A701
:1052300041902326040063978704EF10D074014542
:105240006FB02FAFBA87F9DFD847E31D87FE584408
:10525000D8C7C9BF85446383970481CB0947638D51
:10526000E7082285EFF0FF83E1BF3E2C81CF3707AF
:1052700000201307C7151C43639B87005C441CC3B5
:10528000232604002285EFF0FF8955BFBA87EDDBA6
:10529000D847E31D87FE5844D8C7DDB7B567938765
:1052A000C74A9386C700D843184315EB9107E39C80
:1052B000D7FE37050020A28513050516EFF03FAE97
:1052C000584885476315F702B7D5000037C5000079
:1052D0009385853F13050549EF50305D01A00326F6
:1052E00007086314C4002320070858477DBFA28520
:1052F0000945EFE03FD0A1B737050020A28513058F
:105300004515EFF0DFA9B7070020238C97149DBF48
:10531000EFB2EF9F11E937D500001305453AEF5082
:10532000D05841556FB0EFA0584985476306F70044
:105330007E2D93E707017EAD8545EFF07FE6DDB773
:10534000EFB2EF9C411181ED37D500001305855870
:10535000EF50B055C1573E8541016FB08F9D2E85EE
:1053600019CA0E2632C6EFF09F8632463285EFF01C
:10537000EF938147CDB78147F9FEEFF07FF9AA8718
:10538000D9BFEFB22F9719E937D50000130505569D
:10539000EF50B051C15426856FB00F990329C5074E
:1053A000832785082A848349D900232E0506814650
:1053B0004A86AA8585CF08498297AA8405ED93F984
:1053C0000902E38A09FC5E341387078019C3850745
:1053D0005EB483278408E1D3084881460146A2854C
:1053E0008297CD57E319F5FACD5475B70145EFF023
:1053F0003FF5E1B7CD57E309F5FE232E2407ED5421
:1054000059BFEFB22F8FB7040020138794161C23C7
:1054100093849416370A002085071CA3B70A00203E
:1054200003244A1519E06FB02F909C2003472402F3
:10543000630AF7042301F4027E2C13F7170011CB43
:1054400093E727007EAC2285EF2040667E2CF19BFF
:105450007EAC7E2C13F7870011C7DD9B7EAC2285C6
:10546000EFF02FE47C5C0329C40099CB93898A1563
:10547000228523800900EFF0DFF083C70900CDF318
:105480004A844DB70329C400E5BFEFB24F85370901
:105490000020130749161C43B70A0020B56B850787
:1054A0001CC313879A161C23411185071CA31309DB
:1054B0004916938A9A16B70C0020938B4B39138C9C
:1054C000C183B7090020375B0A0003A44915014ACC
:1054D00093894915054D130B8BCB19ECB7090020A7
:1054E00083A4C916294A9389C916930A000F6399A0
:1054F000043841016FB06F825C4881EFB7D500007E
:1055000037C500009385056013050549EF50F03954
:1055100001A0639DA701B7D5000037C500009385A2
:10552000C56213050549EF50503801A02947639D16
:10553000E700B7D5000037C50000938585651305E2
:105540000549EF50903601A003C70A0083462402A4
:105550006397E600832DC400228A6E84BDBF2301B9
:10556000E4028946034764046395D700954763ECDA
:10557000E7208D4763E9E7208344D409638C041452
:10558000785801CFB7D5000037C5000093858568EE
:1055900013050549EF50703101A0385801EFB7D518
:1055A000000037C500009385C56B13050549EF5012
:1055B000D02F01A00347E40963E7E71CE29403C787
:1055C000F4FF8347C40963EEE70083554406E5C54D
:1055D0002285EF10106C65E52285EF20204D09C96A
:1055E000F9A8850793F7F70F230EF408E3FFE7FC0C
:1055F00081445C4819476390E7027A2C418B01CFC4
:10560000545003270900158F9306800263F5E600C6
:10561000850493F4F40F1834814D218B0DCB114781
:105620006385E7001D476394E70283258409130619
:10563000401F03270900B3866501B3D6C6025C503C
:105640001D8F63F4E614850493F4F40F854D3C5CE0
:1056500099CF5C500327090099461D8F8317440496
:10566000B387D7026365F7002285EFF00FEC5C4843
:105670000D476394E714585083270900998F130747
:1056800080026364F700638A041A22858324440934
:10569000EFF04FEB83A7090063000A186319F412B7
:1056A000B7D5000037C500009385456F1305054940
:1056B000EF50B01F01A02285EF20F00C15F98347B1
:1056C000D409230E04081947E364F7F28507A30EF3
:1056D000F40839BF8317440363C0070A21677D17A5
:1056E000639AE7082285EF20A01119C57C58E39141
:1056F00007F03C58E38E07EE58488947630DF702E0
:105700008317040403172404B1468D87BA9703470F
:10571000640463F3E60031471377F70F5E971823AD
:10572000B397E70021679306E7FF63D4F60093077A
:10573000F7FF2312F4040357C40483574406231AC3
:1057400004026373F700BA877638C207C1831397E0
:105750001600858342072317F404418363F4E700AE
:105760002317E4042316D404231704062285EF200C
:10577000007641B585075EB80317440383174404D8
:10578000E348F7E685B78544ADB58347F409C966B4
:105790009386864FB387D702814DAE97B3D7C702A2
:1057A000E3F7E7EA2285EF20C078E31205EA8347B2
:1057B000F4098507A30FF40859BD2547E395E7ECE5
:1057C000585083270900998F1307000F5DBD5C4473
:1057D0002326FA00638D0D000358C4013E2C10549B
:1057E0006C4813074400A2862285EF20801E1C48C7
:1057F000832DC400228513848C153EC6EFF08FB232
:105800002300040081C8B247CD553E8582941C20F8
:10581000E39907CA528489B3630DF400B7D5000039
:1058200037C500009385057213050549EF50F00751
:1058300001A05C4423A0F90071BF83470402034721
:105840001402832DC400850793F7F70F2300F40299
:10585000E3E4E7D08327040993848C152300040232
:105860002380040089E72285EF204024F5B1084811
:10587000A28582979C20E39607C4E31F05CCE5B779
:10588000DC48638D4701B7D5000037C5000093851C
:10589000C57413050549EF50500101A08327090085
:1058A000D850998F63F5FA022685EFF0AFC91DE055
:1058B00083A709006388F404B7D5000037C500004A
:1058C0009385457A13050549EF50207E01A0268473
:1058D000C44431B983A70900639DF400B7D5000023
:1058E00037C500009385C57713050549EF50E07B68
:1058F00001A0DC445CC403ABC4002685EFF08FA29A
:10590000DA84F5B6DC4423A0F900F5B7EFA23FC076
:10591000EFF03FAF37070020130787161C238507DA
:1059200093F7F70F1CA3858B99C3EFF01FB66FA0F9
:105930005FC0138781901E239386170016A303A7C9
:10594000419109C783D6019163F7D70003A7C1909E
:10595000BA97C82B8280958F93F7F70FBA97882351
:105960008280EFA23FB901EDB7E5000037C5000026
:105970009385C5A713050549EF50207301A01C4965
:10598000AA842E89C827DC37A2075D8DEFD05FED92
:10599000058929E5630809040327090103A6019085
:1059A0009E2454334C23B297A206D58D7423C2068D
:1059B000CD8E6C33E205D58D83568900AE96B386C5
:1059C000D74063D506028D8F635EF000918DC205CE
:1059D000C840C1818EA4EFE0BFCE29A04A85EFF078
:1059E0002FA8014923A024016FA01FB45C374827CA
:1059F000A2075D8DEFD0DFE6058905C19C48C03761
:105A0000C8272204498C0545EFD09FE59C48418D6D
:105A100042054181C8A72181C8B7032409004A85EE
:105A2000EFF0CFA12289BDB7EFA2FFAB01EDB7E543
:105A3000000037C50000938545AA13050549EF50BE
:105A4000C06601A003D981916300090223940190EB
:105A5000AA8993848190054A854A094B914B130C7E
:105A6000F01F9E2063E427016FA07FABEFF07FEC77
:105A7000E30945FF93178501E187FDD763106505AD
:105A8000EFF03FEBE31275FF9E208507E3DE27FD75
:105A9000EFF03FEA2205131405014180EFF07FE9A2
:105AA000418D420541819307F5FFC207C1836374AD
:105AB000FC0013050020239BA90265B7EFF07FE7E8
:105AC000E3F4AAFA9E20F917AA979EA059BFEFA265
:105AD0001FA401EDB7E5000037C50000938545A57B
:105AE00013050549EF50605C01A0B707002083C78C
:105AF000C7172A840145C18B8DC77E2CC18B99E7BE
:105B00008327440981C70848C55582973705002077
:105B1000A28513054515EFF08FA82285EFF08F8041
:105B200005456FA01FA1EFA2FF9C2A89328A2E840F
:105B3000B7090020B70A002051C4184848335C2335
:105B400022055D8D7C23C207C98F683362055D8D98
:105B5000EFD0FFD11C482A8B0624C827DC37A207C8
:105B60005D8DEFD0FFCF83A709170D893335A000D6
:105B70009D8CDA94AA946348900448400440EFE076
:105B80001FBE8357090063FDA700B7E5000037C5B6
:105B900000009385C58213050549EF50005101A00F
:105BA000898F13876A172310F90016231E24228574
:105BB000B6971EA3EFF08F88835709009DC395E029
:105BC00063060A00014422856FA01F96B7E5000016
:105BD00037C500009385458513050549EF50E04C16
:105BE00001A0268491BFEFA21F9001EDB7E5000050
:105BF00037C50000938505AC13050549EF50E04A11
:105C000001A058498D472A8463EDE700B7E50000FD
:105C100037C500009385C5AD13050549EF50E04831
:105C200001A0B707002083C74717C18B13890190D4
:105C3000138AA19163840714832509003C4DB7049E
:105C4000002083564506704D3385B74003A70417DF
:105C500093840417634405026396B700B307E640D4
:105C600063CE0700631EE60203A5C1907C3503489E
:105C7000E500A207B3E7070163F4F60203A5C190AC
:105C80007C350348E50003556406A207B3E7070126
:105C90002312F4066374F5002313F4062CCC78CC9D
:105CA0002C44B307B7406349F01283570A0063924C
:105CB0000712B29683574406704CB297639BF61056
:105CC0008317440363C707106395E5108347740483
:105CD0001307F00F6385E7008507A303F404034768
:105CE00074048D4763FFE7000357C4047E38BA97F6
:105CF000C207C18363F4E700C167FD172316F404EC
:105D000019A06315F7002285EF107045105C3DC6A1
:105D10005C5C9840998F63D3070683160404B70729
:105D2000002003D74716420693D536404182C2056C
:105D3000C181B307C7408D8FC207C1831395070187
:105D4000B697C207C18741852310F4046357050045
:105D5000198E2E96131506014185831624048D870E
:105D6000232C040213D726403387E6402A974207A4
:105D70004183BA972311E4042312F40403560A0062
:105D8000145483270900E30106024C481947E36DC8
:105D9000B700B385F6401387F5FF634F072E05471D
:105DA0001D8F118F36976349E02EB74400209387EB
:105DB00044AAC843938444AA631C0514B7E50000B1
:105DC00037C50000938585AF13050549EF50E02DD9
:105DD00001A0A30304041DBF7448B306D740634564
:105DE000D012762C0356E40493F5460099C5ED9A3B
:105DF00076AC2316C40423170406831604048355C3
:105E00002404C2078D86AE962312D4048356C4049C
:105E10002313040438C4C18363FDC602722C0567D2
:105E200013070780718F7238133717000507330780
:105E3000C7023A864207418363F3E7003E86B38791
:105E4000C600C207C18363F3D700FD572316F404CD
:105E500021A80357E406BA97C207C18363E6E706A1
:105E600063F6D7062317F40630586C589309A40636
:105E70004E85EFF05FCB2C582A8668D84E85EFF020
:105E80009FCA7C5828D82300040213B71700330791
:105E9000E0405AB819E123160406B706002003575C
:105EA000840683D6661736972314E4067A2C931655
:105EB0004701E3DD06E4A9E705E17E2C7D771307C2
:105EC000F77FF98F7EAC99B5C167FD17958F2317C2
:105ED000F4067E38B697B5B78329040518494833C8
:105EE0005C2322055D8D7C23C207C98F6833620560
:105EF0005D8DEFD0DF973385A940E349A0E075BF02
:105F000083290405984BE1BF2285EF10D033FDBBF8
:105F1000C167F91763FDB700B7E5000037C500009A
:105F2000938585B013050549EF50201801A01E2563
:105F3000C205C18163FDB700B7E5000037C50000A9
:105F4000938585B113050549EF50201601A09A24C9
:105F50008D8FC2070D8F9AA4C1833A256366B7124D
:105F6000EFE04FCD1C54984893D687002320F900CA
:105F70005CA354B393D60701E18374A37CB3832756
:105F800009001854B386E74063C1064052341385B4
:105F90001700B306E540918E6349D03E639BE73C12
:105FA000B7440020938744AA83D987009C4B9384ED
:105FB00044AAC827DC37A2075D8DEFD07F8A0D8900
:105FC0003335A0004E9542055E3441812310AA006E
:105FD00063FCA70C9C48C827DC37A2075D8DEFD077
:105FE0003F88058905CD9C4883C9D700C827A209E9
:105FF000B3E9A9004E85EFD0BF861375E503EFD056
:106000003F86F1779387F70FB3F9F900984833E5A6
:10601000A9004205418148A7218148B75E349EA46A
:106020009C48C827DC37A2075D8DEFD07F830989A4
:1060300001C59E24FD179EA48E24C840EFE04FE8C2
:106040009C4883D98400C827DC37A2075D8DEFD038
:106050003F810D893335A000832709004E95420505
:1060600041812310AA0018543E955E34BA97630DFF
:10607000F502B7E5000037C50000938585B213052A
:106080000549EF50800201A0998DC2051EA5231578
:106090000500C1810841D1B5958FE3D207EE7E2C72
:1060A00093E727007EACE1BD3C5CF1CF9C48C8275C
:1060B000DC37A2075D8DEFD0AFFA058979E1832A3D
:1060C00084078325090003570A002E9763860A1464
:1060D00083A60A01D032DC222206D18FF0224206AA
:1060E0005D8EFC32E207D18F03D68A003E963306DE
:1060F000C740635E060A1D8F6350E0128D8F9EA419
:106100009C48C827DC37A2075D8DEFD06FF5098961
:1061100001C59E24FD179EA48E24C840EFE04FDAEF
:106120009C4883D98400C827DC37A2075D8DEFD057
:106130002FF30D893335A0004E9583A60A01420541
:106140004181832709002310AA00D8323E95DC2222
:1061500022075D8FFC22C2075D8FFC32E207D98FD8
:10616000630CF50AB7E5000037C50000938505B656
:1061700013050549EF40707301A01C413CDCEFE0C2
:10618000FFAB285C7DF903570A0083270900BA9703
:106190001CD45E3463F5E708B7E5000037C500009E
:1061A0009385C5B913050549EF40307001A0DC3671
:1061B000C826A2075D8DEFD0AFEA058939C59C4896
:1061C000C827DC37A2075D8DEFD08FE9098915ED6F
:1061D0009C4883C9D700C827A209B3E9A90005458F
:1061E000EFD00FE833E5A9009C48420541811357E1
:1061F0008500C8A7D8B783D98400EFD06FE60D8992
:106200003335A000AA9923103A0183A90A005685C4
:10621000EFE0DFA2CE8A75B5232C5407ADB7998F76
:106220005EB42285EFE0FF92DC409A2719C737075A
:106230000020232CF71623A204009C48C827DC3733
:10624000A2075D8DEFD0CFE1058909C9B70700200E
:106250009387C71798231367070298A3B7090020ED
:10626000370A0020914A1D4BF1A02320F9005C372A
:10627000482783DB8400A2075D8DEFD06FDE1C54BE
:106280000D893335A000BE9B9C485E9508D4C82775
:10629000DC3703DC8400835BC402A2075D8DEFD092
:1062A0002FDC0D893335A000629563FDAB00B7E5A7
:1062B000000037C500009385C5BB13050549EF40B5
:1062C000D05E01A09C4883DB8400C827DC37A2078E
:1062D0005D8DEFD0EFD85E340D893335A0005E952B
:1062E0003385A7404AB42285EFE0BF86CC409E2587
:1062F00089CB93878917884335C5EFE0CFCA23A29E
:1063000004009C48C827DC37A2075D8DEFD04FD52D
:10631000058901CD1307CA171C2393E707021CA3A5
:106320005C4863945701232A64019C4026853CDC29
:10633000EFE0DF90245C99CC984854335C23A206AC
:10634000DD8E7C23C207DD8E7C33E207D58F1454AB
:10635000E38DD7F07E2C13F7170019C7F99B93E74D
:10636000270029A08CC361BF93E717007EAC6FA004
:106370000F9B245C81491388F7FF89EC3745002087
:10638000130545AAEFE03F8F28DC2285EF10A06BB4
:10639000F9BFB684904854325822A206D98E78228A
:1063A0004207D98E78326207558F6399E7023745E5
:1063B0000020930745AA9A279E24E3F8E7FC1305DB
:1063C00045AAEFE05F8B71D16388090023A0A90083
:1063D000A685EFF00FD955BF28DCDDBF639F09000C
:1063E000B386E74063DD060837450020130545AA5C
:1063F000EFE07F8859D928DCE1BF83A8090183C574
:10640000580083C64800A205D58D83C66800C20621
:10641000D58D83C67800E206CD8EB306D84063C022
:106420000606B306E540634CD0043745002013054B
:1064300045AAEFE05F842A8A29D903A709015C33C2
:106440004C23A207DD8D7C23C207CD8F6C3303D78D
:106450008900E205CD8F832509003E970D8F635B90
:10646000E0009D8DC20503A54900C1812394B900B8
:10647000EFE00FA523A04901A685528599BF94405E
:10648000A689E39806F0998FE351F0F05C36482630
:10649000A2075D8DEFD0CFBC0589E31805EE374527
:1064A0000020130545AAEFE00FFD88C0E30F05ECBF
:1064B00098485C334C23A207DD8D7C23C207CD8F27
:1064C0006C339A24E205CD8F832509003E970D8F0A
:1064D0006359E0009D8DC205C840C1818EA4EFE0E4
:1064E0002F9E0327090083570A00BA971854998FE3
:1064F0005A34998FE35BF0E89C409C4BC827DC370B
:10650000A2075D8DEFD0CFB5058915CD9C409C4B82
:1065100083C9D700C827A209B3E9A9004E85EFD0E7
:106520002FB41375E503EFD0AFB39C40984BF177D0
:106530009387F70FB3F9F90033E5A90042054181CC
:1065400048A7218148B7032709004E349C40998D04
:106550001854C843BA95C205C1818EA7EFE04F9683
:106560009C4086279C4BC827DC37A2075D8DEFD067
:106570002FAF0D893335A0008327090026954205EA
:1065800041812310AA0018543E955E34BA97E30E59
:10659000F5DEB7E5000037C50000938585B2130529
:1065A0000549EF40903001A03387D740634807008A
:1065B0005A348507958F998FE35BF0DA7E2C45B3CB
:1065C000EF92FFF1411101EDB7E5000037C5000082
:1065D0009385458713050549EF40302D01A05C41A7
:1065E0003A2523A6F190CD47AA849389C19063F9F7
:1065F000E704938781B22E84C84B83A581B2938B25
:1066000081B2EFD0AF970DED83A74B011307000EBA
:1066100093F7070F6386E7020DC85E3093F70740D4
:106620008DE783A70900C827DC37A2075D8DEFD06F
:106630002FA39355A50093F5C50FCD4763E2B7028D
:106640002685EFD0BFE66F00B03392241387C1B325
:10665000938681B399452685EFD08FB579D1CDB793
:106660009E24139705014183E3ECE7FC9307C7FEE3
:10667000C207B624C18313898191138A41912310E3
:10668000F90023200A0063E3E61226852398F1909F
:10669000EFD05FDA03A40900370A00201C3008207D
:1066A000B70C0020A2075D8DEFD08F9B08A0218141
:1066B00008B003A40900138CA1913C302820A20744
:1066C0005D8DEFD0EF9928A0218128B003A40900A7
:1066D00048305C2022055D8D7C20C207C98F683060
:1066E00062055D8DEFD0AF98935785005CB09357EE
:1066F00005017CA09357850148A07CB003A4090044
:1067000023A0A190938A019008341C2422055D8D5A
:106710003C24C207C98F283462055D8DEFD02F95C8
:10672000935785001CB4935705013CA493578501EA
:1067300008A43CB403A409002328AA16130A0A17C4
:106740007C346824A2075D8DEFD08F9183A7090068
:1067500068A4218168B4C827DC37A2075D8DEFD01B
:106760002F901377F50F9377F703238AFC1693770F
:1067700037009224938C4C17F1E72310CC00370B91
:10678000002003284B1583A54B0083A6090003A313
:106790000B0183A84B0142840145A94E054F45ECEE
:1067A000B707002003A5C716294EA1A49C4081EF7E
:1067B000B7E5000037C500009385C5881305054976
:1067C000EF40B00E01A0D1452685EFD0BFC6A22470
:1067D0002685A28523988190835A0900EFD09FC512
:1067E000884033898A4042093E2513590901E3E96B
:1067F00027E55C41CA852320FA00EFD0BFC39E2461
:106800003E94330454414204BE24418082A481CF8B
:10681000B7E5000037C500009385C5891305054914
:10682000EF40B00801A09C409E27E38587E6B7E5CE
:10683000000037C500009385858A13050549EF40A0
:10684000D00601A093071600C207C1832310FC00E5
:10685000E3F7C7F2F5B35C4881EFB7E5000037C551
:1068600000009385858C13050549EF40100401A0B5
:10687000639DD701B7E5000037C500009385058FFC
:1068800013050549EF40700201A0639DE701B7E5DC
:10689000000037C500009385C59113050549EF40F9
:1068A000D00001A0834F8400032EC40063890F0031
:1068B00083C72503850793F7F70F639EFF069C3276
:1068C00083C20600835FC401A207B3E75700639445
:1068D000FF06BC3283C22600835FA401A207B3E790
:1068E0005700639AFF045C40639767041C406394FD
:1068F0001705631DC401B7E5000037C50000938587
:10690000459413050549EF40407A01A06305057ED3
:106910002326C50123260401232A8B14631D047D2D
:10692000B7E5000037C500009385059713050549B5
:10693000EF40A07701A02285728495B55C49638DF4
:10694000C701B7E5000037C500009385C599130559
:106950000549EF40807501A0102501CA83C72503B2
:10696000850793F7F70F6315F6089C3290220358BA
:10697000C501A207D18F631DF806B032BC222206E2
:106980005D8E3E2D6396C70650416313C3061041CA
:106990006390C80693764700E39406CA937627006F
:1069A00003560C0095C683A50A0018553387E540A9
:1069B000634707025635158F6343E0022E96832501
:1069C0000A00138781B39386C1B3EF1080008DB99D
:1069D000058B11C7B707002083A747165CD1E301D9
:1069E00006C67E2D93E727007EADEF10200C89B9F7
:1069F000484529F5B707002003A807163E864289B7
:106A000063140904DC36C826A2075D8DEFC05FE57C
:106A10001189E31705C203A7090083550C0003A6DB
:106A20000A001433034807003C332823A206A207B8
:106A300033E80601C98F2E96138781B39386C1B3BD
:106A400083250A00014551B7034389006309030008
:106A500083C72503850793F7F70F6312F302BC3250
:106A600003C32600A207B3E767000353A901631815
:106A7000F30003230900638D6862630B03624A8598
:106A80000329C900B5BF098BE30C07BA0345890187
:106A9000EFE00FDB2A8419E98327C901E38207BAF3
:106AA000032509017D568145829759BE83A74B0175
:106AB00003A709001CC183A70B0114235CC18357E2
:106AC000A9013EAD1C33A207D58F5EAD8D475CC9D1
:106AD00083A70A0085071CD51CD9EFE0CF9D83A7AB
:106AE0000A0068CC68C8FD173CCC8327090128C47C
:106AF00028D0232024091CC883479900B18B1CB4DB
:106B0000834789001CA483274B15232A8B145CC45C
:106B1000EF108066B707002005472285238CE71415
:106B2000EFE09FF003A709001306440032857C378D
:106B3000742703596403A207D58F2312F406231385
:106B4000F40632C6EFC0BF893246AA854A85EFE017
:106B50008F996AB8C9452285EF00703011C581450B
:106B60002285EFE08FB1E9BC228541B503C70C0057
:106B700080C093774700D1C358488947631BF70209
:106B8000784883270A006300F70683470900A18B32
:106B9000638C07448327440981C70848C9558297F5
:106BA00013054B15A285EFE08F9F2285EFD09FF74D
:106BB0006DAB145483A70A00638BF600958FE3C670
:106BC00007FC5A34998FE342F0FC7E2C3DA801EF7C
:106BD000B7E5000037C500009385C59C130505493E
:106BE000EF40A04C01A08347090093E787002300F2
:106BF000F9007E2CF99B7EAC49BF098B7E2C09CB1A
:106C000058488546791763F5E60093E72700E5B70E
:106C1000C18B91E7B707002083A747165CD0231FDD
:106C200004082285EFE05FE05C481D47F917E36E3A
:106C3000F7F439678A071307C780BA979C4382879E
:106C400083C70C00494793F62701639EE60E344440
:106C500003270A0085066398E60E03A70A0034C4DA
:106C600083A60900930717001CD41CD8FC36F02615
:106C70007D17A207D18F2312F406130644002313B5
:106C8000F406914738CC5CC832858359640332C618
:106C9000EFC0EFF43246AA854E85EFE0CF8413179C
:106CA00015006AB89317250005651305C511BA8646
:106CB0006373A700AA8663F5D70213950701418184
:106CC0008357A4062316A4048DE3B7E5000037C557
:106CD00000009385C59E13050549EF40003D01A0C6
:106CE000E370E5FE13150701D9BF6858FD1723159A
:106CF000F40631E1285801EDB7E5000037C5000082
:106D0000938545A013050549EF40203A01A01C4199
:106D10003CD8EFD0BFF27C5895E3FD575EB883278F
:106D2000C408E38407EA08480146A2858297CD5744
:106D3000E31DF5E81DA91C417CD8E1BF231A04021C
:106D400023030404E9BFC18BE38107E403A709001F
:106D500083550C0003A60A001433034807003C3394
:106D60002823A2062E9683250A0033E80601A207EF
:106D7000C98F138781B39386C1B32285EF00704515
:106D8000034764049547E3E2E7E0231A04022285FF
:106D9000EF104017DDBB83C70C0013F70701630733
:106DA000070E83250A0038449387F5FF998F63C443
:106DB000070A7C48B387F540634FF00891475CC8E9
:106DC0008327040889E72285EFE04F9A79AEDC4FEC
:106DD00081EFB7E5000037C50000938585A1130555
:106DE0000549EF40802C01A008480146A285829702
:106DF00009C5CD57630BF536F9B72285EFE0BFDE45
:106E000083D70B0081C7FD172390FB007E38939634
:106E100017001397270085679387C711368663F39A
:106E2000F6003E866374C70293170701C1832316D9
:106E3000F4048347090093F70702E38807D47E2C04
:106E400093E727007EAC9D475CC881B3E3F1D7FE92
:106E500093970601E1BF03A7090003550C0003A6A1
:106E60000A001433034807003C3383482700A20676
:106E700033E80601A2072A96B3E71701138781B307
:106E80009386C1B32285EF00D03401B3898BE38EA2
:106E900007CE1C5403A70A00FD17E398E7CE22850E
:106EA000EF00F020DDB12285EFE0FFD359B7228556
:106EB000EFE07FD38347090093F70702ADCB03C709
:106EC0000C007E2C418B39CF744803270A00639B4A
:106ED000E604385821EB93E727007EAC2285EFD0FB
:106EE0007FE683274B15631DF4005C44232AFB14C3
:106EF00009A8D8476315E4005844D8C719A0BA8731
:106F0000EDFBB70700200547238CE714A9475CC8B1
:106F1000B707002003A7C71623A6871658C4EF108B
:106F2000A025A5B193E727007EACA14731BF83C759
:106F30000C00C18BE38B07C4784883270A00E31653
:106F4000F7C43C58E39307C49947FDBD2285EFE0A1
:106F50009FC98347090093F70702E38807C27E2C85
:106F6000228593E727007EACEFD0DFDD83274B152A
:106F7000E30DF4F6D9D7D847E300E4F8BA87DDBFCC
:106F80002285EFE05FC683C70C00C18BE38F07BE8D
:106F9000784883270A00E31AF7BE3C58E39707BEF8
:106FA0002285EFD03FDA83274B15E300F4F4B1DB01
:106FB000D847E303E4F4BA87DDBF2285EFE0BFC220
:106FC00083C70C00C18BE38207BC784883270A0083
:106FD000E31DF7BA3C58E39A07BA8347090093E7E1
:106FE00007012300F90055B603D60B0011C683270D
:106FF000440885EB23900B002285EFE05FAD63161C
:10700000051603260D0031CA7C5C9DC3B7E5000060
:1070100037C50000938585A313050549EF40E008B7
:1070200001A00848A2858297CD57E315F5FC35AA43
:107030007E2CC18B89C73285EFD04FC769B38327B8
:1070400084088146A285A1C308488297CD57630E64
:10705000F51001C583270D007CDC8347090093F7F9
:10706000070299C77C5C9DC3D83713670702D8B75E
:10707000228523A00400EFE09FA56318050E22855A
:10708000EF00D022DDA0EFE0AFABC9B75E341387CD
:10709000078019C385075EB483278408F1DB08489D
:1070A00081460146A2858297CD57E313F5FC75A86A
:1070B00001C98325C900232026174CC523260901B1
:1070C00013764700631E06D613760701E30D069A72
:1070D000983203C8060083550C0003A60A00220755
:1070E000336807012E96138781B39386C1B3832536
:1070F0000A004A85D9B8B74D002093874DAA370DAD
:10710000002037090020B70B0020232C0D16230E7A
:107110000916239B0B1623A0070092A7C4C394CB88
:10712000218B1309C917938B6B17130D8D17938D33
:107130004DAA09C7DC3493E71700DCB47C5C938468
:107140004190E38507A22285EFE0AFA3CD57630905
:10715000F5007C5CE38C07A083570C00E38807A054
:107160007E3481E72285EF00100E03A54D0023A099
:10717000040023200D0009C5EFD04FB323A20D005A
:1071800041016F908FB9B70700209387C7179823E5
:107190001367070198A3828011EDEF924FB7B7E50F
:1071A000000037C50000938545E913050549EF3018
:1071B000D06F01A05C41E8277D153335A0008280A7
:1071C000EF924FB3411101EDB7E5000037C5000064
:1071D000938545BE13050549EF30306D01A02E891A
:1071E00081EDB7E5000037C50000938545C0130564
:1071F0000549EF30906B01A0AA8A0D459314270032
:107200003AC6B289368AEFC0DFDB91882A843247DA
:1072100001E94A85EFD08FA9228541016F90CFB057
:1072200058A58357890013970401232005002322C2
:107230002501418363FDE700B7E5000037C5000085
:10724000938585C213050549EF30306601A0998FFB
:107250001EA523150500D1454A85EFD0CF9C11C549
:107260002285EFD0BF9D014445BF5C4003D5AA01F4
:1072700003A9470023282401EFC08FDE2300A900C3
:107280002181A300A90003D5CA0103290401EFC08D
:107290002FDD2301A9002181A301A90003290401F5
:1072A0005285EFC0CFDC935785002302A900A302CB
:1072B000F900935705016181A303A90013D52400A8
:1072C000150532052303F90033653501032904014F
:1072D000EFC00FD91C482306A9002181A306A900ED
:1072E00023890700A389070005BFEF92AFA0D1054E
:1072F000C2054111AA8AB284C18113060028130570
:10730000200236C63A8B3E8AC289EFD04FA42A8922
:1073100049C93A25CD47B24663EDE700B7E500001D
:1073200037C50000938505E113050549EF30F05797
:1073300001A040413685EFC0AFD208A0218108B03E
:107340005A85EFC0EFD193D7840028A044A02181B3
:107350005CB093D70401E18028B07CA064B056856E
:10736000EFC0EFD09357850008A41CB493570501D4
:10737000618128B415653CA43365AA00EFC04FCEE7
:1073800048A4218148B44E85EFC08FCD68A42181E7
:1073900068B423080400A308040023090400A30917
:1073A00004004A8541016F902F98EF924F9601EDAE
:1073B000B7E5000037C50000938585DE1305054954
:1073C000EF30B04E01A02A840358E5025A2D362D25
:1073D0000855C147EFF07FF109C57A341C54BA97BC
:1073E0001CD86F900F9511EDEF926F92B7E50000EA
:1073F00037C500009385C5E613050549EF30F04A0F
:1074000001A08280EF920F8F411181EDB7E500005E
:1074100037C50000938505E413050549EF30F048B2
:1074200001A0AA842E84328A368921CD082531C94B
:10743000EFC05FEE2A88F15915CD5E31918B8DC377
:107440001224832944002AC64A87D2869945228578
:10745000EFC00FD632482388A9002181A388A90054
:107460008DC4B434B82499474A86D2852285EFC0AA
:107470002FAFAA892285EFD06F834E8541016F908F
:10748000AF8A4A85EFB0BFF575B701479306F00F95
:10749000D9BFEF924F85411101EDB7E5000037C527
:1074A00000009385C5FC13050549EF30104001A08D
:1074B00020592A8919E07D551DA0AE8481EDB7E5DC
:1074C000000037C50000938505FF13050549EF301F
:1074D000D03D01A0835A840063E655010145410176
:1074E0006F90EF837E3963FDB700B7E5000037C5C5
:1074F00000009385450113050549EF30103B01A0BD
:10750000639D0A00B7E5000037C50000938545027A
:1075100013050549EF30703901A0034AC400B3894F
:10752000BA40C209931B2A0093FB4B0093D909016F
:10753000B3857901C20513060028C18113056003D4
:10754000EFD0EF802A8B25D948401E2483254B009D
:1075500016254E86DE959D8EA696C206C182EFD078
:107560002FBF631A350F1C48C827DC37A2075D8D73
:10757000EFC00FAF9379F50F93F78900E9EB93F91B
:10758000F903014693F7190089C793F9E90F1366C8
:107590001600184832C648335C2322055D8D7C23D3
:1075A000C207C98F683362055D8DEFC04FAC3246AC
:1075B0005287B386A400DA854A85EFF07FC02A8A15
:1075C000E30B05EE4840B3845441C204EFD02F9939
:1075D0008357A906C1803385A7402315A9064840D3
:1075E0000E25A695C205C181EFD08F8D1E24BE94B5
:1075F0001C4806A4C437C827A204C98C4E85EFC016
:107600002FA61C48458D42054181C8A72181C8B7D6
:10761000484023150400EFD08F948357A9063E9568
:107620002315A90603254A00EFD06F938357A906B7
:107630003E951C402315A9062320FA00232044016F
:1076400083270A00E39C07E82316090641BD93F946
:107650007903214605BF5A85EFC05FE5A9BDEF82DA
:107660001FEB93F73500411181EFB7E5000037C5F7
:107670000000938505C413050549EF30102301A0D0
:107680002A8401EDB7E5000037C50000938585C960
:1076900013050549EF30702101A013D71500058BA4
:1076A00013192700AE8413060028CA85130560034A
:1076B0003AC6EFC0DFE9AA85324709E97E2C7D553D
:1076C00093E707087EAC41016F80BFE63E2563FD6E
:1076D0002701B7E5000037C50000938585CB13056A
:1076E0000549EF30901C01A0345026862285EFF02A
:1076F0003FAD69D51C498D8B81CFB7E5000037C5FB
:107700000000938545CF13050549EF30101A01A0FD
:107710001E2581CFB7E5000037C500009385C5D091
:1077200013050549EF30701801A03C58B1EB28D87B
:107730003C5023160406858885073CD089C47E2CDE
:1077400093E707027EAC4841EFD06F818357A406D0
:107750003E95420541812315A4061DC57C5801456F
:10776000BDF338583E8525F3B7E5000037C5000066
:10777000938585D313050549EF30301301A0BA87EF
:10778000984375FF88C36DB7014535BFEF823FD879
:1077900001EDB7E5000037C50000938505FB130533
:1077A0000549EF30901001A024592A8999E48545B4
:1077B0004A85EFF0DFEA99A0BE849C40F5FF9C4823
:1077C000C827DC37A2075D8DEFC08F891D8965F161
:1077D0009C48C037C8272204498C0545EFC04F8814
:1077E0009C48418D42054181C8A72181C8B7835774
:1077F000E901014593E70702231FF9006F807FD35A
:10780000EF825FCF01EDB7E5000037C5000093853B
:1078100045F313050549EF30500901A00329450739
:107820002A84E957630C0906CA8483A904002685C3
:1078300063990906EFF05F96E9572DE13C589CC02B
:1078400081E7BE242316F4067E2C05671307078004
:10785000D98F984823282407232A04067EAC48336E
:107860005C2322055D8D7C23C207C98F68336205C6
:107870005D8DEFB0DFFF9C482A8983D98400C8273B
:10788000DC374E99A2075D8DEFB09FFD0D89333532
:10789000A0004A9528C8232C040281473E856F80AA
:1078A000BFC8EFF07F8FCE8449D1E957C5BFEF82C3
:1078B0007FC401EDB7E5000037C500009385C5EB37
:1078C00013050549EF30607E01A064592A84E95709
:1078D000B1C02685EFF05F8CE9570DED9C40130990
:1078E00004077CD8832709008DEB832709009CC0FF
:1078F000232099009C4099E32316040683476404DF
:107900001307F00F6385E70085072303F404232C96
:10791000040281473E856F803FC1984B48335C230A
:1079200022055D8D7C23C207C98F683362055D8D9A
:10793000EFB0FFF39848AA8948335C2322055D8D98
:107940007C23C207C98F683362055D8DEFB03FF2BB
:107950003385A940E35B05F80329090061B7EF828D
:107960001FBB01EDB7E5000037C50000938545ED6D
:1079700013050549EF30607301A07C592A84A1CB1F
:107980007E2D918BA9E7EFF09FF231E10357C404FC
:10799000835744066373F700BA87C2077A38C183F6
:1079A00085872317F4049316170063F4D700231771
:1079B000D4048D473307F7028357E404231A0402E3
:1079C0003E977E2C2316E40493E747007EAC6F803D
:1079D0005FB6EF823FB24111368481EEB7E5000019
:1079E00037C50000938585F513050549EF30E06B39
:1079F00001A0BA8401EFB7E5000037C50000938508
:107A000045F713050549EF30406A01A02A892E8504
:107A1000B28942C63EC4EFB09FE53247A2462A86ED
:107A20002148D14781454E85EFF03F8C2AC409C9D2
:107A3000EFF07F9BA245A68622864A85EFF09F9CA9
:107A400041016F807FAEEF829FAC411101EDB7E540
:107A5000000037C50000938505F913050549EF308F
:107A6000C06401A02A846849EFB07FE02A8681457E
:107A70002285EFF09F9309E97E2C795593E7370033
:107A80007EAC41016F80FFAA2AC6EFF0DF95B245B8
:107A90009306440022862285EFF0DF967E2C09C5EE
:107AA00093E737007EACF1BFF19BEDBFEF823FA3C0
:107AB00001EDB7E5000037C500009385C5D7130574
:107AC0000549EF30805E01A0584985472A84631D2F
:107AD000F700B7E5000037C50000938545D91305C9
:107AE0000549EF30805C01A083A741906381A71016
:107AF000245989E87E2D898B6387070EEFF0BFF448
:107B00006F80BFA18359C50403594506130B450077
:107B1000082525C9EFC01F80AA8A6308053A1C40C2
:107B200099E35C411CC04E8A637339014A8A9848C4
:107B3000420A135A0A0148335C2322055D8D7C23D7
:107B4000C207C98F683362055D8DEFB05FD29E2496
:107B50003844998F3E95637AAA0283574406639D01
:107B600047017C5891EB8347D40999E793070010AC
:107B7000231EF408230F04087E2C898BADC72285B1
:107B8000B5BF5A85EFB0BF8541BF83294407A30E17
:107B90000408639A09001D4C894BB70C0020370D6F
:107BA000040259A4BE8983A70900EDFFEDB77C58F4
:107BB000A9C37E2C13F747040DEF385819C7144397
:107BC0008DEA16277A3863F6E6020357840615C352
:107BD0000357A406636FEC0093F7070A99EB3C5830
:107BE00099E3231604067E2C93F7F7F77EAC014544
:107BF00001BF5C48638477039C4803C9D700C8274A
:107C000022093369A9004145EFB09FC59C483365FF
:107C1000A90042054181C8A72181C8B72685EFF098
:107C2000AFD763150512085403A90401EFB03FC490
:107C3000935785002304A900A304F9009357050175
:107C40006181A305A9006A342305F90003A9040191
:107C5000EFB01FC17A341C542307A9002181A30768
:107C6000A900BA971CD8DC2483AD0401858BC1E739
:107C7000D10D8317440363D40700231A04021C5C4C
:107C800095E383A74C1698481CDC48335C232205F7
:107C90005D8D7C23C207C98F683362055D8DEFB0AF
:107CA0001FBD48DCC84003A9040150413A252322E6
:107CB00025013306C940931706011225C1831D8F84
:107CC0001D8E420641823AA512A523080900A30889
:107CD0000900DC248A07918BD107CA97638BFD02C8
:107CE000B7E5000037C50000938545DD130505495C
:107CF000EF30A03B01A05A86D68513050020EFC0C7
:107D00009FFE3365A501EFB09FB623AAAD00E10D3C
:107D10008DB783D74A02918B99CB5A87A286994512
:107D2000EFB01FC92308A9002181A308A9003824A6
:107D30003434C840568899475A86A285EFB05FA26E
:107D400011C57E2C93E707087EAC5DBB9C40239554
:107D500004003CD85C48638577017E2CF19B7EACA7
:107D6000984848335C2322055D8D7C23C207C98F68
:107D7000683362055D8DEFB09FAF9C482A8983DD33
:107D80008400C827DC376E99A2075D8DEFB05FAD28
:107D90000D897C483335A0004A95898F63D307004D
:107DA00068C89C4803D98400C827DC37A2075D8DCA
:107DB000EFB01FAB0D893335A0004A956303051062
:107DC0007C5823A0040081E764D8A68999A8984824
:107DD00048335C2322055D8D7C23C207C98F68333D
:107DE00062055D8DEFB0BFA803A709012A8948335A
:107DF0005C2322055D8D7C23C207C98F6833620531
:107E00005D8DEFB0DFA63305A9406359050A13095C
:107E1000440783270900ADE3832709009CC0232082
:107E200099002458E38F04DA984848335C232205EC
:107E30005D8D7C23C207C98F683362055D8DEFB00D
:107E40001FA33C441D8D9E243E95E36AAAD89C48FE
:107E5000C827DC37A2075D8DEFB09FA01189E3082A
:107E600005D4B7E5000037C500009385C5DB1305D1
:107E70000549EF30802301A0984B48335C2322054D
:107E80005D8D7C23C207C98F683362055D8DEFB0BD
:107E90001F9E9848AA8D48335C2322055D8D7C2364
:107EA000C207C98F683362055D8DEFB05F9C338573
:107EB000AD40E35305F603290900A1BF23A09900B3
:107EC00029B72685EFC09FD7A9BF715515B9EF8295
:107ED0000FE401EDB7E5000037C50000938505F11B
:107EE00013050549EF30601C01A0834765041307A3
:107EF000F00F6385E70085072303F504EFF01FBB50
:107F00006F802FE3EF82AFE001EDB7E5000037C5EA
:107F10000000938545EF13050549EF30001901A0D6
:107F20002A84EFF0FF8D01E52285EFF05FFA6F8084
:107F30004FE0EF82CFDD411101EDB7E5000037C51D
:107F40000000938505D613050549EF30001601A002
:107F50002A8468497D15EFB09F912A868145228544
:107F6000EFF0AFC42AC6FD5719C9EFF0CFC7B2452D
:107F70009306440022862285EFF0CFC8AA873E856B
:107F800041016F800FDBEF82EFD601EDB7E5000016
:107F900037C500009385450313050549EF30E01010
:107FA00001A003290507AA8401456307090C83C7BB
:107FB000E4091307F00F6385E7008507238FF408B2
:107FC000832709010144C827DC37A2075D8DEFB084
:107FD0003F89058909C50354890013341400032718
:107FE000090193451400268550335C2322065D8EDB
:107FF0007C23C207D18F703362065D8EEFF0EFBA3B
:10800000AA897D55638A090603AA490025C8034445
:10801000DA000345CA002204498C71751305F50F77
:10802000698C42044545EFB0BF834184418D4205D0
:1080300041812306AA002181A306AA000327090182
:1080400048335C2322055D8D7C23C207C98F6833CA
:1080500062055D8DEFB0BF81FC480505898F63D354
:108060000700E8C84E85EFF00FB8938644002686D7
:10807000CE852685EFF00FB96F800FCB0325490021
:10808000835789000546162593054A019D8EC20631
:10809000C182EFC0FF8B5DB7EF826FC741112A84A9
:1080A00025452EC632C4EFB0DFF12246B24501EDC0
:1080B000B7E5000037C500009385050B130505499A
:1080C000EF20B07E01A0138701921C4323200500FE
:1080D0000CC550C540C189E708C341016F806FC519
:1080E000D443B306D44063D506001CC1F5B7BA87A4
:1080F000984311C75443B306D440E3DA06FE18C1CF
:1081000088C3E1BFEF82AFC05C4141112AC68297AC
:10811000EF805FE4324683A7C1911842B785000023
:1081200093854510BA97B386A7403A9563C3060076
:108130003E85EFF07FF641016F80AFBFEF822FBD2C
:10814000EFD0CFFCB707002083A7471591E7B7070B
:10815000002083A7C71691CFEF80DFDFB78500002F
:1081600001469385C5131305A50FEFF0FFF26F804D
:108170004FBC23A20192E5BF03A7419215EF370739
:108180000020032747159387419211E73707002006
:108190000327C71615C3EF828FB7054798C3EF8033
:1081A0007FDBB785000001469385C5131305A50F36
:1081B000EFF09FEE6F80EFB78280EF824FB5B70789
:1081C00000404111636DF500B7E5000037C50000C0
:1081D0009385850713050549EF20306D01A02A849A
:1081E00032C62EC4EF801FD73246A2452295EFF04B
:1081F000BFEA41016F80EFB3EF826FB139641304BE
:108200008405B78400001306840093854410130589
:10821000803EEFF09FFA3D651306040193854410FC
:10822000130505A6EFF07FF913068401938544102A
:108230001305401FEFF07FF86F80AFAF83A7019267
:1082400095CF93860192014603A887009843631453
:10825000A80203A8C7006310B802EF824FAB11EA6F
:1082600098C2BE852545EFB0FFD86F808FACBA8726
:10827000E1BF18C2FDB73E867DFB82808280EF821F
:108280006FA7EF803FCD2A89138701920C439DC1D0
:10829000DC41B306F94063CF060094418045254593
:1082A00014C3C44523AEF190EFB0DFD471DC268552
:1082B0000294D9BF6F804FA7EF826FA513840192FC
:1082C0001C407D5591CBEF80FFC81C40DC433385BB
:1082D000A7406353050001456F80AFA5EF822FA330
:1082E000EF20B06E4A05F17749813E952397A18032
:1082F0006F802FA4EF820FA001EDB7E5000037C516
:1083000000009385051413050549EF20105A01A0BC
:108310002E8A81EDB7E5000037C5000093858515ED
:1083200013050549EF20705801A03A259D47AA84FE
:1083300063E7E7002685EFC06F976F80EF9E138499
:1083400081B20329450083A581B24848938981B24F
:10835000EFB0CFC283471900AA8A03450900A207DC
:108360005D8DEFB0EFCF834739002A8B034529009D
:10837000A2075D8DEFB0CFCE03A881920323440006
:108380005848032E0401C28701448145938E81928F
:10839000FD5899E73DEC83274A00638CE70659BFF7
:1083A000B62B6392A60C902701CA83462303850649
:1083B00093F6F60F6319D60A944363830A0A91CAA7
:1083C00063091701032F8A0033C6E6003376E601FE
:1083D00059EA902B118A19EE09CC638D0A00631BB0
:1083E000170103264A00032F04006305CF0063939F
:1083F000C6003E84D62B63986607D44399C2639423
:10840000C6073E8499C5D84723A0FE00D8C523A639
:10841000070183574A0293F707209DC383477900DA
:1084200003476900A207D98F81CF92241387C1B374
:10843000938681B3C5452685EFB08FD7E31C05EE43
:10844000A1452685EFB01FFF15C1B7E5000037C570
:1084500000009385451713050549EF20104501A03D
:10846000ADDAE388E6F6BE85DC4725B701CC1C4CC7
:10847000E38207EC484C5A87938681B32686A2850F
:10848000829765BDE3980AEA83A749011307000EA6
:1084900093F7070FE380E7EA83D5C9002685A10596
:1084A000C205C185EFB0DFFE8D452685EFA0DFE276
:1084B00051B599E19385418301EDEF824F8537E511
:1084C00000001305050FEF20503E41556F806F8669
:1084D00083A6819213888192368715EF014EB68765
:1084E0003DEE416303D6E18011679387E1807D1300
:1084F00063096602050642064182B6886395080252
:1085000092A39C4132A91CC163150E0054C52320BF
:10851000A800014582806304E50058477DBF054EF1
:108520007DBF3166D9BF83DE28016399CE007D17F8
:108530004207418355FF92A36155828083A8C800FA
:1085400075BF638DA700BA2B631AC70083A8050007
:108550009843E30317FFE38108FE79DFDC47F5F377
:108560004DB7EF725FF819E937E500001305852371
:10857000EF20B033C15426856F707FFA2E8991E5C4
:1085800037E5000013058525E5B7B28A11E637E522
:10859000000013058527E9BF3E8A91E737E5000013
:1085A0001305C529F1B73A8B11E737E5000013052C
:1085B000052C7DBF3E29AA89B68B89CB035789003C
:1085C000C167DD1763FBE700FD5475B70146AA8557
:1085D000EFF03FEEAA847DD179BFA1454A85EFB087
:1085E0009FE44A8405C113060028A1451305200213
:1085F000EFB0FFF52A8469D98357890081C7CA85FE
:10860000EFC02F9F3A249D4763EDE700B7E50000D8
:1086100037C500009385452E13050549EF20F02846
:1086200001A003D529014440EFB08FA388A0218188
:1086300088B05E85EFB0CFA2A8A02181A8B00A249F
:1086400023830400A3830400EFB08FA183574B0260
:10865000C8A02181C8B0898B95C383C70901858BC8
:1086600091EF12245687D286C5452285EFB04FB4CC
:1086700019E141657D15E8A02181E8B003C7A90093
:1086800083C6B9005A88C5475686D2852285EFA091
:10869000FFF9AA84E30124EF2285EFB03FE1E1BDB9
:1086A000EF72FFE619E937E500001305051CEF201E
:1086B000D01FC1573E856F70DFE791E537E50000B9
:1086C0001305C51DEDB711E637E500001305851F3D
:1086D000F9BF11E737E5000013058521C9BF03285D
:1086E0000500630808009377080F9308000E63984D
:1086F000170193074700EFF0DFE6AA8765BF8328DD
:108700004700F157E31818FBAA87F5B7EF723FE06F
:1087100011E937E5000013058510EF2010194155C8
:108720006F703FE1AE8491E537E500001305451217
:10873000EDB73E292A8432899DC39C40231A240127
:108740005CC01C2893E747001CA883A681929387EE
:108750008192368719EB54C480C30145D1B70146D5
:10876000AA85EFF01FD571D965BFE308E4FE58472D
:10877000D5B719E9EF72BFD937E500001305051920
:10878000EF20B0126F70FFDA0CCD50CD8280EF7207
:108790001FD809E937E500001305851AEF20F0100E
:1087A0006F703FD9138781921C43AA856399A700F4
:1087B0005C451CC30145EFB0FF83DDB7BA87FDDB25
:1087C000D8476DDBE31CB7FED845D8C7E5B7EF72D5
:1087D0001FD40145EFB0EFFE2A8401C91306000241
:1087E0008145EF70DFD5FD573CB422856F707FD493
:1087F00009C91C4199C791C59C4181C783A7819232
:1088000091E38280944318416394E600984198C3B1
:10881000DC47FDB7EF72BFCF0328C5011C4D584997
:10882000144950450C454841EFB0DF9201C5014560
:108830006F703FD05155EDBFEF727FCD5845AA877D
:10884000484101C702976F70DFCE9C478297014570
:10885000DDBFEF72DFCB011199E19385418319E20E
:108860001386418399E2938641832AC2379500009B
:108870002EC4130545818A8532C636C83ACA3ECC15
:1088800042CEFD2A05616F70DFCAEF725FC8011129
:108890002AC2379500002EC4130585838A8532C607
:1088A000C52205616F70FFC8EF72DFC40111138527
:1088B000C192EF80CFEF83A7019381C703A54193B6
:1088C00082973969FD59914A13094931EFF0DF9ECA
:1088D000631D35031385C192EF802FF301466C08A9
:1088E00013858193EF80FF831385C192EF802FEC76
:1088F000724439E0B7E5000037C5000093850539BB
:1089000013050549EF20607A01A001E5EFF03F97DC
:1089100075BF2AC61385C192EF802FEF32466C08CF
:1089200013858193EF80EFFF2A841385C192EF8036
:108930000FE8E30D34FD6DBF1C4063E8FA048A07BD
:10894000CA979C4382875C440C444840829701C587
:108950004840EFB0BFB5A2851D45EFB0AFE9BDB748
:1089600050440C444840EFF05F85A2851945F5B7A7
:108970004C440844EFF09F8CCDBF5C400844829784
:10898000EDB75C400844829791B7B7E5000037C562
:1089900000009385053913050549EF20007101A0FA
:1089A000EF72FFB683A78193411181EFB7E5000015
:1089B00037C500009385053813050549EF20E06EA3
:1089C00001A02A891D4532C62EC4EFB08FDF2A844C
:1089D0007D5505C4A2453246232004000CC4232241
:1089E000240150C4A28513858193EF80AFEC11C59B
:1089F0001D45A285EFB00FE07D5541016F707FB33B
:108A0000EF72FFB083C7F502E18B89CB3716000008
:108A10001306265CEFF0DFF86F70BFB13736000049
:108A200013060644C5BFEF729FAE83A78193411121
:108A300081EFB7E5000037C50000938505381305C1
:108A40000549EF20806601A02A8919452EC6EFB09E
:108A50004FD72A847D5515C0B2458D471CC00CC424
:108A600023222401A28513858193EF80AFE411C5F1
:108A70001945A285EFB00FD87D5541016F707FABCE
:108A8000EF72FFA84111AA841385C1922EC6EF8010
:108A90000FD2B2452E858294AA841385C192EF80AD
:108AA000CFD6268541016F70DFA8EF725FA6411116
:108AB0002AC62EC4EFA01FF83245A24523A8A192D2
:108AC00023AAB19213858193C145EF80AFD901CD1F
:108AD000B7E5000037C500009385853213050549C9
:108AE000EF20A05C01A01385C192EF802FC901CDBA
:108AF000B7E5000037C500009385C5341305054967
:108B0000EF20A05A01A0B795000037E500001547F7
:108B10009306006001469385858A13050537EF802B
:108B2000EFE941016F70FFA0938741959843636D12
:108B3000A702D043B386C7006316D50054413E85D3
:108B4000B296D4C35041B306C500631AD70083A6BA
:108B5000C1936306D70054431843B29654C118C159
:108B60006303F50088C38280BA87C9B7EF729F9804
:108B700041112AC6EF10C02A83A7C1939386C193DF
:108B8000138601943245B1E737470020930787AB3E
:108B900093F5F700130787AB81C51387F700419B57
:108BA0009385419523A2050098C19165C115AE97A3
:108BB000C19B23A2070023A00700B385E7409CC206
:108BC0001CC323A4B19423A2B194B70700804CC363
:108BD0001CC2032A0600B377AA0085E39307F5FFBA
:108BE0003957636CF7009307050113F7F70025CF9A
:108BF00013F707FF410763E7E706814435A822879B
:108C00002E84A5A858C15CC0EFF01FF2584093868F
:108C100081949042B307E94023A0F90063F3C700B1
:108C20009CC23367EA009387C19458C09843C1043B
:108C300023200400050798C3EF10803793F7F40052
:108C4000C1C79307800873B0078037E6000037C5B7
:108C500000001306063B930500111305C551EF20D4
:108C6000C04401A0BA8703A9419493894194E36663
:108C7000F9F803A441951387419550406374F600B9
:108C80000C40B5FD9442E38A86F61440044314C3B5
:108C90003307F64093060002E3FAE6F63305F400E4
:108CA0009376F500A5D29307800873B0078037E666
:108CB000000037C500001306063B9305F00C1305B2
:108CC000C551EF20803E01A0268541016F70DF85F0
:108CD00059C9EF72DF83032745FF83A701942A84D4
:108CE000B376F70095E29307800873B0078037E604
:108CF000000037C500001306063B9305401213051C
:108D0000C551EF20803A01A0832605FF95C2930745
:108D1000800873B0078037E6000037C500001306EF
:108D2000063B930550121305C551EF20003801A0F2
:108D300093C7F7FFF98F232AF5FEEF10600E938794
:108D400041949443032744FF130504FF369798C3C7
:108D5000EFF09FDD938701959843050798C3EF10C7
:108D600020256F700FFD8280B7E700E04157238711
:108D7000E7402386E740B7F700E023A0070023A2DF
:108D80000700814694C70147D8C7370700208325CD
:108D900007081307401F814633D6E5023D4790CBB5
:108DA000D4CB98C38280EF728FF6411102C6F327AD
:108DB00050303EC6B2470D478D8B6383E702930761
:108DC000800873B0078037E6000037C5000013063F
:108DD000863D9305600B1305C551EF20002D01A0C2
:108DE000B707012093870700BD8B95C393078008C1
:108DF00073B0078037E6000037C500001306863DD4
:108E00009305B00B1305C551EF20202A01A0EFF008
:108E1000BFF5B7E700E0056723A0E710116723A0BF
:108E2000E71023A80180EF70AFCD014541016F70BD
:108E30004FF0731101349307800873B00780B7F7C0
:108E400000E023A20700EF00D07E11C5B7E700E0E5
:108E5000116723A0E7209307800873A00780731190
:108E60000134730020309307800873B00780938724
:108E700001819843050798C38280138701811C43B1
:108E800085E7EF72CFE89307800873B0078037E675
:108E9000000037C500001306863D9305201013051A
:108EA000C551EF20802001A0FD171CC389E793075F
:108EB000800873A007808280014573150580828039
:108EC000731005808280930785007D575CC118C5AB
:108ED0005CC51CC9232005008280232805008280F0
:108EE0005C419847DCC198C598474CC38CC71C416E
:108EF00088C985071CC182809841FD56930785006B
:108F0000631ED7001C49D843D8C10CC79CC5CCC32D
:108F10001C4188C985071CC18280B687D443904212
:108F2000E37DC7FECDB7544118451C4998C654C3CC
:108F3000D4436393A600D8C39843232805007D1724
:108F400098C388438280EF728FDC41112AC6EFF00C
:108F50009FF13245005DEFF05FF2133514004101DF
:108F60006F702FDDEF72AFDA32893041045D2A84F1
:108F700009EE1C41014591E70844EF10005A2324F3
:108F80000400850404DC6F70CFDA631009024841E5
:108F9000EF2080065C4038400145BA9718445CC019
:108FA000E3E1E7FE1C405CC0E9BF4845EF20C00498
:108FB0003C4058441440B307F0403E9758C4637592
:108FC000D7001844BA975CC489470145E31BF9FAF6
:108FD000CDD8FD147DB7304115C2EF724FD358453F
:108FE0001445AA87329758C56364D700184158C5FD
:108FF0002E85CC47EF2040006F70AFD38280EF7298
:109000000FD12A84EFF03FE683445404130944024D
:10901000E204E18463489002FD57A302F404EFF0F8
:10902000DFE5EFF05FE48344440413090401E20444
:10903000E18463459002FD572302F404EFF0FFE35F
:109040006F702FCF5C50E9DB4A85EF10602619C1A5
:10905000EF102040FD14E204E1846DBF1C48E1DF05
:109060004A85EF10E02419C1EF10A03EFD14E20480
:10907000E184C1B7EF72AFC9411115E193078008D0
:1090800073B0078037E6000037C5000013060640BE
:10909000930500111305C551EF20200101A05C5D6F
:1090A0002EC62A84BDC73841B3B7E702BDE3EFF04F
:1090B0009FDB3040585C1440232C0402B307E602C7
:1090C000B24554C03387F600918FB6975CC4FD5704
:1090D0002302F40418C4A302F4049DE11C4899CBB4
:1090E00013050401EF10C01C11C5B7E700E01167BC
:1090F00023A0E720EFF07FD8054541016F706FC3D3
:1091000013050401EFF03FDC13054402EFF0BFDB71
:10911000D5B79307800873B0078037E6000037C5DE
:10912000000013060640930550141305C551EF10B7
:10913000D07701A0EF72AFBD411131C1B3B7A50225
:10914000AA8495EF3305B502930770FB63E9A70284
:10915000130585042EC6EFF07FA12A8409CDB24500
:10916000AA8799C1930785042CC01CC044DC85459F
:109170002285EFF03FF0228541016F708FBB93078E
:10918000800873B0078037E6000037C5000013067B
:1091900006409305601C1305C551EF10107101A026
:1091A000EF726FB4011132C615E19307800873B0F6
:1091B000078037E6000037C5000013060640930518
:1091C000E0321305C551EF10506E01A02A842E899C
:1091D000B68485E53C4195C39307800873B007804A
:1091E00037E6000037C50000130606409305F0324D
:1091F0001305C551EF10706B01A089476397F40206
:10920000585C85476303F7029307800873B00780B3
:1092100037E6000037C5000013060640930500330B
:109220001305C551EF10706801A0EF1060230DE524
:10923000B247014C9DC39307800873B0078037E69F
:10924000000037C5000013060640930530331305B0
:10925000C551EF10906501A0014C094BFD59930BCE
:10926000040137EA00E0916AA5A8B24789E7EFF068
:10927000DFC0014555A063150C002808EF10E01071
:10928000EFF0BFBFEF00D039EFF0FFBD83474404DC
:10929000E207E187639437012302040483475404FF
:1092A000E207E18763943701A3020404EFF0FFBCF7
:1092B0006C002808EF10400E35EDEFF0DFBA185CB7
:1092C0005C5C631EF704EFF05FBBB2455E85EF00A8
:1092D00010732285EFF0BFD2EF00904D29C9054CE5
:1092E000EFF07FB8185C5C5C6364F700E39F64F7A1
:1092F0002686CA852285EFF0FFC65C5089C7130514
:109300004402EF00F07A11C5B7E700E0116723A02F
:10931000E720EFF09FB6054505616F704FA0EFF0B5
:10932000DFB52285EFF0BFCDEF0090484DBF232081
:109330005A2175B72285EFF09FCCEF00704715BF1B
:10934000EF72EF9C2A8681450545EFF0BFDE2A8447
:1093500001CD232405002320050023260500814696
:1093600001468145EFF0DFE322856F708F9CEF723D
:109370000F9A15E19307800873B0078037E6000065
:1093800037C5000013060640930530281305C55164
:10939000EF10B05101A0032985002A84EF10E00BE3
:1093A0008144631DA9005C448544FD175CC499E7B2
:1093B0008146014681452285EFF09FDE26856F704C
:1093C0004F97EF722F93411115E19307800873B007
:1093D000078037E6000037C50000130606409305F6
:1093E00020401305C551EF10504C01A02A84B289CA
:1093F00085E53C4195C39307800873B0078037E645
:10940000000037C5000013060640930530401305E1
:10941000C551EF10904901A089476397F602585C47
:1094200085476303F7029307800873B0078037E628
:10943000000037C5000013060640930540401305A1
:10944000C551EF10904601A036C62EC4EFF0DFA63E
:10945000185C5C5C2A8AA245B2466366F7008947BD
:1094600081446393F602834454041C5C368622854F
:1094700013998401EFF01FAF13598941FD5763170A
:10948000F9025C5089EB85445285EFF07FA3268575
:1094900041016F706F8913054402EF00706165D55B
:1094A000E38309FE854723A0F900F1BF9307F00786
:1094B0006313F9029307800873B0078037E6000052
:1094C00037C50000130606409305D0481305C55163
:1094D000EF10B03D01A08504E204E184A3029404EE
:1094E0005DB7EF72CF8215E19307800873B00780F4
:1094F00037E6000037C50000130606409305D04A42
:109500001305C551EF10703A01A03C412A8495C360
:109510009307800873B0078037E6000037C5000066
:10952000130606409305104B1305C551EF10F03795
:1095300001A01C41AE8485E71C4595C393078008B4
:1095400073B0078037E6000037C5000013060640F9
:109550009305604B1305C551EF10303501A0EFF0B6
:10956000BF95185C5C5C2A896379F70683475404CD
:10957000050718DC93968701E1867D576394E60220
:109580005C5081EB05444A85EFF09F9322856F6024
:109590005FFA13054402EF00B0516DD5E5D485475D
:1095A0009CC0CDB71307F0076393E60293078008CA
:1095B00073B0078037E6000037C500001306064089
:1095C000930550531305C551EF10302E01A08507A8
:1095D000E207E187A302F40475B701446DB7EF62B7
:1095E0009FF0011132C615E19307800873B0078020
:1095F00037E6000037C500001306064093051055F6
:109600001305C551EF10702A01A02A84AE8985E5A3
:109610003C4195C39307800873B0078037E600008C
:1096200037C5000013060640930550551305C55174
:10963000EF10B02701A0EF00B0620DE5B24701497D
:109640009DC39307800873B0078037E6000037C5D5
:109650000000130606409305A0551305C551EF10F1
:10966000D02401A001497D5A930A440237EB00E05F
:10967000916B95A8B24789E7EFF03F80014569A853
:10968000631509002808EF005050EFF00FFFEF00BE
:109690002079EFF04FFD83474404E207E1876394AC
:1096A00047012302040483475404E207E1876394DB
:1096B0004701A3020404EFF04FFC6C002808EF0000
:1096C000B04D25E52285EFF01F8831C9B24556859A
:1096D000EF00F0322285EFF09F92EF00700D19E15C
:1096E00023207B210549EFF00FF8045CC1D4CE851F
:1096F0002285FD14EFF03F8E04DC1C4899CB130546
:109700000401EF00F03A11C5B7E700E0116723A0AC
:10971000E720EFF08FF6054505616F605FE0228579
:10972000EFF0FF8DEF00D00875BF2285EFF03F8D81
:10973000EF0010082285EFF01F814DD581B7EF6251
:109740007FDB01112EC615E19307800873B00780F7
:1097500037E6000037C50000130606409305305E6B
:109760001305C551EF10701401A03C412A8495C324
:109770009307800873B0078037E6000037C5000004
:10978000130606409305705E1305C551EF10F011E6
:1097900001A0EF00F04C05E5B24795C393078008A0
:1097A00073B0078037E6000037C500001306064097
:1097B0009305C05E1305C551EF10300F01A0814421
:1097C0000149FD59130A4402B7EA00E0116B65A094
:1097D000B24795E795C09307800873B0078037E6D6
:1097E000000037C5000013060640930520631305EB
:1097F000C551EF10900B01A0EFF02FE87DA063158D
:1098000009002808EF007038EFF02FE7112DEFF076
:109810008FE583474404E207E1876394370123021D
:10982000040483475404E207E18763943701A302E9
:109830000404EFF08FE46C002808EF00F03541E1FC
:109840002285EFF04FF035C51C4089EBEFF0AFE11A
:109850000844EF003042AA84EFF02FE2B24552856F
:10986000EF00F0192285EFF08FF9EF00607419E135
:1098700023A06A210549EFF00FDF1C5CB1DBFD1767
:109880001CDC1C4081E7EF00D06208C41C4899CB67
:1098900013050401EF00D02111C5B7E700E01167FF
:1098A00023A0E720EFF06FDD8544268505616F601A
:1098B000BFC72285EFF0AFF4EF00806F65BF228550
:1098C000EFF0EFF3EF00C06E2285EFF0CFE75DD150
:1098D000E9DCEFF04FD95C50814589C71C58BD4584
:1098E0009C439D8D08448144EF00104FEFF0EFD86A
:1098F0006DBFEF62DFC1411115E19307800873B0BE
:10990000078037E6000037C50000130606409305C0
:10991000B02B1305C551EF10407901A004452EC6A8
:109920002A84EF009033B2456399A4005C44054556
:1099300085075CC441016F60DFBF2285EFF03FE027
:1099400075D95C4485075CC4F5B70DE5EF623FBC93
:109950009307800873B0078037E60000856537C538
:10996000000013060640938585AC1305C551EF1022
:10997000C07301A09DCD37860020930686AB81473A
:109980000147130686AB214883A846006398A800C8
:1099900093173700B2978CC3C8C321A891E783A857
:1099A000060063930800B6870507A106E31E07FDBE
:1099B000FDF38280EF62BFB541112A842EC632C406
:1099C000EFF06FCA834744047D572246E207E187E0
:1099D000B2456394E70023020404834754047D578F
:1099E000E207E1876394E700A302040432C62EC4B1
:1099F000EFF0AFC81C5CA245324689E7130544026C
:109A0000EF0010042285EFF08FDF41016F607FB21D
:109A1000138701961C4394439387019881E67D57F1
:109A200098C38280184358471843DDBFEF629FAC4C
:109A30009384C19583A901992A849C40884041114F
:109A4000A388070411052EC6EFF0EFCD7D5793874D
:109A5000C195B245631CE40295C9B787002093877E
:109A600007C69440D84398C610479440D0C6944047
:109A70001047910654C29440910614C798405CCB9D
:109A80009843050798C341016F601FAA98434E94FD
:109A900040C36379340103A541968C439105EFF0EF
:109AA000AFC5D5B703A501968C439105EFF0CFC4A0
:109AB000938701989843E378E4FC80C3E9B7EF62A9
:109AC0007FA337840020130444C79384C1969C402D
:109AD000EDDFEFF04FB95C4403A9C700130549005F
:109AE000EFF06FC4138781961C43FD171CC39C4085
:109AF000FD179CC0EFF06FB803250903EFF04F9DF1
:109B00004A85EFF0EF9CD1B7EF62FF9D1319260055
:109B1000AA8A4A852E8A368BBA8BBE89EFF00F85CA
:109B20001DC1AA8413054005EFF04F842A8409C99A
:109B300004D98147C146631A0A00230A050225A0F9
:109B40002685EFF0EF987D5569A23307FA000307E9
:109B500007003306F400230AE60201C78507E396EF
:109B6000D7FEA3010404B94763F377039307800882
:109B700073B0078037E6000037C500001306464182
:109B8000930570391305C551EF10205201A0130A37
:109B900044005285232674032322740523240404DD
:109BA000EFF0AFB313058401EFF02FB33D4713057A
:109BB000C9FF33077741269500C818CC40D023064B
:109BC0000404A306040423070404A30704042308CD
:109BD0000404A30804045A86D6854199EF605F8285
:109BE00008C06384090023A08900EFF0CFA7938702
:109BF00081969843B7890020050798C31387C195BC
:109C000018439384C195138989AF6316070C80C0EC
:109C1000984385476312F706938989AF930AC9125F
:109C20004E85D109EFF02FAAE39C3AFF378500203B
:109C3000930A45C2130545C2EFF0EFA8378500200F
:109C4000930985C3130585C3EFF0EFA7378500207F
:109C50001305C5C4EFF02FA737850020130545C7AE
:109C6000EFF06FA637850020130505C6EFF0AFA50E
:109C700023A0519723A231979387419798430507D3
:109C800098C3138781975C54144363F3F6001CC395
:109C90005147B387E702CA97D843144718C454C43E
:109CA000144723A246012324470198435CC80507B3
:109CB00098C3EFF08F9C83A7C198054599CB9C4032
:109CC000D8575C546377F700B7E700E0116723A02B
:109CD000E7206F60DF8483A7C198D9FF9C40D857E5
:109CE0005C54E3EBE7F880C041BFEF625F822A84F7
:109CF000EFF06F979384C19511E080401309440001
:109D00004A85EFF04FA21C5489C713058401EFF078
:109D10008FA1938741979843050798C39C4063930D
:109D2000870637850020CA85130545C7EFF04F9B8E
:109D30009387C1969843050798C3EFF00F949C4012
:109D4000638887000858EFE0BFF82285EFE05FF8EE
:109D500083A7C198A9C79C406393870483A70197F1
:109D600095CB9307800873B0078037E6000037C5AE
:109D70000000130646419305C04D1305C551EF1071
:109D8000C03201A09387819698437D1798C3EFF066
:109D90003FC865B7B7E700E0116723A0E7206F6011
:109DA0004FF9EF62CFF6B7E5000037A500009387C3
:109DB000C19701478146130600209385854213050C
:109DC000E5ABEFF07FD4054463178502EF00103B4D
:109DD000631385029307800873B007807D5723A023
:109DE000E19823A6A19823A80198EFE0DFFB83A7C1
:109DF00041816F600FF4FD57E31BF5FE9307800868
:109E000073B0078037E60000856537C5000013068C
:109E10004641938505841305C551EF10002901A023
:109E2000938701979843050798C3828003A50199FA
:109E3000828083A7019763960716EF624FED9387A1
:109E400001998043050480C329E4938701969843D0
:109E500018431DC39307800873B0078037E60000DE
:109E6000856537C5000013064641938575AC13051B
:109E7000C551EF10802301A01387419694431043EE
:109E800090C314C3938741989843050798C3EFF094
:109E90003FB8938701989C43378700201386019829
:109EA000130787AF9385C19501456373F4029C4105
:109EB000D146DC57B387D7023E971843854763F3F3
:109EC000E700054583A7419991C305456F606FE69B
:109ED000514F938701969443944281E6FD571CC2EB
:109EE000F9B79C43DC47DC47D4436374D40014C205
:109EF0007DBF83A8870003A8C700D44B1383470006
:109F000023A408012322180183A846006394680053
:109F100023A2060103A8060023AA07007D1823A098
:109F20000601945795CA03A8C70183A8070283AF07
:109F300046002324180183A8070223A208011388DE
:109F4000870163940F0123A2160103A8060023A42E
:109F500007027D1823A006019386819703A8C702F4
:109F600083A8060063F4080123A00601B306E803F2
:109F7000BA9683A8460083AF880023A4170123A6BE
:109F8000F70183AF880023A26F0023A46800D4CB1D
:109F90009C4285079CC29C41DC57E36CF8F2054566
:109FA0000DBF9387819898430145050798C3828028
:109FB000EF624FD4138401971C4041119DE3930736
:109FC000800873B0078037E60000856537C500005C
:109FD000130646419385358B1305C551EF10E00CF0
:109FE00001A0EFE05FE81C40FD171CC01C4089CBBE
:109FF00001452AC6EFE07FE8324541016F60CFD2CC
:10A0000083A78196F5D7B786002037850020814742
:10A010009386C6C4130585AFD148854E59A8DC4642
:10A02000DC47CC4F9053985790C503A807022322D2
:10A03000B80003284700938587016313B80050C315
:10A04000104323A407027D1610C38C47D047D84B7A
:10A050001388470090C54CC24C436393050150C31D
:10A06000104323AA07007D1610C313878197D0578A
:10A070000C4363F3C50010C3330716032A974C4300
:10A0800083AF85008CC723A6F70183AF850023A289
:10A090000F0123A405010C43D8CB85050CC31387FE
:10A0A000C195184358576366E600138741992320EA
:10A0B000D70198422DF799C3EFF09F9513878198A8
:10A0C00004431384819889CC8549EFF09FD609C554
:10A0D0009387419923A03701FD14E5F8232004005C
:10A0E00083A74199E38607F0B7E700E0116723A053
:10A0F000E7200545FDBD19E5B7E700E0116723A09E
:10A10000E7208280EF62AFC083A70197411195C31A
:10A110009307800873B0078037E6000037C500005A
:10A1200013064641930590541305C551EF00F0778F
:10A1300001A02AC6EFF0DFCE32458145EFF01F8F38
:10A14000EFF01FE711E5B7E700E0116723A0E72074
:10A1500041016F600FBE03A701979387419901C723
:10A16000054798C38280EF628FBA23A007009387C8
:10A17000C19598439C431384C19518439C5B63E845
:10A18000E70008400C4093854503EF60AFC8138794
:10A190008197184313868197B7870020938787AFED
:10A1A0005148B3060703B385D700884105C5C841A8
:10A1B000A106BE964841C8C16314D5005441D4C11C
:10A1C000D146B306D702B697DC43DC471CC018C2A1
:10A1D0006F602FB61DE39307800873B0078037E6E2
:10A1E0000000856537C5000013064641938525C0EC
:10A1F0001305C551EF00706B01A07D175DB7EF62CD
:10A200000FB11DE19307800873B0078037E60000A7
:10A21000856537C50000130646419385C5C1130502
:10A22000C551EF00906801A02E8483A5C195E1057A
:10A23000EFE09FCC85452285EFF04FFF6F606FAF59
:10A24000EF62EFAC2A871DE19307800873B00780A7
:10A2500037E60000856537C5000013064641938543
:10A2600025C51305C551EF00506401A09387C19522
:10A2700054432E858C4303A88600D4CD8C4323A061
:10A28000050303A807008C46610823A2050103A863
:10A2900007009C43610823A4060198D71C43850747
:10A2A0001CC311C27D55B285EFF04FF86F606FA8E7
:10A2B0005C45DC478DE7EF628FA59307800873B09C
:10A2C000078037E60000856537C500001306464164
:10A2D000938525C81305C551EF00305D01A0D04F0F
:10A2E000945398579385870114C6D0C25043631383
:10A2F000B60054C3144323A40702FD1614C303A7D6
:10A300000197D45735E78C47D047D84B90C5D047F5
:10A3100048434CC2938547006313B50050C31043B4
:10A3200023AA07007D1610C3138781971043637318
:10A33000D60014C351473386E6023787002013073F
:10A3400087AF32975043084690C7C8C708464CC1EC
:10A350000CC6D8CB1C43014585071CC383A7C195F8
:10A36000DC5763F6D700054723AAE19805458280AC
:10A37000378700201307C7C450430846D0CF88D37F
:10A3800008464CC10CC698D7F1B783A741981CC1A9
:10A3900083A701995CC18280EF626F9741111DE133
:10A3A0009307800873B0078037E60000856537C5DE
:10A3B0000000130646419385D5CF1305C551EF0024
:10A3C000D04E01A09DE19307800873B0078037E667
:10A3D0000000856537C50000130646419385E5CF2B
:10A3E0001305C551EF00704C01A02EC62AC4EFE042
:10A3F0009FA71387C19583A601991C432245B245A7
:10A4000083C7170599CB1C43A38807040544EFE0D5
:10A41000DFA6228541016F60CF919C417D570144A9
:10A42000E387E7FE03A64198032805005841630728
:10A43000C80063E5E60023A00500C9BF3386E640F7
:10A44000E37BF6FE958FBA979CC1EFF01FF40144B1
:10A450007DBF054723AAE198828003A5C19582802C
:10A4600083A7C198054591C703A50197133515002A
:10A47000060582804DC1EF62EF879387C1959443B3
:10A4800058551389C195D4566371D7081C4D63C8BC
:10A49000070083270900D457BD47958F1CCD51462F
:10A4A0003307C702B7870020938687AF938487AFAF
:10A4B000369754496396E604930945002A844E85ED
:10A4C000EFE07FA68327090013878197DC571443A9
:10A4D0005CD463F3F6001CC35147B387E702A69729
:10A4E000D843144718C454C4144723A23601232464
:10A4F000370198435CC8050798C305456F60CF8254
:10A5000083270900DC575CD5CDBF9C436841DC57ED
:10A510003335F500E5B70145828011E501458280BC
:10A5200001456F600F81EF529FFE83A7C1952A847A
:10A530006384A7029307800873B0078037E60000A2
:10A54000856537C50000130646419385F50413055C
:10A55000C551EF00903501A0BC479DE393078008EB
:10A5600073B0078037E60000856537C50000130625
:10A570004641938505051305C551EF00103301A031
:10A5800054557841FD173CC5E38CE6F8D1FB9304A4
:10A5900045002685EFE03F997C403D471D8F18CC54
:10A5A0001387819714435CD463F3F6001CC35147AF
:10A5B0003387E702B7870020938787AF0545BA97AF
:10A5C000D843144718C454C41447C4C204C798439A
:10A5D0005CC8050798C3B1B761CDEF525FF334454E
:10A5E0002A849DE29307800873B0078037E6000055
:10A5F000856537C50000130646419385F5091305A7
:10A60000C551EF00902A01A07C4163F3B700AE87EB
:10A610005854630DF7080546639AC60883A6C1958A
:10A62000639486029307800873B0078037E60000C2
:10A63000856537C50000130646419385A50B1305B4
:10A64000C551EF00902601A0144C5CD463C60600EF
:10A65000BD46B387F6401CCC51463307C702B787C7
:10A660000020938687AF938487AF36975448639FC3
:10A67000E602130944004A85EFE0FF8A13878197B9
:10A680005C54144363F3F6001CC35147B387E702DD
:10A69000A697D843144718C454C4144723A22601CC
:10A6A0002324270198435CC8050798C36F507FE8AF
:10A6B00082801387C19518439387C19509C7944336
:10A6C000B8460507B8C688438280EF525FE4EFE0E2
:10A6D0008FF91384419A1C40B1E337850020130998
:10A6E00085C8130585C8EFE00FFE37850020930469
:10A6F000C5C91305C5C9EFE00FFD23AC219901467B
:10A70000C145114523AE9198EFE0DFA208C019C5FD
:10A71000B7E5000093854545EFF02FA3EFE0EFF597
:10A720006F503FE1EF52BFDE4CC108C9AA8763609A
:10A73000B602184D158E05456379E60093854700EE
:10A7400003A5C199EFE04FFB01456F509FDE637594
:10A75000D6000545E3FBD5FE9385470003A5819907
:10A76000D5B7EF52DFDA2A84AE8432890C4CA68644
:10A770004A86A6952285EFF0FFFA19E16F507FDB3C
:10A780001C4C2285BE941C508297CDB7EF523FD807
:10A7900083A781994111AA84DC472EC6C0471305BF
:10A7A0004400EFE04FF883474402324613F7470076
:10A7B00019CBA6852285EFF0DFFA1C5022858297FF
:10A7C00041016F501FD7F99B2302F402FDB7EF52EE
:10A7D0001FD49386819998421C4381EB9387C1993A
:10A7E000904398C390C26F50DFD45C47FD558843B7
:10A7F000EFF0DFF9F9BFEF521FCF396941111309AB
:10A80000094383A78199984329CBDC47814C03AC4A
:10A810000700EFF0EFE0EFF06FE183A7019A2A84E1
:10A820009384019A138A419A636CF50288C063800D
:10A830000C0483A7C19990431336160003250A0020
:10A84000B3058C40EFF00F97EFF08FF619EDB7E7F7
:10A8500000E0116723A0E72009A8854C014C55BFF3
:10A86000EFF0FFF680C0EFF0AFF4214C0DA00146F1
:10A87000E36685FDEFF0CFF3A2856285EFF01FF16F
:10A88000EDB79247B2458297824763DD0700032503
:10A890000A0001468A85EFE09FD425D582472245EC
:10A8A000E3C107FE22445C489DE3EFF02FD89C40B3
:10A8B000AA8C6374F500EFF09FF1824723A0940106
:10A8C000FD17E366FCFC8A07CA979C438287130541
:10A8D0004400EFE04FE5D1BF834744020C4C924661
:10A8E00093E717002302F4026686B6952285EFF0FF
:10A8F0007FE351DD8347440213F7470001CF1C4C2F
:10A90000924566862285BE95EFF0BFE51C502285F4
:10A910008297B5BFF99B2302F402CDBF834744025F
:10A92000F99B2302F402A5B783474402924593E7BB
:10A9300017002302F4020CCC95E19307800873B052
:10A94000078037E6000037C500001306C6459305AB
:10A9500090351305C551EF00407501A0E686668667
:10A96000E6952285EFF01FDC1DB78347440213F7FD
:10A9700027005DF72285EFE0AFB511BFEF523FB979
:10A98000EFF0BFD483A7419A95E39307800873B093
:10A99000078037E6000037C500001306C64593055B
:10A9A00090111305C551EF00407001A0B7E50000FC
:10A9B00037A500009387819A15478146130600202A
:10A9C000938545471305657FEFF00F945DDD6F506C
:10A9D0005FB6EF523FB2AA8A13058002AE84328975
:10A9E000368ABA89EFE08F982A8431C9230205029A
:10A9F00095E09307800873B0078037E6000037C5FD
:10AA000000001306C6459305B0161305C551EF00A7
:10AA1000C06901A0EFF07FCB13054400232054014F
:10AA200004CC232E440123203403EFE00FCB630832
:10AA300009008347440293E747002302F40222857A
:10AA40006F509FAEEF52BFAC01110DE1930780082C
:10AA500073B0078037E6000037C500001306C6450F
:10AA60009305B0181305C551892501A01384419A97
:10AA70001C403AC62A8801458DC7B6882EC832CAFE
:10AA800042CC954663C2B602EFF09F9D324789479C
:10AA900081463A866303F500014608400C08EFE062
:10AAA0002FF005616F50FFA8814646860C083E8551
:10AAB000EFE03F91FDB79387419B98433A9588C358
:10AAC000828083A7019C81461387019CB705008083
:10AAD00090436356060091C21CC301458280904397
:10AAE000131806016343080290431376062011CE23
:10AAF00090431376061011CA91C21CC398430A07EB
:10AB0000498371171AA1884782808CC38546DC4728
:10AB1000C1B79387019C9843B706008014C3584778
:10AB200098C3B797024023A407008280B70700208C
:10AB300083A7470D014598436343070088478280F8
:10AB4000B706002083A7460D370600304E05984310
:10AB50004D81C8C3518F98C398433706008005457F
:10AB6000518F98C311463797024050CB23220700DC
:10AB7000DC4723AAF60C8280B7860240DC42370706
:10AB800000801347E7FFF98FDCC282801387419B67
:10AB90009387C19B90431443918E130610036373F4
:10ABA000D60AEF52DF969384819B18438A2085450D
:10ABB00098C3EF50FFDC8A208545EF507FDC13847B
:10ABC000819C11891389019B1C2039CD85EF8A2036
:10ABD000FD45EF50FFDA85471CA09377850085CBB4
:10ABE000378702401C439166D58F1CC3B78602404D
:10ABF0009C4241890DC5056713070780D98F9CC208
:10AC0000EF50FFF085472300F9006F509F92B78601
:10AC100002409C4271777D17F98F9CC2C1BF7D773E
:10AC20001307F77FF98FE1BF99CB0145230004009B
:10AC3000EF50BFDFEF50BFEC0145EF505FE0230066
:10AC40000900E1B78280EF52FF8A4111AA84EF50D8
:10AC50007FD123A6A19A2388019A51452384019C80
:10AC6000EFF06FC985457165EF608F958547854524
:10AC70007545239CF19AEF608F960545EF501FFABA
:10AC8000371901400D44E14991474C0013050980F3
:10AC90007C824EC622C4EF507FEC894A4C003715A7
:10ACA00001404EC6056B2312510122C4EF501FEB29
:10ACB00093070B804C00130509C07C824EC622C44A
:10ACC000EF50DFE94C00130509C04EC623126101A5
:10ACD00022C4EF50BFE889674C00130509C07C828D
:10ACE0004EC622C4EF509FE791494C0013050980DE
:10ACF0002312510122C44EC6EF505FE693070008AD
:10AD00004C00130509807C8222C44EC6EF501FE51B
:10AD1000C1474C00371501407C8222C44EC6EF501B
:10AD2000FFE3930700024C00371501407C8222C4E8
:10AD30004EC6EF50BFE20145EF604F914145EF60D5
:10AD4000CF8E3565EF606F8F0545EF602F90138ACA
:10AD5000819B1305D003EF606F8A65DD0964EF50B6
:10AD60001FC113040471EF503FD8379902407D147E
:10AD7000420429454180EFF00FB809C48327090038
:10AD8000858BF5F7B787024003540A0013070020AC
:10AD900023A8070098C313070004D8C323A40700FF
:10ADA00023A6070023AC070023AE0700B707200047
:10ADB000379702409387070C1CCF21668145228577
:10ADC000EF509FC11309803E7D194209294513594F
:10ADD0000901EFF04FB26315090C0146F9452285D0
:10ADE000EF509FBF1306101E91452285EF50DFBE26
:10ADF00005661306062081452285EF50FFBDDC3035
:10AE0000D820B7860240A207D98FBCC298309C20B8
:10AE1000616522075D8FBC2085451305150CC207AF
:10AE20005D8FBC30E207D98FFCC2B707200023A892
:10AE3000F610B70702009387070223A6F610EF501B
:10AE40001FD037850020B7950020130405CF094691
:10AE50009385054E130505CFEF50BFBF3785002002
:10AE6000B7850020930405CB1146938505D11305C2
:10AE700005CBEF507FC223A0919C23A2819C83A786
:10AE8000419B9387E7FC23AEF19AB7E700E009679F
:10AE900023A4E7104157A386E74441016F50CFE850
:10AEA00081452285EF50DFAD93170501E3CE07F012
:10AEB0002DB74111B797024022C6C04B13170401AA
:10AEC000635E07001377040819C723A4070013055E
:10AED0000008EF505FC22165EF50FFC19317F400E7
:10AEE00063D507029377040499C7EF608FC01305F9
:10AEF0000004EF505FC0058811C4EF602FC2054504
:10AF0000EF507FBF4165EF501FBF324441017300D6
:10AF10002030EF52CFDF2A841165011185451105DC
:10AF2000EF50FFEB930700207C82371501408D47DF
:10AF30003EC44C00E147130505803EC6EF501FC2DA
:10AF400022C837440140B70708000C0813050480E5
:10AF50003ECC02CA231E0100EF507FF38545130546
:10AF60000480EF509FFC05616F50AFDCEF528FD82B
:10AF7000B7440140AE89328901449384048063451B
:10AF800024014A856F504FDA930500042685EF505F
:10AF9000BFFB7DD9B387890083850700268505041B
:10AFA000C205C181EF50DFF9D9BF138781811C43EE
:10AFB000B7A600209386C60C3E95636BD500B706F6
:10AFC00001209386068063E5A60008C33E85828043
:10AFD000FD57EDBF01476314E60001458280B307CA
:10AFE000E5000507B386E5009C2383C6F6FFE384EE
:10AFF000D7FE3385D7408280B3C7A5008D8B33073A
:10B00000C50081E78D4763EDC700AA87637EE50829
:10B01000942185078505A38FD7FEE3EBE7FE8280A9
:10B0200093763500AA8789CA942185078505A38F61
:10B03000D7FE93F63700C5BF9376C7FF138606FE8B
:10B0400063F0C70683A3050083A2450083AF850094
:10B0500003AFC50083AE050103AE450103A385011F
:10B0600083A8C5019385450223A0770003A8C5FFE7
:10B0700023A2570023A4F70123A6E70123A8D701A1
:10B0800023AAC70123AC670023AE170193874702A9
:10B0900023AE07FF75B790419107910523AEC7FE18
:10B0A000E3EBD7FEE3E6E7F6828039713EDA2ED293
:10B0B00032D436D63AD842DC46DE9387C18122CCE0
:10B0C000804326CA06CEAA8409C41C4C99E3228573
:10B0D00049230C4454102686228536C6EF00701C86
:10B0E000F2406244D24421618280011126CA4AC8DA
:10B0F00006CE22CC4EC652C4AA842E8901C51C4D50
:10B1000091E3812B9C4C804499E3268599239737C2
:10B1100000009387E738631BF402C0405E24A18BD4
:10B12000B1C71C48A1C7FD59294A1C4483450900E1
:10B13000FD17B1E91CC463DD07062286A9452685F3
:10B140003922FD576308F502294535A097370000DD
:10B15000938707376314F4008044C9B7973700001A
:10B1600093870732E31CF4FAC0444DBFA2852685BD
:10B17000692A55D97D55F2406244D2444249B249C8
:10B18000224A056182801CC4050963D70700184C58
:10B1900063CAE700638845011C401387170018C085
:10B1A0008CA361B7228626855D20E31035F9D9B7D7
:10B1B0001C401387170018C0294798A371B79387BD
:10B1C000C181AA8588436FF05FF241119387C181E5
:10B1D00022C4804306C61C5C8DEB6145D92DB73770
:10B1E000CDAB08DC9387E7301CC1B7176DE69387BA
:10B1F00047235CC1B7E705009387C7EE1CC5AD4781
:10B200005EA50547814718C95CC9105C3787954C16
:10B21000B7F75158144A484A1307D7F29387D742D1
:10B22000B387F602B24022443305E5023E95B38768
:10B23000E60233B7E6029386170014CA2A9733B59D
:10B24000F6003A9548CA0605058141018280011140
:10B2500022CC26CA4AC806CE4EC6AA842E8932847B
:10B2600001C51C4D91E3F5269737000093874723CE
:10B270006317F406C0401C4C1CC45E24A18BC1C3E0
:10B280001C48B5CF1C4808409379F90F1379F90F82
:10B290001D8D5C486346F500A2852685692C25E551
:10B2A0001C440505FD171CC41C401387170018C05B
:10B2B000238037015C486388A7005E24858B81CB9F
:10B2C000A9476316F900A2852685B5240DEDF24045
:10B2D00062444A85D2444249B24905618280973727
:10B2E00000009387E71D6314F400804469B7973723
:10B2F00000009387E718E310F4F8C044ADBFA285BF
:10B300002685212041D17D59D9B741119387C1812B
:10B3100026C2844322C44AC006C62A892E8489C410
:10B320009C4C99E32685352697370000938747176D
:10B33000631BF402C0400317C40093170701C183C5
:10B3400093F68700ADEA93F6070195EEA547232013
:10B35000F900136707045AA47D55B2402244924471
:10B360000249410182809737000093876715631473
:10B37000F4008044C9B79737000093876710E31C37
:10B38000F4FAC0444DBF918B9DC34C5889C99307B3
:10B3900044046384F5004A851523232A04025E24AD
:10B3A0002322040093F7B7FD5EA41C481CC05E2452
:10B3B00093E787005EA41C4899EB5E2413070020E6
:10B3C00093F707286385E700A2854A8591295E24C3
:10B3D00013F717001DC35C4823240400B307F04093
:10B3E0001CCC1C480145B5FB8317C40013F70708A4
:10B3F0002DD793E707045EA485B7898B014791E3B6
:10B40000584818C4F9BFDE25011122CC26CA06CE41
:10B410004AC84EC613F78700AA842E8479EBD84118
:10B42000634DE000B841634AE0000145F2406244E8
:10B43000D2444249B2490561828058547DD703A95C
:10B4400004009396370123A0040063DB06067048CE
:10B450005E24918B99C75C401D8E5C5899C33C401B
:10B460001D8E5C540C50814626858297FD575A24C8
:10B47000631DF5009440F54763E8D706B707402001
:10B480008507B3D7D700858BA5C31C4823220400AA
:10B490001CC09317370163D80700FD576314F500EC
:10B4A0009C4091E368C84C5823A02401BDDD93075C
:10B4B00044046384F50026851121232A0402B5B7CC
:10B4C0000C500146854626850297FD572A86E311D2
:10B4D000F5F89C40B5DF75476385E70059476393EE
:10B4E000E70423A0240191B7136707045AA47D55EC
:10B4F00035BF83A90501E38A09F203A905008D8BF5
:10B5000023A0350133093941014791E3D84918C4D3
:10B51000E35D20F11C540C50CA864E862685829726
:10B520006347A0005E2493E707045EA4C9B7AA9905
:10B530003309A940F1BF9C49A5C3011122CC06CE15
:10B540002A8411C51C4D81E72EC62122B2459737AA
:10B5500000009387E7F4639CF5004C408397C50097
:10B560009DC722856244F24005616FF0DFE997379D
:10B5700000009387E7F46394F5000C44C5B7973750
:10B5800000009387E7EFE39BF5FC4C44C1BFF2401A
:10B59000624401450561828001458280411122C4D7
:10B5A00006C62A844EA572A5232005002322050085
:10B5B000232405002322050623280500232A05004D
:10B5C000232C0500214681451305C505EF403FF7B3
:10B5D000971700009387A7B35CD097170000938755
:10B5E000C7B51CD4971700009387A7B95CD49717E9
:10B5F0000000938707BC00D01CD8B2402244410110
:10B60000828097050000938545F391AA411126C2D7
:10B61000130680069384F5FFB384C4024AC02E89C2
:10B6200022C406C693854407352E2A8401CD2320E3
:10B63000050023222501310508C4138684068145AF
:10B64000EF40FFEF2285B24022449244024941017B
:10B6500082801C4DA5E7411106C622C49707000051
:10B66000938767FA1CD5938781849C432324050420
:10B6700023260504232805046314F50085471CCD03
:10B680002A84352848C022851D2808C4228505281B
:10B6900048C4484001469145EFF05FF00844054634
:10B6A000A545EFF0BFEF48440946C945EFF01FEF4D
:10B6B00085471CCCB24022444101828082804111E6
:10B6C0009387818426C284434AC006C69C4C22C408
:10B6D0002A8981E72685EFF0DFF79384840480448C
:10B6E000DC40FD1763D607009C40B9CF8440C5BF3E
:10B6F0000317C40039E7C1778507232204062320F6
:10B70000040023220400232404005CC42328040032
:10B71000232A0400232C0400214681451305C40577
:10B72000EF40FFE1232A0402232C04022324040413
:10B73000232604042285B240224492440249410156
:10B7400082801304840671BF91454A85EFF01FEC97
:10B7500088C049FDB1472320F9000144E1BF797158
:10B7600022D44AD052CC56CA5AC85EC606D626D271
:10B770004ECE2A8AAE8A130485040149054BFD5B2F
:10B7800009ECB25022544A8592540259F249624A55
:10B79000D24A424BB24B4561828004448329440023
:10B7A000FD1963D409000040E1BFDE24637BFB0088
:10B7B0008397E40063877701A6855285829A33696F
:10B7C000A90093848406E9BF1971A6DAAE84839533
:10B7D000E500A2DC86DE328463DB0500DE2423A0E4
:10B7E000060093F7070885E7930700401DA030087F
:10B7F00036C6EF009022B246E34205FE7247BD67AF
:10B80000F98F7977BA9793B717009CC2F1BF930766
:10B8100000041CC0F6506654D6540145096182806C
:10B82000DE25011122CC06CE26CA4AC8898B2E8479
:10B8300089CF930774041CC01CC885475CC8F240BC
:10B840006244D24442490561828074003000AA8477
:10B85000EFF09FF7A2452A892685292219E9831747
:10B86000C40013F7072061FFF19B93E727005EA454
:10B87000C9B797070000938707D99CD45E2408C0F6
:10B8800008C893E707085EA4A2475CC8B24781CF07
:10B890008315E4002685EF00701B11C55E24F19B23
:10B8A00093E717005EA45E243369F9002316240190
:10B8B00079B79387C181AA8588436DA0DDC183A72D
:10B8C000C5FF411122C406C626C21384C5FF63D337
:10B8D00007003E94AA84EF00301F9387C19C9C43CD
:10B8E00081EF2322040023A6819C2244B2402685B6
:10B8F000924441016F00701D637EF40014403307D1
:10B90000D4006396E7009843DC43369718C05CC0C8
:10B91000D9BFBA87D84319C3E37DE4FE9443338685
:10B92000D700631F86001040B29694C33386D700B9
:10B93000E31DC7FA10435843B29694C3D8C375B7F2
:10B940006375C400B1479CC04DB71040B306C40036
:10B950006316D70014435843B29614C058C0C0C3EE
:10B9600069B78280011126CA93843500F19806CE0A
:10B9700022CC4AC84EC6A104B14763F3F404B144D3
:10B9800063E2B4042A89EF0030149387C19C984382
:10B990003A8439E09387019D9C4391E781454A852C
:10B9A000252F23A8A19CA6854A853D27FD5963190B
:10B9B0003507B1472320F9004A85EF00101129A06F
:10B9C000E3D004FCB1471CC10145F2406244D244BB
:10B9D0004249B249056182801C40858F63CF0702CE
:10B9E000AD4663F6F6001CC03E9404C031A05C4036
:10B9F0006313870223A6F19C4A85EF00100D1305FF
:10BA0000B4009307440061993307F5405DDF3A9431
:10BA1000898F1CC05DBF5CC3C5B72287404095BFFE
:10BA2000130435007198E30285FCB305A4404A85F0
:10BA30006525E31C35FBB5BF1C46FD171CC663DA44
:10BA40000700184E63C5E700A9476394F5006FF03F
:10BA50001F801C422E851387170018C28CA382807A
:10BA6000011122CC26CA4AC84EC652C406CE2A8923
:10BA7000AE893284B304D6007D5A63149400014524
:10BA800009A80C204E864A85EFF01FFB0504E3163B
:10BA900045FFF2406244D2444249B249224A05611C
:10BAA0008280357122CD26CB4AC94EC706CF52C5FA
:10BAB00056C35AC1DEDEE2DCE6DAAA89AE843289F8
:10BAC000368409C51C4D99E3EFF0BFB897370000E5
:10BAD0009387079D6398F40C83A44900DE24A18B0F
:10BAE000E5C79C48F5C393070002A304F10293073E
:10BAF000000302D22305F10222C6930B5002973AAB
:10BB00000000938AEA9D054C294B4A841C2099C366
:10BB1000639F770DB30C2441638E0C00E6864A8642
:10BB2000A6854E85EFF0DFF3FD57630FF51C9256A7
:10BB3000E69636D21C206389071CFD5713091400B2
:10BB400002C802CE3ECA02CCA309010482D48345B6
:10BB5000090015465685A92F13041900C24751E95B
:10BB600013F7070109C713070002A309E10413F73C
:10BB7000870009C71307B002A309E104834609003F
:10BB80001307A002638FE606F2474A8481462546E2
:10BB9000182093051400130707FD6377E60AB5CA5A
:10BBA0003ECE85A897370000938787916395F40070
:10BBB00083A4890025B7973700009387678CE39F9C
:10BBC000F4F083A4C90019BFA6854E85EFF0EFF30A
:10BBD00019D97D55FA406A44DA444A49BA492A4A91
:10BBE0009A4A0A4BF65B665CD65C0D61828005045E
:10BBF00031BF330555413315AC00C98F3EC822898A
:10BC0000B9B7324793064700184336C66347070261
:10BC10003ACE18209307E002631DF704183093070B
:10BC2000A002631BF702B2470904138747009C4335
:10BC30003AC663C107023ECA2DA83307E04093E726
:10BC400027003ACE3EC8F1B7B387670385462E84F6
:10BC5000BA973DBFFD57C5B7050402CA8146814763
:10BC60002546182093051400130707FD6374E606A4
:10BC7000F9F20C200D46173500001305E5860D2D51
:10BC800011CD97370000938727861D8D93070004F9
:10BC9000B397A700424505045D8D2AC80C201946BC
:10BCA0001735000013058584130914002304B1021D
:10BCB000012535C19747FFFF9387C73495E7424772
:10BCC000B2471377071009CF91073EC69257D29714
:10BCD0003ED225BDB387670385462E84BA9751B7F8
:10BCE0009D07E19BA107D5B77800970600009386D2
:10BCF00066D726860C084E8597000000E7000000F6
:10BD0000FD572A8AE314F5FCDE2493F70704E39237
:10BD100007EC1255C1B5780097060000938686D4CB
:10BD200026860C084E85012AE1BF797156CA9C49C6
:10BD3000BA8A984522D426D24ECE52CC06D64AD0C4
:10BD40005AC85EC6AA892E84B284368A63D3E700B5
:10BD5000BA879CC00347340419C385079CC01C40A4
:10BD600093F7070281C79C4089079CC00329040000
:10BD700013796900631A0900130B9401FD5B5C449D
:10BD80009840998F634CF9041C408346340493F720
:10BD90000702B336D000A5EB13063404D2854E85D6
:10BDA000829AFD576303F5041C4011469840998B15
:10BDB000544481446397C700B384E64063D30400CE
:10BDC00081441C4418486354F700998FBE9401497C
:10BDD00069047D5B63982405014509A885465A8658
:10BDE000D2854E85829A631E75017D55B2502254CC
:10BDF00092540259F249624AD24A424BB24B4561CF
:10BE000082800509ADBF3307D40013060003A301E8
:10BE1000C7040347540493871600A2978906A38199
:10BE2000E7049DBF85462286D2854E85829AE30E21
:10BE300065FB050945B7797122D426D24AD04ECE8A
:10BE400006D652CC56CA5AC8B689942D9307900686
:10BE50003289AA842E8413863504638DF60263E248
:10BE6000D706930780056386F61863EDD700638EC7
:10BE7000062093073004638EF60A930A24042301F4
:10BE8000D404C9A0930730066385F60A93074006D9
:10BE9000E395F6FE1C40084393F60708930545001A
:10BEA000C5C61C410CC363D807001307D002B307F3
:10BEB000F040A301E404972600009386A663294777
:10BEC00065A8930700076382F61663E5D702930718
:10BED000E0066389F6189307F006E390F6FA0C4043
:10BEE0001C4313F80508138547006307080608C3B9
:10BEF0009C4385A893075007E383F6FE93078007CA
:10BF00006389F61293073007E399F6F61C43D04194
:10BF100081459386470014C383AA07005685492E9E
:10BF200001C53305554148C05C401CC8A301040449
:10BF300061A81C43930A2404938647009C4314C3BE
:10BF40002301F4048547D5B793F607041C410CC3BD
:10BF5000B9DAC207C18781BF93F5050408C3C9D9FF
:10BF60009E231307F0066387E60E9726000093864C
:10BF700066582947A30104044C400CC463C505005E
:10BF800008406D9908C099E3B28A89CDB28AB3F5A9
:10BF9000E702FD1AB6958C212380BA00B3D5E702DB
:10BFA00063F0E70CA147631EF7001C40858B91CB23
:10BFB00058401C4863C7E70093070003A38FFAFEAD
:10BFC000FD1A3306564110C84E87CA867000A285F6
:10BFD0002685EFF09FD57D5A631D450B7D55B250E8
:10BFE000225492540259F249624AD24A424B456164
:10BFF0008280A382D504972600009386A64F0C402A
:10C00000084313F805081C411105630D080208C315
:10C0100013F7150001C793E505020CC04147B9FBB2
:10C020000C4093F5F5FD0CC0B1B79C4193E70702B6
:10C030009CC193078007A302F4049726000093860F
:10C04000A64C75BF13F8050408C3E30308FCC20738
:10C05000C1837DBF972600009386C649214719BF3B
:10C06000AE8735B794411C43CC4913F806081385B5
:10C0700047006306080008C39C438CC339A008C36B
:10C0800093F606049C43F5DA8EA323280400B28AB3
:10C0900025BF14485686CA8526858299E30045F552
:10C0A0001C40898B8DE7B2474844E35AF5F23E8540
:10C0B0003DB785465686CA8526858299E30065F395
:10C0C000050A5C443247998FE345FAFEE9BF014A0D
:10C0D000930A94017D5BF5B7411122C42A842E8511
:10C0E00097E7FF1F23A407FE06C6EFE01FECFD57EE
:10C0F0006319F50097E7FF1F938747FD9C4391C3A2
:10C100001CC0B240224441018280411122C42E84CD
:10C110008395E50006C65D2A634905007C48AA9719
:10C120007CC8B2402244410182805E247D777D1725
:10C13000F98F5EA4FDB7DE25011122CC26CA4AC8BC
:10C140004EC606CE93F70710AA842E843289B6898C
:10C1500091C78395E500894601460D225E247D77CF
:10C160007D17F98F5EA48315E4006244F240CE8609
:10C170004A86B24942492685D244056125A8411123
:10C1800022C42E848395E50006C6CD28FD575A2487
:10C19000631AF500FD77FD17F98F5EA4B2402244C3
:10C1A000410182808567D98F5EA468C8C5BF839529
:10C1B000E50025A8411122C42A842E85B285368641
:10C1C00097E7FF1F23A407F006C6EFE03FDAFD570D
:10C1D0006319F50097E7FF1F938747EF9C4391C3CF
:10C1E0001CC0B240224441018280411122C42A84F1
:10C1F0002E8597E7FF1F23AB07EC06C61122FD57DC
:10C200006319F50097E7FF1F938747EC9C4391C3A1
:10C210001CC0B240224441018280411122C42A84C0
:10C220002E85B28597E7FF1F23A207EA06C6CD2019
:10C23000FD576319F50097E7FF1F938727E99C4394
:10C2400091C31CC0B240224441018280411122C4EA
:10C250002A842E8597E7FF1F23AA07E606C6C92072
:10C26000FD576319F50097E7FF1F938727E69C4367
:10C2700091C31CC0B240224441018280411122C4BA
:10C280002A842E85B285368697E7FF1F23A007E410
:10C2900006C67928FD576319F50097E7FF1F9387B6
:10C2A000E7E29C4391C31CC0B2402244410182801A
:10C2B00093F5F50F2A966314C500014582801C2171
:10C2C000E38EB7FE0505C5BF82808280411122C47E
:10C2D0002A842E85B285368697E7FF1F23A807DEBE
:10C2E00006C6B928FD576319F50097E7FF1F938726
:10C2F000E7DD9C4391C31CC0B240224441018280CF
:10C300009307800517E7FF1F2322F7DC7D55828006
:10C310009307800517E7FF1F232AF7DA7D558280F0
:10C320009307800517E7FF1F2322F7DA0145828074
:10C330009307800517E7FF1F232AF7D87D558280D2
:10C340009307800517E7FF1F2322F7D87D558280CA
:10C3500048415244204641554C54210D00000000F4
:10C3600053797374656D436C6B3A25640D0A000054
:10C370004368697049443A253038780D0A00000056
:10C380005631302E342E36004672656552544F5366
:10C39000204B65726E656C2056657273696F6E3ADC
:10C3A00025730D0A00000000322E312E33000000EC
:10C3B0004C7749502056657273696F6E3A25730D3C
:10C3C0000A0000006E6574636F6E6600535441434B
:10C3D0004B204F564552464C4F573A2025730D0A75
:10C3E000000000006D626F782066657463682066E7
:10C3F00061696C65640000006D626F7820213D20EA
:10C400004E554C4C0000000073697A65203E203088
:10C41000000000006D626F782D3E6D627820213D36
:10C42000204E554C4C0000006D626F7820706F7389
:10C4300074206661696C6564000000006D626F784D
:10C4400020747279706F7374206661696C65640022
:10C450006D757465782D3E6D757420213D204E55A7
:10C460004C4C00006661696C656420746F207461D7
:10C470006B6520746865206D757465780000000038
:10C480006D7574657820213D204E554C4C000000A0
:10C49000417373657274696F6E206661696C65645F
:10C4A0003A2025730D0A00006661696C656420748A
:10C4B0006F206769766520746865206D757465788E
:10C4C00000000000696E76616C69642073746163BA
:10C4D0006B73697A650000007461736B2063726529
:10C4E0006174696F6E206661696C656400000000AC
:10C4F0006E6574696620213D204E554C4C0000004D
:10C500002E2E2F4C5749505F504F52542F65746850
:10C5100065726E657469662E630000006572722034
:10C520006174206C696E65202564206F66206669E1
:10C530006C6520222573222E200D0A2000000000A9
:10C540006C6F63616C74696D650000006E65746981
:10C55000665F616464206661696C65643A20256485
:10C560000D0A0000426F6172642049503A20257321
:10C570000D0A0000426F617264204D41433A20254C
:10C580003032783A253032783A253032783A2530D0
:10C5900032783A253032783A253032780D0A000068
:10C5A0006E657469660000006E657469662074616A
:10C5B000736B20637265617465206661696C656484
:10C5C0000D0000004C77495020696E697420646F3B
:10C5D0006E650D004C696E6B2075700D00000000DB
:10C5E0004C696E6B20646F776E0D00006E65746928
:10C5F000662D3E6877616464725F6C656E206D7550
:10C600007374206265203620666F722065746865D9
:10C61000726E65745F6F7574707574210000000030
:10C62000646863705F62696E643A206E65746966FF
:10C6300020213D204E554C4C000000006468637082
:10C640005F62696E643A206468637020213D204E09
:10C65000554C4C00646863705F6372656174655F1C
:10C660006D73673A206E6574696620213D204E55D2
:10C670004C4C0000646863705F6372656174655F51
:10C680006D73673A206468637020213D204E554CDD
:10C690004C000000646863705F6372656174655F7D
:10C6A0006D73673A20636865636B207468617420FA
:10C6B000666972737420706275662063616E2068AB
:10C6C0006F6C642073747275637420646863705F48
:10C6D0006D736700646863705F7063625F72656644
:10C6E000636F756E7428293A20726566636F756E84
:10C6F00074206572726F7200646863705F696E6344
:10C700005F7063625F726566636F756E7428293A45
:10C71000206D656D6F7279206C65616B00000000A3
:10C72000696E76616C696420646863702D3E737411
:10C7300061746500646863705F6F7074696F6E3AEE
:10C74000206F7074696F6E735F6F75745F6C656E68
:10C75000202B2032202B206F7074696F6E5F6C6508
:10C760006E203C3D20444843505F4F5054494F4E4B
:10C77000535F4C454E000000646863705F6F7074D7
:10C78000696F6E5F627974653A206F7074696F6E5D
:10C79000735F6F75745F6C656E203C204448435036
:10C7A0005F4F5054494F4E535F4C454E00000000C0
:10C7B000646863705F6F7074696F6E5F6C6F6E67D3
:10C7C0003A206F7074696F6E735F6F75745F6C651C
:10C7D0006E202B2034203C3D20444843505F4F5076
:10C7E00054494F4E535F4C454E00000064686370DF
:10C7F0005F6F7074696F6E5F73686F72743A206FE9
:10C800007074696F6E735F6F75745F6C656E202BEB
:10C810002032203C3D20444843505F4F5054494F04
:10C820004E535F4C454E0000636865636B20646542
:10C83000636F64655F69647800000000646863701A
:10C840005F73656C6563743A206E65746966202158
:10C850003D204E554C4C0000646863705F73656CFE
:10C860006563743A206468637020213D204E554C06
:10C870004C0000006468637020213D204E554C4CF4
:10C88000000000006E6574696620616C7265616409
:10C8900079206861732061207374727563742064F9
:10C8A00068637020736574006E65746966206973CF
:10C8B000206E6F742075702C206F6C6420737479F7
:10C8C0006C6520706F72743F000000006172705FD1
:10C8D0007461626C655B695D2E71203D3D204E5533
:10C8E0004C4C00006172705F7461626C655B695DE5
:10C8F0002E7374617465203D3D204554484152506B
:10C900005F53544154455F454D5054590000000059
:10C91000722D3E7020213D204E554C4C00000000F1
:10C9200069706164647220213D204E554C4C0000BA
:10C930006574685F72657420213D204E554C4C0033
:10C940006E657469662D3E6877616464725F6C65BC
:10C950006E203D3D204554485F4857414444525F56
:10C960004C454E007120213D204E554C4C0000009E
:10C970006172705F7461626C655B6172705F696443
:10C98000785D2E7374617465203E3D2045544841A6
:10C9900052505F53544154455F535441424C4500FB
:10C9A00074797065206F766572666C6F7700000031
:10C9B0006E6F207061636B6574207175657565734A
:10C9C00020616C6C6F7765642100000063686563AB
:10C9D0006B2074686174206669727374207062756C
:10C9E000662063616E20686F6C6420737472756377
:10C9F00074206574686172705F6864720000000082
:10CA00006E657469662D3E6877616464725F6C65FB
:10CA10006E206D7573742062652074686520736183
:10CA20006D65206173204554485F48574144445226
:10CA30005F4C454E20666F7220657468617270218C
:10CA400000000000636865636B2074686174206691
:10CA50006972737420706275662063616E20686FFE
:10CA60006C642069636D70206D6573736167650028
:10CA700069636D705F696E7075743A206D6F766969
:10CA80006E6720722D3E7061796C6F616420746FE7
:10CA90002069636D702068656164657220666169F4
:10CAA0006C65640A0000000069636D705F696E70F8
:10CAB00075743A20726573746F72696E67206F7255
:10CAC0006967696E616C20702D3E7061796C6F6171
:10CAD00064206661696C65640A000000702D3E7216
:10CAE0006566203D3D203100636865636B20746896
:10CAF0006174206669727374207062756620636168
:10CB00006E20686F6C642073747275637420697032
:10CB10005F686472000000006D656D5F6672656538
:10CB20003A2073616E69747920636865636B206174
:10CB30006C69676E6D656E74000000006D656D5FF9
:10CB4000667265653A20696C6C6567616C206D651D
:10CB50006D6F7279000000006D656D5F66726565CE
:10CB60003A20696C6C6567616C206D656D6F7279D8
:10CB70003A20646F75626C6520667265650000001E
:10CB80006D656D5F667265653A20696C6C6567619D
:10CB90006C206D656D6F72793A206E6F6E2D6C69C9
:10CBA0006E6B65643A20646F75626C6520667265B1
:10CBB00065000000706C75675F686F6C65733A2084
:10CBC0006D656D203E3D2072616D0000706C756773
:10CBD0005F686F6C65733A206D656D203C207261F3
:10CBE0006D5F656E640000006661696C6564207449
:10CBF0006F20637265617465206D656D5F6D75741E
:10CC0000657800006D656D5F6D616C6C6F633A20D7
:10CC1000216C667265652D3E7573656400000000C9
:10CC20006D656D5F6D616C6C6F633A20616C6C6FEC
:10CC30006361746564206D656D6F7279206E6F74C9
:10CC40002061626F76652072616D5F656E642E0093
:10CC50006D656D5F6D616C6C6F633A20616C6C6FBC
:10CC60006361746564206D656D6F72792070726F99
:10CC70007065726C7920616C69676E65642E000066
:10CC80006D656D5F7472696D3A206C6567616C20CB
:10CC90006D656D6F727900006D656D5F7472696DA1
:10CCA0002063616E206F6E6C7920736872696E6BA1
:10CCB000206D656D6F727900696E76616C696420B4
:10CCC0006E65787420707472000000006D656D7080
:10CCD0005F6D616C6C6F633A206D656D7020707272
:10CCE0006F7065726C7920616C69676E65640000B5
:10CCF00064CE000008000C00D41B002018010020A6
:10CD000098CE000010000600381C00201C010020F6
:10CD100090CE0000280006009C1C0020200100206E
:10CD200048CE000010000A00343200202401002008
:10CD30003CCE000010020A00901D002028010020B7
:10CD400058CE000010000C00D83200202C0100202A
:10CD500080CE0000100008009C330020300100202D
:10CD600070CE000010000C002034002034010020A0
:10CD7000B8CE0000A00006002835002038010020B1
:10CD8000A8CE000020000200E43400203C01002076
:10CD9000A0CE000014000C00EC3800204001002060
:10CDA000C0CE000020000600E03900204401002031
:10CDB0006D656D705F667265653A20747970652087
:10CDC0003C204D454D505F4D415800006D656D70E4
:10CDD0005F667265653A206D656D2070726F706573
:10CDE000726C7920616C69676E6564006D656D7049
:10CDF0005F6D616C6C6F633A2074797065203C20C4
:10CE00004D454D505F4D415800000000A0CD000041
:10CE100070CD000080CD000090CD000000CD00005E
:10CE200010CD000050CD000060CD0000F0CC00001F
:10CE300040CD000020CD000030CD000050425546CE
:10CE40005F504F4F4C000000504255465F524546E0
:10CE50002F524F4D000000005359535F54494D4528
:10CE60004F5554004152505F515545554500000003
:10CE700054435049505F4D53475F494E504B540007
:10CE800054435049505F4D53475F415049000000A3
:10CE90004E4554434F4E4E004E45544255460000B9
:10CEA0005443505F534547005443505F5043425FE3
:10CEB0004C495354454E00005443505F5043420088
:10CEC0005544505F504342006E657469665F61640B
:10CED000643A20696E76616C6964206E6574696677
:10CEE000000000006E657469665F6164643A204EFC
:10CEF0006F20696E69742066756E6374696F6E2049
:10CF0000676976656E0000006E6574696620616C05
:10CF1000726561647920616464656400746F6F2078
:10CF20006D616E79206E65746966732C206D617811
:10CF30002E20737570706F72746564206E756D62EB
:10CF4000657220697320323535000000696E7661A4
:10CF50006C696420706F696E746572006E657469C7
:10CF6000665F69737375655F7265706F7274733A2B
:10CF700020696E76616C6964206E65746966000074
:10CF80006E657469665F7365745F6C696E6B5F6410
:10CF90006F776E3A20696E76616C6964206E657495
:10CFA000696600006E657469665F7365745F6C69BD
:10CFB0006E6B5F75703A20696E76616C6964206E85
:10CFC00065746966000000006E657469665F73656C
:10CFD000745F75703A20696E76616C6964206E6565
:10CFE00074696600504255465F504F4F4C5F425542
:10CFF0004653495A45206D757374206265206269F5
:10D0000067676572207468616E204D454D5F414CC5
:10D0100049474E4D454E5400706275665F616C6CB9
:10D020006F633A206572726F6E656F7573207479E5
:10D0300070650000696E76616C6964207062756667
:10D040005F74797065000000286820213D204E55EE
:10D050004C4C2920262620287420213D204E554C5A
:10D060004C29202870726F6772616D6D6572207631
:10D07000696F6C617465732041504929000000009C
:10D08000702D3E746F745F6C656E203D3D20702D79
:10D090003E6C656E20286F66206C61737420706230
:10D0A000756620696E20636861696E290000000062
:10D0B000706275665F636F7079206661696C656424
:10D0C00000000000706275665F636F70793A2069D6
:10D0D0006E76616C696420736F7572636500000021
:10D0E000706275665F636F70795F70617274696199
:10D0F0006C3A20696E76616C696420627566000026
:10D10000706275665F636F70795F70617274696178
:10D110006C3A20696E76616C696420646174617038
:10D1200074720000706275665F636F70795F706122
:10D13000727469616C5F706275663A20636F7079B2
:10D140005F6C656E20626967676572207468616EE6
:10D1500020736F7572636500706275665F636F70D0
:10D16000795F7061727469616C5F706275663A2094
:10D17000746172676574206E6F74206269672065E0
:10D180006E6F7567680000006F66667365745F7424
:10D190006F203C3D20705F746F2D3E6C656E00000B
:10D1A0006F66667365745F66726F6D203C3D2070BC
:10D1B0005F66726F6D2D3E6C656E0000705F66720B
:10D1C0006F6D20213D204E554C4C0000705F746FF8
:10D1D00020213D204E554C4C0000000070627566C9
:10D1E0005F636F70795F7061727469616C5F7062A8
:10D1F0007566282920646F6573206E6F7420616CDA
:10D200006C6F77207061636B6574207175657565EF
:10D2100073210000706275665F667265653A207002
:10D220002D3E726566203E2030000000696E7661FA
:10D230006C69642070627566207479706500000006
:10D24000706275665F7265616C6C6F633A20702006
:10D25000213D204E554C4C00706275665F726561D1
:10D260006C6C6F633A207120213D204E554C4C0070
:10D270006D656D5F7472696D2072657475726E652F
:10D28000642071203D3D204E554C4C007062756607
:10D2900020726566206F766572666C6F770000009D
:10D2A000696E6372656D656E745F6D61676E6974DA
:10D2B000756465203C3D20702D3E6C656E0000005D
:10D2C000706275665F74616B653A20696E76616C39
:10D2D0006964206275660000706275665F74616BD8
:10D2E000653A20696E76616C69642064617461706E
:10D2F00074720000706275665F74616B653A2062DB
:10D300007566206E6F74206C6172676520656E6F44
:10D3100075676800706275665F74616B653A206955
:10D320006E76616C69642070627566006469642061
:10D330006E6F7420636F707920616C6C206461740F
:10D34000610000007463705F6162616E646F6E3AC9
:10D3500020696E76616C6964207063620000000071
:10D36000646F6E27742063616C6C207463705F61FE
:10D37000626F72742F7463705F6162616E646F6E4E
:10D3800020666F72206C697374656E2D70636273B2
:10D39000000000000102030405060707070707074E
:10D3A000070000007463705F636C6F73653A2069F7
:10D3B0006E76616C69642070636200007463705FF4
:10D3C000636C6F73655F73687574646F776E3A2012
:10D3D000696E76616C696420706362007063622DAF
:10D3E0003E666C61677320262054465F5258434C5A
:10D3F0004F534544000000007463705F66726565BA
:10D400005F6C697374656E3A20214C495354454EE4
:10D410000000000070636220213D204E554C4C00FE
:10D420007463705F6566665F73656E645F6D73736A
:10D430005F6E657469663A20696E76616C69642016
:10D440006473745F697000007463705F6672656511
:10D450003A204C495354454E000000007463705FFD
:10D460006E657469665F69705F616464725F63684A
:10D47000616E6765645F7063626C6973743A20699A
:10D480006E76616C6964206F6C645F6164647200C5
:10D490007463705F6E6578745F6973733A20696E48
:10D4A00076616C6964207063620000006001002096
:10D4B0005C010020540100206C0100207463705F47
:10D4C0007063625F70757267653A20696E76616C31
:10D4D00069642070636200007463705F7063625FF0
:10D4E00072656D6F76653A20696E76616C6964204D
:10D4F000706362007463705F7063625F72656D6F0A
:10D5000076653A20696E76616C6964207063626C3E
:10D5100069737400756E73656E74207365676D65ED
:10D520006E7473206C65616B696E6700756E616304
:10D530006B6564207365676D656E7473206C6561DF
:10D540006B696E67000000006F6F73657120736513
:10D55000676D656E7473206C65616B696E67000042
:10D560007463705F70726F636573735F7265667505
:10D570007365645F646174613A20696E76616C6999
:10D5800064207063620000007463705F726563768C
:10D590005F6E756C6C3A20696E76616C69642070A0
:10D5A000636200007463705F7265637665643A203D
:10D5B000696E76616C69642070636200646F6E27C7
:10D5C000742063616C6C207463705F726563766550
:10D5D0006420666F72206C697374656E2D7063626F
:10D5E000730000007463705F7365675F636F7079C9
:10D5F0003A20696E76616C6964207365670000008B
:10D600007463705F736C6F77746D723A20616374CA
:10D61000697665207063622D3E73746174652021A4
:10D620003D20434C4F5345440A0000007463705F33
:10D63000736C6F77746D723A2061637469766520DC
:10D640007063622D3E737461746520213D204C49E6
:10D650005354454E0A0000007463705F736C6F771B
:10D66000746D723A20616374697665207063622D0F
:10D670003E737461746520213D2054494D452D57FA
:10D680004149540A000000007463705F736C6F7747
:10D6900074696D723A20706572736973742074696D
:10D6A000636B696E67207769746820696E2D666C9C
:10D6B0006967687420646174610000007463705F5E
:10D6C000736C6F7774696D723A20706572736973E9
:10D6D00074207469636B696E67207769746820656C
:10D6E0006D7074792073656E64206275666665720C
:10D6F000000000007463705F736C6F77746D723A32
:10D70000206D6964646C652074637020213D207411
:10D7100063705F6163746976655F70636273000054
:10D720007463705F736C6F77746D723A20666972A0
:10D73000737420706362203D3D207463705F616389
:10D74000746976655F706362730000007463705F74
:10D75000736C6F77746D723A2054494D452D574163
:10D760004954207063622D3E7374617465203D3DA1
:10D770002054494D452D5741495400007463705F52
:10D78000736C6F77746D723A206D6964646C652098
:10D7900074637020213D207463705F74775F7063E1
:10D7A000627300007463705F736C6F77746D723AAC
:10D7B00020666972737420706362203D3D2074633B
:10D7C000705F74775F706362730000007463705FF2
:10D7D0007570646174655F7263765F616E6E5F77AA
:10D7E0006E643A20696E76616C69642070636200D1
:10D7F0006E65775F7263765F616E6E5F776E6420D1
:10D800003C3D20307866666666000000406C000093
:10D81000966D0000A66E0000AE6E00004C6F00001A
:10D82000A66E0000806F0000BA6F00007063622D6A
:10D830003E736E645F71756575656C656E203E3D07
:10D8400020706275665F636C656E286E6578742DF6
:10D850003E7029007463705F726563656976653A2E
:10D860002076616C6964207175657565206C656EE4
:10D87000677468007463705F696E7075743A2069CC
:10D880006E76616C6964207062756600702D3E6E04
:10D8900065787420213D204E554C4C00702D3E6C17
:10D8A000656E203D3D203000702D3E746F745F6CBE
:10D8B000656E203D3D20702D3E6E6578742D3E7462
:10D8C0006F745F6C656E00007463705F696E707575
:10D8D000743A20616374697665207063622D3E73CB
:10D8E0007461746520213D20434C4F534544000032
:10D8F0007463705F696E7075743A206163746976E1
:10D9000065207063622D3E737461746520213D2033
:10D9100054494D452D574149540000007463705FD0
:10D92000696E7075743A20616374697665207063FE
:10D93000622D3E737461746520213D204C4953541F
:10D94000454E00007463705F696E7075743A2070A4
:10D9500063622D3E6E65787420213D2070636220E5
:10D96000286265666F7265206361636865290000DF
:10D970007463705F696E7075743A207063622D3ED7
:10D980006E65787420213D20706362202861667482
:10D990006572206361636865290000007463705FCD
:10D9A000696E7075743A2054494D452D574149545C
:10D9B000207063622D3E7374617465203D3D205478
:10D9C000494D452D57414954000000007463705F74
:10D9D000696E7075743A207063622D3E7374617461
:10D9E0006520213D20434C4F534544007063622D18
:10D9F0003E736E645F71756575656C656E203E2063
:10DA0000300000006E6F207365676D656E74207462
:10DA10006F206672656500007063622D3E6C6973ED
:10DA200074656E65722D3E61636365707420213D7F
:10DA3000204E554C4C0000007063622D3E726566AE
:10DA4000757365645F64617461203D3D204E554C83
:10DA50004C0000007463705F696E7075745F64657C
:10DA60006C617965645F636C6F73653A20696E768B
:10DA7000616C696420706362000000007463705F11
:10DA80006F6F735F696E736572745F7365676D65E1
:10DA90006E743A20696E76616C69642063736567A1
:10DAA000000000007463705F70617273656F707462
:10DAB0003A20696E76616C696420706362000000D0
:10DAC0007463705F726563656976653A20696E7626
:10DAD000616C696420706362000000007463705FB1
:10DAE000726563656976653A2077726F6E67207339
:10DAF0007461746500000000696E7365672E7020A4
:10DB0000213D204E554C4C00696E73616E65206F4F
:10DB100066667365742100007062756620746F6FAD
:10DB20002073686F727421007463705F726563653F
:10DB30006976653A207365676D656E74206E6F74E3
:10DB4000207472696D6D656420636F7272656374B1
:10DB50006C7920746F207263765F776E640A0000C0
:10DB60007463705F726563656976653A2073656793
:10DB70006D656E74206E6F74207472696D6D65646E
:10DB800020636F72726563746C7920746F206F6F9D
:10DB90007365712071756575650A00007463705F47
:10DBA000726563656976653A207463706C656E2092
:10DBB0003E207263765F776E640A00007463705F64
:10DBC000726563656976653A206F6F73657120745D
:10DBD00063706C656E203E207263765F776E640AB8
:10DBE000000000007463705F6372656174655F7349
:10DBF00065676D656E743A20696E76616C69642044
:10DC0000706362007463705F6372656174655F73F3
:10DC100065676D656E743A20696E76616C69642023
:10DC20007062756600000000702D3E746F745F6C4A
:10DC3000656E203E3D206F70746C656E00000000C4
:10DC40007463705F656E71756575655F666C61673D
:10DC5000733A206E65656420656974686572205446
:10DC600043505F53594E206F72205443505F4649D2
:10DC70004E20696E20666C616773202870726F6732
:10DC800072616D6D65722076696F6C617465732069
:10DC900041504929000000007463705F656E717522
:10DCA0006575655F666C6167733A20696E76616C55
:10DCB00069642070636200007463705F656E7175E3
:10DCC0006575655F666C6167733A20636865636B51
:10DCD000207468617420666972737420706275665E
:10DCE0002063616E20686F6C64206F70746C656E69
:10DCF000000000007365672D3E74637068647220D5
:10DD00006E6F7420616C69676E6564007463705F28
:10DD1000656E71756575655F666C6167733A2069DC
:10DD20006E76616C6964207365676D656E74206CD6
:10DD3000656E6774680000007463705F656E71756E
:10DD40006575655F666C6167733A20696E76616CB4
:10DD50006964207175657565206C656E677468000F
:10DD60007463705F6B656570616C6976653A206994
:10DD70006E76616C69642070636200007463705F2A
:10DD80006F75747075743A20696E76616C69642081
:10DD900070636200646F6E27742063616C6C207422
:10DDA00063705F6F757470757420666F72206C6934
:10DDB0007374656E2D7063627300000052535420BB
:10DDC0006E6F742065787065637465642068657231
:10DDD000652100006F7074696F6E73206E6F742020
:10DDE00066696C6C656400007463705F6F75747055
:10DDF00075745F616C6C6F635F6865616465723ACE
:10DE000020696E76616C69642070636200000000B6
:10DE1000636865636B2074686174206669727374EB
:10DE200020706275662063616E20686F6C64207379
:10DE30007472756374207463705F686472000000AC
:10DE40007463705F6F75747075745F636F6E7472F6
:10DE50006F6C5F7365676D656E743A20696E76618D
:10DE60006C69642070627566000000007463705F06
:10DE70006F75747075745F66696C6C5F6F707469D0
:10DE80006F6E733A20696E76616C6964207062759A
:10DE9000660000007463705F6F75747075745F73F3
:10DEA00065676D656E745F627573793A20696E7629
:10DEB000616C696420736567000000007463705FC3
:10DEC0007265786D69743A20696E76616C69642058
:10DED000706362007463705F7265786D69745F6609
:10DEE0006173743A20696E76616C69642070636254
:10DEF000000000007463705F7265786D69745F7212
:10DF0000746F3A20696E76616C6964207063620098
:10DF10007463705F7265786D69745F72746F5F634C
:10DF20006F6D6D69743A20696E76616C69642070FA
:10DF3000636200007463705F7265786D69745F720C
:10DF4000746F5F707265706172653A20696E766198
:10DF50006C696420706362007463705F7273743AFA
:10DF600020696E76616C6964206C6F63616C5F69B7
:10DF7000700000007463705F7273743A20696E768B
:10DF8000616C69642072656D6F74655F6970000013
:10DF90007463705F73656E645F656D7074795F61E3
:10DFA000636B3A20696E76616C696420706362000D
:10DFB0007463705F73656E645F66696E3A20696E44
:10DFC00076616C6964207063620000007463705F46
:10DFD00073706C69745F756E73656E745F7365677B
:10DFE0003A20696E76616C6964207063620000009B
:10DFF00043616E27742073706C6974207365676D5C
:10E00000656E7420696E746F206C656E677468202D
:10E010003000000073706C6974203C3D206D737398
:10E0200000000000757365672D3E6C656E203E2014
:10E03000300000007463705F7A65726F5F77696E9D
:10E04000646F775F70726F62653A20696E76616C9B
:10E050006964207063620000FA0000000C5900003F
:10E06000E8030000262D000060EA0000E62600001C
:10E07000F40100006828000054696D656F75742014
:10E0800074696D6520746F6F206C6F6E672C206DE6
:10E090006178206973204C5749505F55494E54337D
:10E0A000325F4D41582F34206D736563730000005B
:10E0B0007379735F74696D656F75743A2074696DF7
:10E0C000656F757420213D204E554C4C2C20706F8F
:10E0D0006F6C204D454D505F5359535F54494D452A
:10E0E0004F555420697320656D70747900000000ED
:10E0F0007564705F62696E643A20696E76616C69FE
:10E1000064207063620000007564705F636F6E6E00
:10E110006563743A20696E76616C6964207063622D
:10E12000000000007564705F636F6E6E6563743A23
:10E1300020696E76616C6964206970616464720044
:10E140007564705F696E7075743A20696E76616C83
:10E1500069642070627566007564705F696E7075C1
:10E16000743A20696E76616C6964206E65746966C4
:10E1700000000000706275665F72656D6F76655FA6
:10E18000686561646572206661696C65640A000097
:10E190007564705F726563763A20696E76616C694A
:10E1A00064207063620000007564705F72656D6F5B
:10E1B00076653A20696E76616C69642070636200EE
:10E1C0007564705F73656E64746F5F69663A206929
:10E1D0006E76616C69642070636200007564705FC4
:10E1E00073656E64746F5F69663A20696E76616C00
:10E1F00069642070627566007564705F73656E6433
:10E20000746F5F69663A20696E76616C6964206438
:10E2100073745F69700000007564705F73656E648D
:10E22000746F5F69663A20696E76616C6964206E0E
:10E2300065746966000000007564705F73656E64E4
:10E24000746F5F69665F7372633A20696E76616CA2
:10E2500069642070636200007564705F73656E644A
:10E26000746F5F69665F7372633A20696E76616C82
:10E2700069642070627566007564705F73656E64B2
:10E28000746F5F69665F7372633A20696E76616C62
:10E290006964206473745F69700000007564705F66
:10E2A00073656E64746F5F69665F7372633A206949
:10E2B0006E76616C6964207372635F697000000040
:10E2C0007564705F73656E64746F5F69665F7372A7
:10E2D000633A20696E76616C6964206E6574696664
:10E2E00000000000636865636B20746861742066D9
:10E2F0006972737420706275662063616E20686F46
:10E300006C6420737472756374207564705F6864E4
:10E3100072000000468900006089000070890000DA
:10E320007A890000828900006661696C65642074E6
:10E330006F206372656174652074637069705F74C7
:10E340006872656164206D626F7800006661696C57
:10E35000656420746F20637265617465206C6F63FF
:10E360006B5F74637069705F636F726500000000BB
:10E3700074637069705F74687265616400000000A6
:10E38000496E76616C6964206D626F7800000000F0
:10E3900074637069705F7468726561643A20696E55
:10E3A00076616C6964206D65737361676500000058
:10E3B0002E2E2F4672656552544F532F706F727414
:10E3C00061626C652F4D656D4D616E672F6865618B
:10E3D000705F342E630000002E2E2F46726565524A
:10E3E000544F532F706F727461626C652F474343B3
:10E3F0002F524953432D562F706F72742E630000B5
:10E400002E2E2F4672656552544F532F71756575C8
:10E41000652E63002E2E2F4672656552544F532F82
:10E420007461736B732E630049444C450000000017
:10E43000D8A80000D8A800001CA9000028A9000046
:10E440006AA90000D8A80000D8A800001CA90000F4
:10E4500028A90000546D7251000000002E2E2F4696
:10E4600072656552544F532F74696D6572732E63D4
:10E4700000000000546D722053766300000000001D
:10E48000000000000000000000000000000000008C
:10E49000000000000000000000000000000000007C
:10E4A000000000000000000000000000000000006C
:10E4B000000000000000000000000000000000005C
:10E4C000000000000000000000000000000000004C
:10E4D000000000000000000000000000232D302B91
:10E4E00020000000686C4C006566674546470000E8
:10E4F000303132333435363738394142434445467A
:10E50000000000003031323334353637383961623B
:08E51000636465660000000071
:10E5180000000000000000000102030406070809CB
:10E5280000000000010203040102030406070809B1
:10E53800000000009CE40000BCE400007CE4000053
:10E5480000000000000000000000000000000000C3
:10E5580000000000000000000000000000000000B3
:10E5680000000000000000000000000000000000A3
:10E578000000000000000000000000000000000093
:10E588000000000000000000000000000000000083
:10E5980000449508020406086E19000000C000C077
:10E5A800AAAAAAAA0E000000CCA0002020000020E1
:10E5B800FFFFFFFFFFFF0000000000000000000059
:10E5C80001031C0000000000FFFFFFFF03060C18FA
:10E5D80030607800000001202000002000000000CA
:00000001FF
